ISO-10303-21;
HEADER;
FILE_DESCRIPTION (( 'STEP AP214' ),
    '1' );
FILE_NAME ('LTC3245MPMSE#PBF.STEP',
    '2025-11-21T22:28:38',
    ( '' ),
    ( '' ),
    'SwSTEP 2.0',
    'SolidWorks 2021',
    '' );
FILE_SCHEMA (( 'AUTOMOTIVE_DESIGN' ));
ENDSEC;

DATA;
#1 = ORIENTED_EDGE ( 'NONE', *, *, #4619, .T. ) ;
#2 = EDGE_CURVE ( 'NONE', #5297, #5939, #224, .T. ) ;
#3 = ORIENTED_EDGE ( 'NONE', *, *, #2090, .T. ) ;
#4 = CARTESIAN_POINT ( 'NONE',  ( 2.450000000000000178, 0.1797533162558100084, -0.1750000000000002387 ) ) ;
#5 =( LENGTH_UNIT ( ) NAMED_UNIT ( * ) SI_UNIT ( .MILLI., .METRE. ) );
#6 = FACE_OUTER_BOUND ( 'NONE', #6831, .T. ) ;
#7 = DIRECTION ( 'NONE',  ( -3.925976682163069868E-16, -1.000000000000000000, 0.000000000000000000 ) ) ;
#8 = CARTESIAN_POINT ( 'NONE',  ( 2.097265395542184940, 0.2852566719800452844, 0.4749999999999997558 ) ) ;
#9 = CARTESIAN_POINT ( 'NONE',  ( 1.886577241033764230, 0.4435498852866788799, -1.125000000000000222 ) ) ;
#10 = EDGE_CURVE ( 'NONE', #6063, #3915, #2839, .T. ) ;
#11 = AXIS2_PLACEMENT_3D ( 'NONE', #3029, #2549, #5232 ) ;
#12 = ORIENTED_EDGE ( 'NONE', *, *, #706, .F. ) ;
#13 = VERTEX_POINT ( 'NONE', #3982 ) ;
#14 = ADVANCED_FACE ( 'NONE', ( #6795 ), #2423, .F. ) ;
#15 = FACE_OUTER_BOUND ( 'NONE', #1318, .T. ) ;
#16 = LINE ( 'NONE', #6115, #5303 ) ;
#17 = CARTESIAN_POINT ( 'NONE',  ( -2.207681502606056778, 0.3047260107602003942, -0.1750000000000002387 ) ) ;
#18 = AXIS2_PLACEMENT_3D ( 'NONE', #5673, #2358, #6872 ) ;
#19 = ORIENTED_EDGE ( 'NONE', *, *, #5974, .T. ) ;
#20 = CARTESIAN_POINT ( 'NONE',  ( -1.150000000000001021, 1.100000000000000089, -1.494500000000007489 ) ) ;
#21 = PLANE ( 'NONE',  #1156 ) ;
#22 = ORIENTED_EDGE ( 'NONE', *, *, #5917, .T. ) ;
#23 = ADVANCED_FACE ( 'NONE', ( #5627 ), #190, .F. ) ;
#24 = ADVANCED_FACE ( 'NONE', ( #6137 ), #5039, .F. ) ;
#25 = EDGE_CURVE ( 'NONE', #2490, #6250, #1952, .T. ) ;
#26 = CARTESIAN_POINT ( 'NONE',  ( -1.776161133969892392, 0.4240805465065236035, -0.4750000000000001443 ) ) ;
#27 = VERTEX_POINT ( 'NONE', #2021 ) ;
#28 = FILL_AREA_STYLE_COLOUR ( '', #4758 ) ;
#29 = AXIS2_PLACEMENT_3D ( 'NONE', #4807, #300, #3581 ) ;
#30 = ORIENTED_EDGE ( 'NONE', *, *, #3546, .F. ) ;
#31 = DIRECTION ( 'NONE',  ( 1.000000000000000000, 0.000000000000000000, 0.000000000000000000 ) ) ;
#32 = VERTEX_POINT ( 'NONE', #3085 ) ;
#33 = VECTOR ( 'NONE', #3939, 1000.000000000000000 ) ;
#34 = ADVANCED_FACE ( 'NONE', ( #3654 ), #4780, .T. ) ;
#35 = LINE ( 'NONE', #1201, #3119 ) ;
#36 = EDGE_CURVE ( 'NONE', #1818, #6649, #6394, .T. ) ;
#37 = DIRECTION ( 'NONE',  ( -1.000000000000000000, -3.925976682163069868E-16, 0.000000000000000000 ) ) ;
#38 = CIRCLE ( 'NONE', #5948, 0.2921194534934677955 ) ;
#39 = VECTOR ( 'NONE', #1206, 1000.000000000000000 ) ;
#40 = ORIENTED_EDGE ( 'NONE', *, *, #172, .T. ) ;
#41 = DIRECTION ( 'NONE',  ( 0.000000000000000000, 0.000000000000000000, 1.000000000000000000 ) ) ;
#42 = VECTOR ( 'NONE', #5752, 1000.000000000000000 ) ;
#43 = ORIENTED_EDGE ( 'NONE', *, *, #4968, .F. ) ;
#44 = DIRECTION ( 'NONE',  ( 0.000000000000000000, 0.000000000000000000, 1.000000000000000000 ) ) ;
#45 = CARTESIAN_POINT ( 'NONE',  ( -0.7055000000000000160, 0.1523999999999999799, -1.422500000000000320 ) ) ;
#46 = VECTOR ( 'NONE', #3729, 1000.000000000000000 ) ;
#47 = ORIENTED_EDGE ( 'NONE', *, *, #3767, .F. ) ;
#48 = CARTESIAN_POINT ( 'NONE',  ( 2.097265395542184940, 0.2852566719800452844, -1.125000000000000222 ) ) ;
#49 = SURFACE_SIDE_STYLE ('',( #743 ) ) ;
#50 = DIRECTION ( 'NONE',  ( 1.000000000000000000, 0.000000000000000000, 0.000000000000000000 ) ) ;
#51 = DIRECTION ( 'NONE',  ( -0.000000000000000000, -0.000000000000000000, -1.000000000000000000 ) ) ;
#52 = LINE ( 'NONE', #2729, #5604 ) ;
#53 = DIRECTION ( 'NONE',  ( -0.000000000000000000, 1.000000000000000000, -0.000000000000000000 ) ) ;
#54 = EDGE_CURVE ( 'NONE', #7084, #6332, #4740, .T. ) ;
#55 = ORIENTED_EDGE ( 'NONE', *, *, #1594, .F. ) ;
#56 = VERTEX_POINT ( 'NONE', #4701 ) ;
#57 = DIRECTION ( 'NONE',  ( 0.9986295347545742773, 0.05233595624293797821, -0.000000000000000000 ) ) ;
#58 = EDGE_CURVE ( 'NONE', #2905, #3310, #948, .T. ) ;
#59 = DIRECTION ( 'NONE',  ( -0.000000000000000000, -0.000000000000000000, -1.000000000000000000 ) ) ;
#60 = PLANE ( 'NONE',  #7181 ) ;
#61 = DIRECTION ( 'NONE',  ( -0.9986295347545742773, 0.05233595624293797821, 0.000000000000000000 ) ) ;
#62 = CARTESIAN_POINT ( 'NONE',  ( -1.886577241033764230, 0.4435498852866788799, 0.1749999999999998224 ) ) ;
#63 = ORIENTED_EDGE ( 'NONE', *, *, #5789, .T. ) ;
#64 = ORIENTED_EDGE ( 'NONE', *, *, #2227, .T. ) ;
#65 = CARTESIAN_POINT ( 'NONE',  ( -1.500000000000001110, 0.7161999999999915101, 1.124999999999999778 ) ) ;
#66 = ORIENTED_EDGE ( 'NONE', *, *, #2042, .F. ) ;
#67 =( NAMED_UNIT ( * ) PLANE_ANGLE_UNIT ( ) SI_UNIT ( $, .RADIAN. ) );
#68 = ORIENTED_EDGE ( 'NONE', *, *, #2896, .F. ) ;
#69 = DIRECTION ( 'NONE',  ( 0.9986295347545742773, 0.05233595624293797821, -0.000000000000000000 ) ) ;
#70 = VERTEX_POINT ( 'NONE', #3544 ) ;
#71 = EDGE_CURVE ( 'NONE', #5606, #7163, #6530, .T. ) ;
#72 = DIRECTION ( 'NONE',  ( -0.1736481776669336896, 0.9848077530122073542, 0.000000000000000000 ) ) ;
#73 = EDGE_CURVE ( 'NONE', #5102, #114, #5906, .T. ) ;
#74 = ORIENTED_EDGE ( 'NONE', *, *, #7082, .T. ) ;
#75 = VECTOR ( 'NONE', #6409, 1000.000000000000000 ) ;
#76 = CARTESIAN_POINT ( 'NONE',  ( 1.886577241033764230, 0.4435498852866788799, 0.4749999999999997558 ) ) ;
#77 = DIRECTION ( 'NONE',  ( -1.000000000000000000, 3.925976682163069868E-16, 0.000000000000000000 ) ) ;
#78 = EDGE_LOOP ( 'NONE', ( #4959, #7009, #2420, #5269 ) ) ;
#79 = PLANE ( 'NONE',  #3458 ) ;
#80 = CARTESIAN_POINT ( 'NONE',  ( -2.192393151670311457, 0.01300689682525807585, -0.1750000000000002387 ) ) ;
#81 = VERTEX_POINT ( 'NONE', #7076 ) ;
#82 = VECTOR ( 'NONE', #1357, 1000.000000000000000 ) ;
#83 = ORIENTED_EDGE ( 'NONE', *, *, #4157, .T. ) ;
#84 = FACE_OUTER_BOUND ( 'NONE', #182, .T. ) ;
#85 = CARTESIAN_POINT ( 'NONE',  ( 1.886577241033764230, 0.4435498852866788799, -1.775000000000000133 ) ) ;
#86 = FACE_OUTER_BOUND ( 'NONE', #377, .T. ) ;
#87 = CARTESIAN_POINT ( 'NONE',  ( -1.500000000000001110, 0.7161999999999915101, 0.4749999999999997558 ) ) ;
#88 = DIRECTION ( 'NONE',  ( -1.000000000000000000, 0.000000000000000000, 0.000000000000000000 ) ) ;
#89 = CARTESIAN_POINT ( 'NONE',  ( 2.440579527876272081, -9.062316430720066274E-18, 0.4749999999999997558 ) ) ;
#90 = VERTEX_POINT ( 'NONE', #1553 ) ;
#91 = DIRECTION ( 'NONE',  ( -0.05233595624293797127, -0.9986295347545741663, 0.000000000000000000 ) ) ;
#92 = CARTESIAN_POINT ( 'NONE',  ( 1.500000000000001110, 0.5362000000000048949, -0.8250000000000001776 ) ) ;
#93 = DIRECTION ( 'NONE',  ( -0.000000000000000000, -0.000000000000000000, -1.000000000000000000 ) ) ;
#94 = LINE ( 'NONE', #2890, #3824 ) ;
#95 = CARTESIAN_POINT ( 'NONE',  ( -1.776161133969892392, 0.4240805465065236035, 0.8249999999999997335 ) ) ;
#96 = ORIENTED_EDGE ( 'NONE', *, *, #3693, .F. ) ;
#97 = STYLED_ITEM ( 'NONE', ( #3536 ), #1950 ) ;
#98 = CARTESIAN_POINT ( 'NONE',  ( 0.7055000000000003491, 0.2999999999999999889, -1.627456665294731531E-16 ) ) ;
#99 = EDGE_CURVE ( 'NONE', #6897, #6719, #5466, .T. ) ;
#100 = CYLINDRICAL_SURFACE ( 'NONE', #6362, 0.2921194534934677955 ) ;
#101 = CARTESIAN_POINT ( 'NONE',  ( 2.207681502606056778, 0.3047260107602003942, 1.774999999999999689 ) ) ;
#102 = CIRCLE ( 'NONE', #1711, 0.1121194534934814163 ) ;
#103 = ORIENTED_EDGE ( 'NONE', *, *, #2230, .T. ) ;
#104 = FACE_OUTER_BOUND ( 'NONE', #4609, .T. ) ;
#105 = DIRECTION ( 'NONE',  ( -0.1736481776669336896, 0.9848077530122073542, 0.000000000000000000 ) ) ;
#106 = ORIENTED_EDGE ( 'NONE', *, *, #2092, .F. ) ;
#107 = EDGE_CURVE ( 'NONE', #6848, #703, #2425, .T. ) ;
#108 = VECTOR ( 'NONE', #4194, 1000.000000000000000 ) ;
#109 = AXIS2_PLACEMENT_3D ( 'NONE', #4498, #5575, #5091 ) ;
#110 = DIRECTION ( 'NONE',  ( 0.9986295347545742773, 0.05233595624293691656, -0.000000000000000000 ) ) ;
#111 = EDGE_CURVE ( 'NONE', #3815, #4757, #239, .T. ) ;
#112 = ORIENTED_EDGE ( 'NONE', *, *, #6498, .F. ) ;
#113 = CARTESIAN_POINT ( 'NONE',  ( 2.207681502606056778, 0.3047260107602003942, 0.4749999999999997558 ) ) ;
#114 = VERTEX_POINT ( 'NONE', #5430 ) ;
#115 = DIRECTION ( 'NONE',  ( 1.000000000000000000, 0.000000000000000000, 0.000000000000000000 ) ) ;
#116 = VECTOR ( 'NONE', #4013, 999.9999999999998863 ) ;
#117 = EDGE_CURVE ( 'NONE', #1681, #844, #472, .T. ) ;
#118 = ADVANCED_FACE ( 'NONE', ( #4263 ), #4910, .F. ) ;
#119 = ORIENTED_EDGE ( 'NONE', *, *, #6891, .T. ) ;
#120 = AXIS2_PLACEMENT_3D ( 'NONE', #988, #7039, #7108 ) ;
#121 = EDGE_LOOP ( 'NONE', ( #1509, #6117, #2129, #1869 ) ) ;
#122 = AXIS2_PLACEMENT_3D ( 'NONE', #5834, #866, #3677 ) ;
#123 = PLANE ( 'NONE',  #6103 ) ;
#124 =( NAMED_UNIT ( * ) SI_UNIT ( $, .STERADIAN. ) SOLID_ANGLE_UNIT ( ) );
#125 = CARTESIAN_POINT ( 'NONE',  ( -2.192393151670311457, 0.01300689682525818514, 1.474999999999999645 ) ) ;
#126 = CARTESIAN_POINT ( 'NONE',  ( -1.920000000000000373, 0.2540000000000000036, -1.775000000000000133 ) ) ;
#127 = DIRECTION ( 'NONE',  ( 0.9986295347545742773, 0.05233595624293691656, -0.000000000000000000 ) ) ;
#128 = DIRECTION ( 'NONE',  ( -0.000000000000000000, -0.000000000000000000, -1.000000000000000000 ) ) ;
#129 = VECTOR ( 'NONE', #4144, 1000.000000000000114 ) ;
#130 = ORIENTED_EDGE ( 'NONE', *, *, #1440, .T. ) ;
#131 = FACE_OUTER_BOUND ( 'NONE', #78, .T. ) ;
#132 = CARTESIAN_POINT ( 'NONE',  ( 1.499999999999998890, -5.031254416147130648, 2.019499999999993634 ) ) ;
#133 = CARTESIAN_POINT ( 'NONE',  ( -2.207681502606056778, 0.3047260107602003942, -0.1750000000000002387 ) ) ;
#134 = DIRECTION ( 'NONE',  ( 0.000000000000000000, 0.000000000000000000, -1.000000000000000000 ) ) ;
#135 = AXIS2_PLACEMENT_3D ( 'NONE', #1892, #969, #244 ) ;
#136 = CARTESIAN_POINT ( 'NONE',  ( 1.920000000000000373, 0.2540000000000001146, -0.4750000000000001443 ) ) ;
#137 = ORIENTED_EDGE ( 'NONE', *, *, #1100, .F. ) ;
#138 = VECTOR ( 'NONE', #3652, 1000.000000000000000 ) ;
#139 = VECTOR ( 'NONE', #5146, 1000.000000000000000 ) ;
#140 = PLANE ( 'NONE',  #5284 ) ;
#141 = FACE_OUTER_BOUND ( 'NONE', #1924, .T. ) ;
#142 = ORIENTED_EDGE ( 'NONE', *, *, #1533, .T. ) ;
#143 = SURFACE_STYLE_USAGE ( .BOTH. , #211 ) ;
#144 = VERTEX_POINT ( 'NONE', #6495 ) ;
#145 = CARTESIAN_POINT ( 'NONE',  ( 2.192393151670311457, 0.01300689682525807585, 1.124999999999999778 ) ) ;
#146 = EDGE_LOOP ( 'NONE', ( #2095, #5118, #3081, #617 ) ) ;
#147 = EDGE_CURVE ( 'NONE', #2221, #5271, #2122, .T. ) ;
#148 = VECTOR ( 'NONE', #1720, 1000.000000000000000 ) ;
#149 = CARTESIAN_POINT ( 'NONE',  ( 2.201813623794039998, 0.1927602130810683878, 1.774999999999999689 ) ) ;
#150 = ORIENTED_EDGE ( 'NONE', *, *, #2622, .F. ) ;
#151 = EDGE_CURVE ( 'NONE', #4181, #3815, #4331, .T. ) ;
#152 = FACE_OUTER_BOUND ( 'NONE', #3860, .T. ) ;
#153 = VERTEX_POINT ( 'NONE', #3940 ) ;
#154 = ORIENTED_EDGE ( 'NONE', *, *, #3697, .T. ) ;
#155 = CARTESIAN_POINT ( 'NONE',  ( -1.776161133969892392, 0.4240805465065236035, 1.474999999999999645 ) ) ;
#156 = COLOUR_RGB ( '',0.7921568627450980005, 0.8196078431372548767, 0.9333333333333333481 ) ;
#157 = VECTOR ( 'NONE', #2449, 1000.000000000000000 ) ;
#158 = ORIENTED_EDGE ( 'NONE', *, *, #1269, .F. ) ;
#159 = VERTEX_POINT ( 'NONE', #3901 ) ;
#160 = VECTOR ( 'NONE', #6446, 1000.000000000000000 ) ;
#161 = CARTESIAN_POINT ( 'NONE',  ( 0.8255000000000001226, 0.1523999999999999799, -1.302500000000000213 ) ) ;
#162 = DIRECTION ( 'NONE',  ( -1.000000000000000000, 0.000000000000000000, 0.000000000000000000 ) ) ;
#163 = EDGE_CURVE ( 'NONE', #4275, #1161, #4544, .T. ) ;
#164 = CARTESIAN_POINT ( 'NONE',  ( -1.886577241033764230, 0.4435498852866788799, -1.475000000000000089 ) ) ;
#165 = VECTOR ( 'NONE', #6099, 1000.000000000000000 ) ;
#166 = DIRECTION ( 'NONE',  ( 0.9986295347545742773, -0.05233595624293691656, 0.000000000000000000 ) ) ;
#167 = ADVANCED_FACE ( 'NONE', ( #4578 ), #2832, .F. ) ;
#168 = AXIS2_PLACEMENT_3D ( 'NONE', #5718, #3993, #678 ) ;
#169 = ORIENTED_EDGE ( 'NONE', *, *, #7146, .F. ) ;
#170 = DIRECTION ( 'NONE',  ( -0.000000000000000000, -0.000000000000000000, -1.000000000000000000 ) ) ;
#171 = DIRECTION ( 'NONE',  ( -1.000000000000000000, -3.925976682163069868E-16, -0.000000000000000000 ) ) ;
#172 = EDGE_CURVE ( 'NONE', #221, #4562, #6031, .T. ) ;
#173 = FACE_OUTER_BOUND ( 'NONE', #4118, .T. ) ;
#174 = CARTESIAN_POINT ( 'NONE',  ( -1.150000000000001021, 1.080000000000000071, -1.844500000000007134 ) ) ;
#175 = ORIENTED_EDGE ( 'NONE', *, *, #3337, .T. ) ;
#176 = DIRECTION ( 'NONE',  ( 0.000000000000000000, -0.000000000000000000, 1.000000000000000000 ) ) ;
#177 = EDGE_LOOP ( 'NONE', ( #329, #3295, #1345, #903 ) ) ;
#178 = FACE_OUTER_BOUND ( 'NONE', #1827, .T. ) ;
#179 = DIRECTION ( 'NONE',  ( -0.000000000000000000, -0.000000000000000000, -1.000000000000000000 ) ) ;
#180 = LINE ( 'NONE', #1824, #6248 ) ;
#181 = CARTESIAN_POINT ( 'NONE',  ( 1.499999999999998890, 0.7161999999999888455, 2.019499999999993634 ) ) ;
#182 = EDGE_LOOP ( 'NONE', ( #6684, #2125, #4585, #467, #150, #6208, #5950, #1877, #7045, #3790, #3271, #2686 ) ) ;
#183 = CARTESIAN_POINT ( 'NONE',  ( 2.097265395542184940, 0.2852566719800452844, 0.8249999999999997335 ) ) ;
#184 = DIRECTION ( 'NONE',  ( -1.000000000000000000, 0.000000000000000000, -0.000000000000000000 ) ) ;
#185 = DIRECTION ( 'NONE',  ( 3.925976682163069868E-16, -1.000000000000000000, 0.000000000000000000 ) ) ;
#186 = ORIENTED_EDGE ( 'NONE', *, *, #4086, .F. ) ;
#187 = CARTESIAN_POINT ( 'NONE',  ( -1.500000000000001110, 0.5362000000000048949, -0.4750000000000001443 ) ) ;
#188 = ORIENTED_EDGE ( 'NONE', *, *, #400, .F. ) ;
#189 = CARTESIAN_POINT ( 'NONE',  ( 2.201813623794039998, 0.1927602130810683878, -1.475000000000000089 ) ) ;
#190 = PLANE ( 'NONE',  #4962 ) ;
#191 = CARTESIAN_POINT ( 'NONE',  ( -1.776161133969892392, 0.4240805465065236035, 1.124999999999999778 ) ) ;
#192 = CYLINDRICAL_SURFACE ( 'NONE', #6230, 0.1121194534934814163 ) ;
#193 = VERTEX_POINT ( 'NONE', #2234 ) ;
#194 = VERTEX_POINT ( 'NONE', #1831 ) ;
#195 = DIRECTION ( 'NONE',  ( -0.000000000000000000, -0.000000000000000000, -1.000000000000000000 ) ) ;
#196 = EDGE_CURVE ( 'NONE', #1494, #2383, #4040, .T. ) ;
#197 = LINE ( 'NONE', #2284, #3252 ) ;
#198 = DIRECTION ( 'NONE',  ( 1.000000000000000000, 0.000000000000000000, 0.000000000000000000 ) ) ;
#199 = AXIS2_PLACEMENT_3D ( 'NONE', #753, #6745, #2957 ) ;
#200 = EDGE_CURVE ( 'NONE', #2091, #4252, #4438, .T. ) ;
#201 = ORIENTED_EDGE ( 'NONE', *, *, #4927, .F. ) ;
#202 = VERTEX_POINT ( 'NONE', #584 ) ;
#203 = DIRECTION ( 'NONE',  ( -0.000000000000000000, -0.000000000000000000, -1.000000000000000000 ) ) ;
#204 = PLANE ( 'NONE',  #2894 ) ;
#205 = CARTESIAN_POINT ( 'NONE',  ( 1.500000000000001110, 0.7161999999999915101, 0.1749999999999998224 ) ) ;
#206 = EDGE_LOOP ( 'NONE', ( #3335, #6470, #2346, #5810, #3096, #256, #4278, #6581, #720, #5167, #7093, #766 ) ) ;
#207 = PLANE ( 'NONE',  #4139 ) ;
#208 = EDGE_CURVE ( 'NONE', #1370, #1801, #4151, .T. ) ;
#209 = EDGE_LOOP ( 'NONE', ( #670, #3545, #1027, #1 ) ) ;
#210 = FACE_OUTER_BOUND ( 'NONE', #5798, .T. ) ;
#211 = SURFACE_SIDE_STYLE ('',( #3433 ) ) ;
#212 = DIRECTION ( 'NONE',  ( 2.306813132947882026E-16, 0.000000000000000000, -1.000000000000000000 ) ) ;
#213 = DIRECTION ( 'NONE',  ( -3.925976682163069868E-16, -1.000000000000000000, 0.000000000000000000 ) ) ;
#214 = ORIENTED_EDGE ( 'NONE', *, *, #1102, .F. ) ;
#215 = CARTESIAN_POINT ( 'NONE',  ( -1.776161133969892392, 0.4240805465065236035, 1.774999999999999689 ) ) ;
#216 = DIRECTION ( 'NONE',  ( -0.000000000000000000, 1.000000000000000000, -0.000000000000000000 ) ) ;
#217 = ORIENTED_EDGE ( 'NONE', *, *, #6631, .F. ) ;
#218 = PRESENTATION_LAYER_ASSIGNMENT (  '', '', ( #4947 ) ) ;
#219 = AXIS2_PLACEMENT_3D ( 'NONE', #1508, #1546, #3756 ) ;
#220 = AXIS2_PLACEMENT_3D ( 'NONE', #3479, #1243, #4586 ) ;
#221 = VERTEX_POINT ( 'NONE', #5033 ) ;
#222 = STYLED_ITEM ( 'NONE', ( #1298 ), #6713 ) ;
#223 = LINE ( 'NONE', #5215, #2581 ) ;
#224 = LINE ( 'NONE', #6825, #6379 ) ;
#225 = VERTEX_POINT ( 'NONE', #5061 ) ;
#226 = LINE ( 'NONE', #3657, #4729 ) ;
#227 = VECTOR ( 'NONE', #2053, 1000.000000000000000 ) ;
#228 = VECTOR ( 'NONE', #5054, 1000.000000000000000 ) ;
#229 = ORIENTED_EDGE ( 'NONE', *, *, #1779, .T. ) ;
#230 = DIRECTION ( 'NONE',  ( -1.000000000000000000, 0.000000000000000000, 0.000000000000000000 ) ) ;
#231 =( GEOMETRIC_REPRESENTATION_CONTEXT ( 3 ) GLOBAL_UNCERTAINTY_ASSIGNED_CONTEXT ( ( #805 ) ) GLOBAL_UNIT_ASSIGNED_CONTEXT ( ( #815, #6370, #5819 ) ) REPRESENTATION_CONTEXT ( 'NONE', 'WORKASPACE' ) );
#232 = CARTESIAN_POINT ( 'NONE',  ( -0.9454999999999997851, 0.1523999999999999799, -1.302500000000000213 ) ) ;
#233 = DIRECTION ( 'NONE',  ( 1.000000000000000000, 0.000000000000000000, 0.000000000000000000 ) ) ;
#234 = CARTESIAN_POINT ( 'NONE',  ( -2.192393151670311457, 0.01300689682525818514, -1.775000000000000133 ) ) ;
#235 = VECTOR ( 'NONE', #4981, 1000.000000000000000 ) ;
#236 = FILL_AREA_STYLE_COLOUR ( '', #4840 ) ;
#237 = ADVANCED_FACE ( 'NONE', ( #1162 ), #3371, .F. ) ;
#238 = ORIENTED_EDGE ( 'NONE', *, *, #5022, .T. ) ;
#239 = CIRCLE ( 'NONE', #120, 0.2921194534934677955 ) ;
#240 = VECTOR ( 'NONE', #3299, 1000.000000000000000 ) ;
#241 = EDGE_LOOP ( 'NONE', ( #5024, #3788, #4766, #4021, #3432, #3112, #5737, #4736, #6508, #6670, #3927, #3018 ) ) ;
#242 = FACE_OUTER_BOUND ( 'NONE', #925, .T. ) ;
#243 = CARTESIAN_POINT ( 'NONE',  ( -1.443884820706794248, 1.250100267209619087, -1.963384820706800982 ) ) ;
#244 = DIRECTION ( 'NONE',  ( -0.1736481776669313581, 0.9848077530122079093, 0.000000000000000000 ) ) ;
#245 = EDGE_CURVE ( 'NONE', #3734, #6649, #4467, .T. ) ;
#246 = AXIS2_PLACEMENT_3D ( 'NONE', #6636, #6014, #3316 ) ;
#247 = LINE ( 'NONE', #3239, #3232 ) ;
#248 = ORIENTED_EDGE ( 'NONE', *, *, #6859, .F. ) ;
#249 = DIRECTION ( 'NONE',  ( 0.000000000000000000, -1.000000000000000000, 0.000000000000000000 ) ) ;
#250 = EDGE_CURVE ( 'NONE', #1718, #5839, #6170, .T. ) ;
#251 = VECTOR ( 'NONE', #3288, 1000.000000000000000 ) ;
#252 = ORIENTED_EDGE ( 'NONE', *, *, #4078, .T. ) ;
#253 = CARTESIAN_POINT ( 'NONE',  ( 1.886577241033764230, 0.4435498852866788799, 1.774999999999999689 ) ) ;
#254 = FACE_OUTER_BOUND ( 'NONE', #830, .T. ) ;
#255 = DIRECTION ( 'NONE',  ( -0.000000000000000000, 1.000000000000000000, -0.000000000000000000 ) ) ;
#256 = ORIENTED_EDGE ( 'NONE', *, *, #415, .T. ) ;
#257 = CYLINDRICAL_SURFACE ( 'NONE', #6416, 0.2921194534934677955 ) ;
#258 = ADVANCED_FACE ( 'NONE', ( #1198 ), #6207, .F. ) ;
#259 = CIRCLE ( 'NONE', #1743, 0.1121194534934814163 ) ;
#260 = FACE_OUTER_BOUND ( 'NONE', #5213, .T. ) ;
#261 = ORIENTED_EDGE ( 'NONE', *, *, #4561, .F. ) ;
#262 = EDGE_CURVE ( 'NONE', #374, #3249, #3978, .T. ) ;
#263 = VECTOR ( 'NONE', #4971, 1000.000000000000114 ) ;
#264 = DIRECTION ( 'NONE',  ( -0.9986295347545742773, 0.05233595624293731902, 0.000000000000000000 ) ) ;
#265 = ORIENTED_EDGE ( 'NONE', *, *, #686, .T. ) ;
#266 = ADVANCED_FACE ( 'NONE', ( #5652 ), #694, .F. ) ;
#267 = DIRECTION ( 'NONE',  ( 1.000000000000000000, -0.000000000000000000, 0.000000000000000000 ) ) ;
#268 = CARTESIAN_POINT ( 'NONE',  ( 0.9454999999999995630, 0.1523999999999999799, 2.181091817202221452E-16 ) ) ;
#269 = ORIENTED_EDGE ( 'NONE', *, *, #6339, .F. ) ;
#270 = PLANE ( 'NONE',  #1834 ) ;
#271 = CARTESIAN_POINT ( 'NONE',  ( -2.440579527876272081, -9.062316430720066274E-18, 0.1749999999999998224 ) ) ;
#272 = VERTEX_POINT ( 'NONE', #4007 ) ;
#273 = CARTESIAN_POINT ( 'NONE',  ( 1.500000000000001110, 0.5362000000000048949, 0.4749999999999997558 ) ) ;
#274 = VECTOR ( 'NONE', #1964, 1000.000000000000000 ) ;
#275 = AXIS2_PLACEMENT_3D ( 'NONE', #3648, #3184, #905 ) ;
#276 = CARTESIAN_POINT ( 'NONE',  ( -2.097265395542184940, 0.2852566719800450623, 0.8249999999999997335 ) ) ;
#277 = DIRECTION ( 'NONE',  ( -1.000000000000000000, 0.000000000000000000, 0.000000000000000000 ) ) ;
#278 = LINE ( 'NONE', #5719, #6479 ) ;
#279 = FILL_AREA_STYLE_COLOUR ( '', #2285 ) ;
#280 = AXIS2_PLACEMENT_3D ( 'NONE', #2206, #6042, #1002 ) ;
#281 = VECTOR ( 'NONE', #6878, 1000.000000000000000 ) ;
#282 = EDGE_LOOP ( 'NONE', ( #721, #6306, #6909, #1943 ) ) ;
#283 = DIRECTION ( 'NONE',  ( -3.925976682163069868E-16, 1.000000000000000000, 0.000000000000000000 ) ) ;
#284 = PLANE ( 'NONE',  #5014 ) ;
#285 = VECTOR ( 'NONE', #734, 1000.000000000000114 ) ;
#286 = DIRECTION ( 'NONE',  ( -1.000000000000000000, 0.000000000000000000, 0.000000000000000000 ) ) ;
#287 = FACE_OUTER_BOUND ( 'NONE', #3412, .T. ) ;
#288 = ADVANCED_FACE ( 'NONE', ( #6243 ), #5695, .F. ) ;
#289 = CARTESIAN_POINT ( 'NONE',  ( -0.9454999999999997851, 0.2999999999999999889, -1.302500000000000213 ) ) ;
#290 = VECTOR ( 'NONE', #6080, 1000.000000000000000 ) ;
#291 = DIRECTION ( 'NONE',  ( -0.000000000000000000, 1.000000000000000000, -0.000000000000000000 ) ) ;
#292 = DIRECTION ( 'NONE',  ( -0.1736481776669336896, 0.9848077530122073542, 0.000000000000000000 ) ) ;
#293 = CARTESIAN_POINT ( 'NONE',  ( 2.207681502606056778, 0.3047260107602003942, 0.1749999999999998224 ) ) ;
#294 = FACE_OUTER_BOUND ( 'NONE', #536, .T. ) ;
#295 = ADVANCED_FACE ( 'NONE', ( #5276 ), #5315, .F. ) ;
#296 = ORIENTED_EDGE ( 'NONE', *, *, #4268, .F. ) ;
#297 = PLANE ( 'NONE',  #1885 ) ;
#298 = ORIENTED_EDGE ( 'NONE', *, *, #660, .T. ) ;
#299 = EDGE_CURVE ( 'NONE', #3607, #6590, #327, .T. ) ;
#300 = DIRECTION ( 'NONE',  ( -0.000000000000000000, -0.000000000000000000, -1.000000000000000000 ) ) ;
#301 = ORIENTED_EDGE ( 'NONE', *, *, #6426, .F. ) ;
#302 = DIRECTION ( 'NONE',  ( 1.000000000000000000, 0.000000000000000000, -0.000000000000000000 ) ) ;
#303 = PLANE ( 'NONE',  #4109 ) ;
#304 = PLANE ( 'NONE',  #1090 ) ;
#305 = ORIENTED_EDGE ( 'NONE', *, *, #5647, .T. ) ;
#306 = ADVANCED_FACE ( 'NONE', ( #5246 ), #6323, .F. ) ;
#307 = ORIENTED_EDGE ( 'NONE', *, *, #6131, .F. ) ;
#308 = ORIENTED_EDGE ( 'NONE', *, *, #2704, .T. ) ;
#309 = LINE ( 'NONE', #3554, #800 ) ;
#310 = CARTESIAN_POINT ( 'NONE',  ( 2.097265395542184940, 0.2852566719800452844, -1.775000000000000133 ) ) ;
#311 = SURFACE_SIDE_STYLE ('',( #2473 ) ) ;
#312 = ORIENTED_EDGE ( 'NONE', *, *, #378, .T. ) ;
#313 = EDGE_LOOP ( 'NONE', ( #4794, #5016, #5370, #6868 ) ) ;
#314 = CARTESIAN_POINT ( 'NONE',  ( -0.8254999999999999005, 0.2999999999999999889, 1.302499999999999769 ) ) ;
#315 = DIRECTION ( 'NONE',  ( -0.9986295347545742773, -0.05233595624293691656, 0.000000000000000000 ) ) ;
#316 = DIRECTION ( 'NONE',  ( -1.000000000000000000, 0.000000000000000000, 0.000000000000000000 ) ) ;
#317 = DIRECTION ( 'NONE',  ( 0.000000000000000000, 0.000000000000000000, 1.000000000000000000 ) ) ;
#318 = AXIS2_PLACEMENT_3D ( 'NONE', #3561, #6877, #5783 ) ;
#319 = ORIENTED_EDGE ( 'NONE', *, *, #4333, .T. ) ;
#320 = CARTESIAN_POINT ( 'NONE',  ( -1.776161133969892392, 0.7161999999999915101, 0.4749999999999997558 ) ) ;
#321 = AXIS2_PLACEMENT_3D ( 'NONE', #2909, #5107, #2350 ) ;
#322 = LINE ( 'NONE', #5940, #5006 ) ;
#323 = DIRECTION ( 'NONE',  ( -0.000000000000000000, -0.000000000000000000, -1.000000000000000000 ) ) ;
#324 = DIRECTION ( 'NONE',  ( -0.9986295347545742773, 0.05233595624293731902, 0.000000000000000000 ) ) ;
#325 = VERTEX_POINT ( 'NONE', #836 ) ;
#326 = PLANE ( 'NONE',  #1992 ) ;
#327 = LINE ( 'NONE', #1471, #4392 ) ;
#328 = ORIENTED_EDGE ( 'NONE', *, *, #3240, .T. ) ;
#329 = ORIENTED_EDGE ( 'NONE', *, *, #7019, .T. ) ;
#330 = EDGE_CURVE ( 'NONE', #2774, #6322, #2970, .T. ) ;
#331 = FACE_OUTER_BOUND ( 'NONE', #3286, .T. ) ;
#332 = ORIENTED_EDGE ( 'NONE', *, *, #2484, .F. ) ;
#333 = DIRECTION ( 'NONE',  ( -0.000000000000000000, 0.000000000000000000, -1.000000000000000000 ) ) ;
#334 = DIRECTION ( 'NONE',  ( 0.000000000000000000, 0.000000000000000000, 1.000000000000000000 ) ) ;
#335 = DIRECTION ( 'NONE',  ( -0.000000000000000000, -0.000000000000000000, -1.000000000000000000 ) ) ;
#336 = DIRECTION ( 'NONE',  ( -1.000000000000000000, 0.000000000000000000, 0.000000000000000000 ) ) ;
#337 = ORIENTED_EDGE ( 'NONE', *, *, #3905, .F. ) ;
#338 = EDGE_CURVE ( 'NONE', #6235, #2937, #4772, .T. ) ;
#339 = LINE ( 'NONE', #5881, #2418 ) ;
#340 = EDGE_CURVE ( 'NONE', #3130, #4286, #4691, .T. ) ;
#341 = VERTEX_POINT ( 'NONE', #4183 ) ;
#342 = VECTOR ( 'NONE', #3818, 1000.000000000000114 ) ;
#343 = ORIENTED_EDGE ( 'NONE', *, *, #2592, .T. ) ;
#344 = CARTESIAN_POINT ( 'NONE',  ( 2.207681502606056778, 0.3047260107602003942, -0.1750000000000002387 ) ) ;
#345 = EDGE_CURVE ( 'NONE', #4692, #609, #6925, .T. ) ;
#346 = VECTOR ( 'NONE', #2541, 1000.000000000000000 ) ;
#347 = CIRCLE ( 'NONE', #3113, 0.2921194534934675735 ) ;
#348 = EDGE_CURVE ( 'NONE', #1769, #341, #2414, .T. ) ;
#349 = DIRECTION ( 'NONE',  ( -0.000000000000000000, -0.000000000000000000, -1.000000000000000000 ) ) ;
#350 = EDGE_CURVE ( 'NONE', #5710, #4554, #6353, .T. ) ;
#351 = ORIENTED_EDGE ( 'NONE', *, *, #4835, .F. ) ;
#352 = AXIS2_PLACEMENT_3D ( 'NONE', #2033, #971, #5828 ) ;
#353 = CLOSED_SHELL ( 'NONE', ( #4427, #6975, #2491, #6780, #4030, #653, #5758, #3429, #1326, #306, #5147, #3656, #5055, #707 ) ) ;
#354 = DIRECTION ( 'NONE',  ( -0.000000000000000000, -0.000000000000000000, -1.000000000000000000 ) ) ;
#355 = DIRECTION ( 'NONE',  ( 0.05233595624293731902, -0.9986295347545742773, 0.000000000000000000 ) ) ;
#356 = PLANE ( 'NONE',  #11 ) ;
#357 = CARTESIAN_POINT ( 'NONE',  ( -1.500000000000001110, 0.7161999999999915101, 0.4749999999999997558 ) ) ;
#358 = CARTESIAN_POINT ( 'NONE',  ( 2.450000000000000178, 0.1797533162558100084, -0.8250000000000001776 ) ) ;
#359 = CLOSED_SHELL ( 'NONE', ( #3465, #3405, #3820, #993, #4956, #237, #4880, #2667, #6852, #1687, #6102, #3391, #5143, #6407 ) ) ;
#360 = AXIS2_PLACEMENT_3D ( 'NONE', #5960, #3735, #4852 ) ;
#361 = EDGE_LOOP ( 'NONE', ( #5685, #2167, #5514, #3630 ) ) ;
#362 = DIRECTION ( 'NONE',  ( -0.1736481776669313581, 0.9848077530122079093, 0.000000000000000000 ) ) ;
#363 = VECTOR ( 'NONE', #1725, 1000.000000000000000 ) ;
#364 = DIRECTION ( 'NONE',  ( -0.000000000000000000, -0.000000000000000000, -1.000000000000000000 ) ) ;
#365 = FACE_OUTER_BOUND ( 'NONE', #6227, .T. ) ;
#366 = LINE ( 'NONE', #2555, #5324 ) ;
#367 = AXIS2_PLACEMENT_3D ( 'NONE', #4768, #3643, #5309 ) ;
#368 = VERTEX_POINT ( 'NONE', #6889 ) ;
#369 = PLANE ( 'NONE',  #2825 ) ;
#370 = CARTESIAN_POINT ( 'NONE',  ( 1.920000000000000373, 0.2540000000000001146, 1.474999999999999645 ) ) ;
#371 = DIRECTION ( 'NONE',  ( 0.000000000000000000, -1.000000000000000000, 0.000000000000000000 ) ) ;
#372 = EDGE_LOOP ( 'NONE', ( #1492, #6455, #6094, #319 ) ) ;
#373 = PLANE ( 'NONE',  #2569 ) ;
#374 = VERTEX_POINT ( 'NONE', #6995 ) ;
#375 = CARTESIAN_POINT ( 'NONE',  ( -0.8254999999999999005, 0.2999999999999999889, -1.302500000000000213 ) ) ;
#376 = DIRECTION ( 'NONE',  ( 1.000000000000000000, 3.925976682163069868E-16, 0.000000000000000000 ) ) ;
#377 = EDGE_LOOP ( 'NONE', ( #1067, #6572, #7004, #3804 ) ) ;
#378 = EDGE_CURVE ( 'NONE', #2562, #5930, #4624, .T. ) ;
#379 = CIRCLE ( 'NONE', #3263, 0.1121194534934814163 ) ;
#380 = MECHANICAL_DESIGN_GEOMETRIC_PRESENTATION_REPRESENTATION (  '', ( #1177 ), #5577 ) ;
#381 = ORIENTED_EDGE ( 'NONE', *, *, #6456, .F. ) ;
#382 = EDGE_CURVE ( 'NONE', #1934, #2462, #1868, .T. ) ;
#383 = ORIENTED_EDGE ( 'NONE', *, *, #1400, .F. ) ;
#384 = AXIS2_PLACEMENT_3D ( 'NONE', #3882, #2141, #6110 ) ;
#385 = CARTESIAN_POINT ( 'NONE',  ( -2.201813623794039998, 0.1927602130810681935, 1.124999999999999778 ) ) ;
#386 = EDGE_CURVE ( 'NONE', #5891, #2584, #6389, .T. ) ;
#387 = CARTESIAN_POINT ( 'NONE',  ( -1.500000000000001110, 0.5362000000000118893, 2.019499999999993634 ) ) ;
#388 = CARTESIAN_POINT ( 'NONE',  ( 0.8255000000000001226, 0.1523999999999999799, 1.302500000000000657 ) ) ;
#389 = DIRECTION ( 'NONE',  ( -0.000000000000000000, -0.000000000000000000, -1.000000000000000000 ) ) ;
#390 = VERTEX_POINT ( 'NONE', #2522 ) ;
#391 = EDGE_CURVE ( 'NONE', #585, #5271, #5093, .T. ) ;
#392 = ORIENTED_EDGE ( 'NONE', *, *, #650, .T. ) ;
#393 = VECTOR ( 'NONE', #110, 1000.000000000000114 ) ;
#394 = CARTESIAN_POINT ( 'NONE',  ( 2.192393151670311457, 0.01300689682525807585, 1.774999999999999689 ) ) ;
#395 = DIRECTION ( 'NONE',  ( -0.1736481776669313581, -0.9848077530122079093, 0.000000000000000000 ) ) ;
#396 = CARTESIAN_POINT ( 'NONE',  ( -1.500000000000001110, 0.7161999999999915101, -1.775000000000000133 ) ) ;
#397 = VECTOR ( 'NONE', #5670, 1000.000000000000000 ) ;
#398 = DIRECTION ( 'NONE',  ( -1.000000000000000000, 0.000000000000000000, 0.000000000000000000 ) ) ;
#399 = VECTOR ( 'NONE', #5847, 999.9999999999998863 ) ;
#400 = EDGE_CURVE ( 'NONE', #6577, #2490, #1438, .T. ) ;
#401 = VERTEX_POINT ( 'NONE', #3078 ) ;
#402 = DIRECTION ( 'NONE',  ( -0.000000000000000000, -0.000000000000000000, -1.000000000000000000 ) ) ;
#403 = ORIENTED_EDGE ( 'NONE', *, *, #4401, .F. ) ;
#404 = ORIENTED_EDGE ( 'NONE', *, *, #2615, .T. ) ;
#405 = VECTOR ( 'NONE', #1762, 1000.000000000000000 ) ;
#406 = AXIS2_PLACEMENT_3D ( 'NONE', #2382, #6174, #4581 ) ;
#407 = CARTESIAN_POINT ( 'NONE',  ( -1.920000000000000373, 0.2540000000000000036, -0.1750000000000002387 ) ) ;
#408 = DIRECTION ( 'NONE',  ( -1.000000000000000000, 3.925976682163069868E-16, 0.000000000000000000 ) ) ;
#409 = CARTESIAN_POINT ( 'NONE',  ( 1.500000000000001110, 0.5362000000000048949, -1.775000000000000133 ) ) ;
#410 = ORIENTED_EDGE ( 'NONE', *, *, #5867, .F. ) ;
#411 = CARTESIAN_POINT ( 'NONE',  ( -2.192393151670311457, 0.01300689682525818514, -0.1750000000000002387 ) ) ;
#412 = DIRECTION ( 'NONE',  ( 1.000000000000000000, 0.000000000000000000, 0.000000000000000000 ) ) ;
#413 = EDGE_CURVE ( 'NONE', #3734, #2452, #4733, .T. ) ;
#414 = ORIENTED_EDGE ( 'NONE', *, *, #6646, .F. ) ;
#415 = EDGE_CURVE ( 'NONE', #6138, #5629, #5208, .T. ) ;
#416 = CARTESIAN_POINT ( 'NONE',  ( 1.459660994505032283, 1.100000000000000089, -1.979160994505041016 ) ) ;
#417 = DIRECTION ( 'NONE',  ( 1.000000000000000000, 0.000000000000000000, 0.000000000000000000 ) ) ;
#418 = CARTESIAN_POINT ( 'NONE',  ( 0.8255000000000001226, 0.2999999999999999889, 1.302500000000000657 ) ) ;
#419 =( NAMED_UNIT ( * ) PLANE_ANGLE_UNIT ( ) SI_UNIT ( $, .RADIAN. ) );
#420 = PLANE ( 'NONE',  #3031 ) ;
#421 = DIRECTION ( 'NONE',  ( -0.9986295347545742773, 0.05233595624293731902, 0.000000000000000000 ) ) ;
#422 = CARTESIAN_POINT ( 'NONE',  ( -0.7055000000000006821, 0.2999999999999999889, 1.422499999999999876 ) ) ;
#423 = EDGE_CURVE ( 'NONE', #56, #2498, #5387, .T. ) ;
#424 = ADVANCED_FACE ( 'NONE', ( #2597 ), #1616, .T. ) ;
#425 = DIRECTION ( 'NONE',  ( 3.925976682163069868E-16, 1.000000000000000000, -0.000000000000000000 ) ) ;
#426 = PLANE ( 'NONE',  #6477 ) ;
#427 = ORIENTED_EDGE ( 'NONE', *, *, #5325, .T. ) ;
#428 = FACE_OUTER_BOUND ( 'NONE', #4185, .T. ) ;
#429 = ORIENTED_EDGE ( 'NONE', *, *, #4044, .T. ) ;
#430 = EDGE_CURVE ( 'NONE', #3869, #2038, #2436, .T. ) ;
#431 = VECTOR ( 'NONE', #2530, 1000.000000000000114 ) ;
#432 = CARTESIAN_POINT ( 'NONE',  ( -2.207681502606056778, 0.3047260107602003942, -0.1750000000000002387 ) ) ;
#433 = ORIENTED_EDGE ( 'NONE', *, *, #1430, .T. ) ;
#434 = DIRECTION ( 'NONE',  ( 0.000000000000000000, -0.1045284632676496545, 0.9945218953682738450 ) ) ;
#435 = DIRECTION ( 'NONE',  ( -0.000000000000000000, -0.000000000000000000, -1.000000000000000000 ) ) ;
#436 = EDGE_LOOP ( 'NONE', ( #1557, #577, #2155, #6765 ) ) ;
#437 = ORIENTED_EDGE ( 'NONE', *, *, #3565, .F. ) ;
#438 = APPLICATION_CONTEXT ( 'automotive_design' ) ;
#439 = CARTESIAN_POINT ( 'NONE',  ( 0.000000000000000000, 0.2999999999999999889, -1.302500000000000213 ) ) ;
#440 = FACE_OUTER_BOUND ( 'NONE', #2987, .T. ) ;
#441 = EDGE_LOOP ( 'NONE', ( #3324, #4215, #5690, #4863 ) ) ;
#442 = DIRECTION ( 'NONE',  ( -2.306813132947881040E-16, 0.000000000000000000, 1.000000000000000000 ) ) ;
#443 = DIRECTION ( 'NONE',  ( 0.9848077530122079093, -0.1736481776669312749, 0.000000000000000000 ) ) ;
#444 =( GEOMETRIC_REPRESENTATION_CONTEXT ( 3 ) GLOBAL_UNCERTAINTY_ASSIGNED_CONTEXT ( ( #950 ) ) GLOBAL_UNIT_ASSIGNED_CONTEXT ( ( #2744, #6681, #3368 ) ) REPRESENTATION_CONTEXT ( 'NONE', 'WORKASPACE' ) );
#445 = ORIENTED_EDGE ( 'NONE', *, *, #3895, .F. ) ;
#446 = ORIENTED_EDGE ( 'NONE', *, *, #1665, .F. ) ;
#447 = CARTESIAN_POINT ( 'NONE',  ( -0.9454999999999998961, 0.1523999999999999799, -1.772500000000000409 ) ) ;
#448 = DIRECTION ( 'NONE',  ( -0.9986295347545742773, -0.05233595624293731902, -0.000000000000000000 ) ) ;
#449 = CIRCLE ( 'NONE', #5182, 0.1121194534934814163 ) ;
#450 = CARTESIAN_POINT ( 'NONE',  ( -1.500000000000001110, 0.7161999999999915101, 1.124999999999999778 ) ) ;
#451 = FACE_OUTER_BOUND ( 'NONE', #6181, .T. ) ;
#452 = EDGE_CURVE ( 'NONE', #4898, #4769, #4805, .T. ) ;
#453 = COLOUR_RGB ( '',0.7921568627450980005, 0.8196078431372548767, 0.9333333333333333481 ) ;
#454 = VECTOR ( 'NONE', #2371, 1000.000000000000000 ) ;
#455 = ORIENTED_EDGE ( 'NONE', *, *, #6532, .T. ) ;
#456 = ORIENTED_EDGE ( 'NONE', *, *, #4333, .F. ) ;
#457 = EDGE_CURVE ( 'NONE', #5990, #4922, #6641, .T. ) ;
#458 = CARTESIAN_POINT ( 'NONE',  ( 2.201813623794039998, 0.1927602130810683878, -0.1750000000000002387 ) ) ;
#459 = DIRECTION ( 'NONE',  ( 0.9848077530122079093, -0.1736481776669312749, 0.000000000000000000 ) ) ;
#460 = EDGE_LOOP ( 'NONE', ( #5535, #1749, #2179, #2120 ) ) ;
#461 = DIRECTION ( 'NONE',  ( 1.000000000000000000, 0.000000000000000000, -0.000000000000000000 ) ) ;
#462 = FACE_OUTER_BOUND ( 'NONE', #946, .T. ) ;
#463 = EDGE_LOOP ( 'NONE', ( #1232, #6779, #4323, #5134 ) ) ;
#464 = EDGE_CURVE ( 'NONE', #6138, #3444, #7065, .T. ) ;
#465 = AXIS2_PLACEMENT_3D ( 'NONE', #2238, #2377, #1666 ) ;
#466 = DIRECTION ( 'NONE',  ( -0.000000000000000000, 1.000000000000000000, -0.000000000000000000 ) ) ;
#467 = ORIENTED_EDGE ( 'NONE', *, *, #1297, .F. ) ;
#468 = EDGE_CURVE ( 'NONE', #520, #6753, #3721, .T. ) ;
#469 = DIRECTION ( 'NONE',  ( 0.000000000000000000, 0.000000000000000000, 1.000000000000000000 ) ) ;
#470 = ORIENTED_EDGE ( 'NONE', *, *, #4565, .T. ) ;
#471 = DIRECTION ( 'NONE',  ( -0.000000000000000000, -0.000000000000000000, -1.000000000000000000 ) ) ;
#472 = LINE ( 'NONE', #4811, #817 ) ;
#473 = VERTEX_POINT ( 'NONE', #7138 ) ;
#474 = ADVANCED_FACE ( 'NONE', ( #462 ), #5499, .F. ) ;
#475 = ORIENTED_EDGE ( 'NONE', *, *, #4157, .F. ) ;
#476 = ADVANCED_FACE ( 'NONE', ( #981 ), #2739, .T. ) ;
#477 = DIRECTION ( 'NONE',  ( -1.000000000000000000, 0.000000000000000000, -0.000000000000000000 ) ) ;
#478 = DIRECTION ( 'NONE',  ( 0.9848077530122079093, -0.1736481776669312749, 0.000000000000000000 ) ) ;
#479 = EDGE_LOOP ( 'NONE', ( #3185, #7071, #4821, #5660 ) ) ;
#480 =( LENGTH_UNIT ( ) NAMED_UNIT ( * ) SI_UNIT ( .MILLI., .METRE. ) );
#481 = ORIENTED_EDGE ( 'NONE', *, *, #2162, .T. ) ;
#482 = AXIS2_PLACEMENT_3D ( 'NONE', #6950, #4682, #6412 ) ;
#483 = ORIENTED_EDGE ( 'NONE', *, *, #1646, .F. ) ;
#484 = DIRECTION ( 'NONE',  ( -0.9986295347545742773, -0.05233595624293731902, -0.000000000000000000 ) ) ;
#485 = DIRECTION ( 'NONE',  ( -0.000000000000000000, -0.000000000000000000, -1.000000000000000000 ) ) ;
#486 = CARTESIAN_POINT ( 'NONE',  ( -1.920000000000000373, 0.2540000000000000036, -0.8250000000000001776 ) ) ;
#487 = FACE_OUTER_BOUND ( 'NONE', #2243, .T. ) ;
#488 = LINE ( 'NONE', #2211, #3861 ) ;
#489 = ORIENTED_EDGE ( 'NONE', *, *, #2860, .T. ) ;
#490 = DIRECTION ( 'NONE',  ( -0.000000000000000000, -0.000000000000000000, -1.000000000000000000 ) ) ;
#491 = CARTESIAN_POINT ( 'NONE',  ( -0.9454999999999997851, 0.1523999999999999799, -1.302500000000000213 ) ) ;
#492 = LINE ( 'NONE', #3211, #6274 ) ;
#493 = EDGE_LOOP ( 'NONE', ( #3038, #7176, #4792, #2609 ) ) ;
#494 = CARTESIAN_POINT ( 'NONE',  ( -0.9454999999999997851, 0.1523999999999999799, -1.302500000000000213 ) ) ;
#495 = PRESENTATION_LAYER_ASSIGNMENT (  '', '', ( #2223 ) ) ;
#496 = VECTOR ( 'NONE', #3218, 1000.000000000000000 ) ;
#497 = CARTESIAN_POINT ( 'NONE',  ( -2.450000000000000178, 0.1797533162558100084, 1.124999999999999778 ) ) ;
#498 = ORIENTED_EDGE ( 'NONE', *, *, #1685, .F. ) ;
#499 = AXIS2_PLACEMENT_3D ( 'NONE', #4543, #5763, #5734 ) ;
#500 = AXIS2_PLACEMENT_3D ( 'NONE', #4101, #2009, #3140 ) ;
#501 = CARTESIAN_POINT ( 'NONE',  ( -1.776161133969892392, 0.4240805465065236035, 0.4749999999999997558 ) ) ;
#502 = ORIENTED_EDGE ( 'NONE', *, *, #4630, .T. ) ;
#503 = CARTESIAN_POINT ( 'NONE',  ( -1.920000000000000373, 0.2540000000000000036, 0.1749999999999998224 ) ) ;
#504 = AXIS2_PLACEMENT_3D ( 'NONE', #2531, #1376, #6824 ) ;
#505 = ORIENTED_EDGE ( 'NONE', *, *, #6364, .F. ) ;
#506 = FACE_OUTER_BOUND ( 'NONE', #6910, .T. ) ;
#507 = ORIENTED_EDGE ( 'NONE', *, *, #4835, .T. ) ;
#508 = DIRECTION ( 'NONE',  ( 0.000000000000000000, -1.000000000000000000, 0.000000000000000000 ) ) ;
#509 = ADVANCED_FACE ( 'NONE', ( #6017 ), #4251, .F. ) ;
#510 = VECTOR ( 'NONE', #6369, 999.9999999999998863 ) ;
#511 = ORIENTED_EDGE ( 'NONE', *, *, #2322, .T. ) ;
#512 = CARTESIAN_POINT ( 'NONE',  ( -2.440579527876272081, -9.062316430720066274E-18, -1.125000000000000222 ) ) ;
#513 = LINE ( 'NONE', #3195, #1654 ) ;
#514 = ORIENTED_EDGE ( 'NONE', *, *, #2368, .T. ) ;
#515 = CARTESIAN_POINT ( 'NONE',  ( 1.776161133969892392, 0.5362000000000048949, -0.8250000000000001776 ) ) ;
#516 = DIRECTION ( 'NONE',  ( 0.9986295347545742773, 0.05233595624293691656, -0.000000000000000000 ) ) ;
#517 = CARTESIAN_POINT ( 'NONE',  ( 1.500000000000001110, 0.5362000000000048949, 1.124999999999999778 ) ) ;
#518 = ADVANCED_FACE ( 'NONE', ( #4942 ), #943, .F. ) ;
#519 = AXIS2_PLACEMENT_3D ( 'NONE', #6624, #641, #6665 ) ;
#520 = VERTEX_POINT ( 'NONE', #3680 ) ;
#521 = ORIENTED_EDGE ( 'NONE', *, *, #5210, .F. ) ;
#522 = DIRECTION ( 'NONE',  ( 0.05233595624293796433, 0.9986295347545741663, 0.000000000000000000 ) ) ;
#523 = LINE ( 'NONE', #5375, #2104 ) ;
#524 = DIRECTION ( 'NONE',  ( 0.000000000000000000, -1.000000000000000000, 0.000000000000000000 ) ) ;
#525 = PLANE ( 'NONE',  #1038 ) ;
#526 = CARTESIAN_POINT ( 'NONE',  ( -2.097265395542184940, 0.2852566719800452288, 1.474999999999999645 ) ) ;
#527 = DIRECTION ( 'NONE',  ( -1.000000000000000000, 0.000000000000000000, 0.000000000000000000 ) ) ;
#528 = ORIENTED_EDGE ( 'NONE', *, *, #6447, .T. ) ;
#529 = ORIENTED_EDGE ( 'NONE', *, *, #1343, .F. ) ;
#530 = DIRECTION ( 'NONE',  ( -0.9986295347545742773, 0.05233595624293797821, 0.000000000000000000 ) ) ;
#531 = DIRECTION ( 'NONE',  ( -1.000000000000000000, 0.000000000000000000, 0.000000000000000000 ) ) ;
#532 = VERTEX_POINT ( 'NONE', #5985 ) ;
#533 = DIRECTION ( 'NONE',  ( -1.000000000000000000, 0.000000000000000000, 0.000000000000000000 ) ) ;
#534 = ORIENTED_EDGE ( 'NONE', *, *, #1747, .F. ) ;
#535 = LINE ( 'NONE', #6090, #5236 ) ;
#536 = EDGE_LOOP ( 'NONE', ( #308, #3759, #5220, #4940 ) ) ;
#537 = DIRECTION ( 'NONE',  ( -1.000000000000000000, 3.925976682163069868E-16, 0.000000000000000000 ) ) ;
#538 = ORIENTED_EDGE ( 'NONE', *, *, #4163, .T. ) ;
#539 = ORIENTED_EDGE ( 'NONE', *, *, #4839, .T. ) ;
#540 = PLANE ( 'NONE',  #3918 ) ;
#541 = CIRCLE ( 'NONE', #665, 0.1121194534934814163 ) ;
#542 = DIRECTION ( 'NONE',  ( -1.000000000000000000, 0.000000000000000000, 0.000000000000000000 ) ) ;
#543 = EDGE_CURVE ( 'NONE', #2988, #3190, #5907, .T. ) ;
#544 = VECTOR ( 'NONE', #3013, 1000.000000000000000 ) ;
#545 = VERTEX_POINT ( 'NONE', #6561 ) ;
#546 = CARTESIAN_POINT ( 'NONE',  ( 2.440579527876272081, -9.062316430720066274E-18, 1.774999999999999689 ) ) ;
#547 = EDGE_CURVE ( 'NONE', #844, #5341, #5349, .T. ) ;
#548 = DIRECTION ( 'NONE',  ( -0.9986295347545742773, -0.05233595624293731902, -0.000000000000000000 ) ) ;
#549 = ORIENTED_EDGE ( 'NONE', *, *, #6984, .F. ) ;
#550 = CARTESIAN_POINT ( 'NONE',  ( 1.500000000000001110, 0.7161999999999915101, 1.124999999999999778 ) ) ;
#551 = DIRECTION ( 'NONE',  ( -1.000000000000000000, 0.000000000000000000, 0.000000000000000000 ) ) ;
#552 = ADVANCED_FACE ( 'NONE', ( #2040 ), #3461, .F. ) ;
#553 = ORIENTED_EDGE ( 'NONE', *, *, #4651, .F. ) ;
#554 = VERTEX_POINT ( 'NONE', #5611 ) ;
#555 = DIRECTION ( 'NONE',  ( 0.000000000000000000, 0.000000000000000000, 1.000000000000000000 ) ) ;
#556 = PLANE ( 'NONE',  #1640 ) ;
#557 = ADVANCED_FACE ( 'NONE', ( #4432 ), #21, .F. ) ;
#558 = EDGE_CURVE ( 'NONE', #1085, #3057, #3999, .T. ) ;
#559 = DIRECTION ( 'NONE',  ( -0.000000000000000000, -0.000000000000000000, -1.000000000000000000 ) ) ;
#560 = CARTESIAN_POINT ( 'NONE',  ( 2.440579527876272081, -9.062316430720066274E-18, 0.8249999999999997335 ) ) ;
#561 =( GEOMETRIC_REPRESENTATION_CONTEXT ( 3 ) GLOBAL_UNCERTAINTY_ASSIGNED_CONTEXT ( ( #3833 ) ) GLOBAL_UNIT_ASSIGNED_CONTEXT ( ( #3726, #3114, #1442 ) ) REPRESENTATION_CONTEXT ( 'NONE', 'WORKASPACE' ) );
#562 = DIRECTION ( 'NONE',  ( 0.000000000000000000, 0.000000000000000000, 1.000000000000000000 ) ) ;
#563 = AXIS2_PLACEMENT_3D ( 'NONE', #2701, #4397, #6487 ) ;
#564 = DIRECTION ( 'NONE',  ( 1.000000000000000000, 0.000000000000000000, 0.000000000000000000 ) ) ;
#565 = CARTESIAN_POINT ( 'NONE',  ( 2.063842636575948575, 0.4748065572667239942, 1.124999999999999778 ) ) ;
#566 = EDGE_CURVE ( 'NONE', #6510, #5751, #4985, .T. ) ;
#567 = ORIENTED_EDGE ( 'NONE', *, *, #6492, .F. ) ;
#568 = ORIENTED_EDGE ( 'NONE', *, *, #3746, .T. ) ;
#569 = AXIS2_PLACEMENT_3D ( 'NONE', #4802, #4287, #3180 ) ;
#570 = DIRECTION ( 'NONE',  ( 0.05233595624293796433, 0.9986295347545741663, 0.000000000000000000 ) ) ;
#571 = DIRECTION ( 'NONE',  ( -3.097720492815726673E-16, 0.000000000000000000, 1.000000000000000000 ) ) ;
#572 = LINE ( 'NONE', #1079, #235 ) ;
#573 = DIRECTION ( 'NONE',  ( -0.000000000000000000, -0.000000000000000000, -1.000000000000000000 ) ) ;
#574 = ORIENTED_EDGE ( 'NONE', *, *, #1966, .T. ) ;
#575 = CARTESIAN_POINT ( 'NONE',  ( 1.776161133969892392, 0.4240805465065236035, -1.125000000000000222 ) ) ;
#576 = CARTESIAN_POINT ( 'NONE',  ( -2.063842636575949019, 0.4748065572667242162, -1.475000000000000089 ) ) ;
#577 = ORIENTED_EDGE ( 'NONE', *, *, #6000, .F. ) ;
#578 = AXIS2_PLACEMENT_3D ( 'NONE', #7092, #1073, #4972 ) ;
#579 = AXIS2_PLACEMENT_3D ( 'NONE', #2926, #2370, #6273 ) ;
#580 = CARTESIAN_POINT ( 'NONE',  ( 0.7055000000000002380, 0.2999999999999999889, 4.882369995884193853E-16 ) ) ;
#581 = VECTOR ( 'NONE', #398, 1000.000000000000000 ) ;
#582 = CYLINDRICAL_SURFACE ( 'NONE', #6855, 0.2921194534934677955 ) ;
#583 = ORIENTED_EDGE ( 'NONE', *, *, #2636, .T. ) ;
#584 = CARTESIAN_POINT ( 'NONE',  ( 0.7055000000000001270, 0.2999999999999999889, -1.422500000000000320 ) ) ;
#585 = VERTEX_POINT ( 'NONE', #2331 ) ;
#586 = CARTESIAN_POINT ( 'NONE',  ( -0.8254999999999999005, 0.1523999999999999799, -1.302500000000000213 ) ) ;
#587 = VECTOR ( 'NONE', #6769, 1000.000000000000000 ) ;
#588 = ORIENTED_EDGE ( 'NONE', *, *, #2393, .F. ) ;
#589 = LINE ( 'NONE', #4444, #240 ) ;
#590 = EDGE_CURVE ( 'NONE', #4318, #4295, #651, .T. ) ;
#591 = DIRECTION ( 'NONE',  ( -0.000000000000000000, -0.000000000000000000, -1.000000000000000000 ) ) ;
#592 = AXIS2_PLACEMENT_3D ( 'NONE', #4728, #4831, #1435 ) ;
#593 = EDGE_LOOP ( 'NONE', ( #1970, #2427, #6647, #3152 ) ) ;
#594 = ORIENTED_EDGE ( 'NONE', *, *, #4176, .F. ) ;
#595 = DIRECTION ( 'NONE',  ( 0.000000000000000000, 0.000000000000000000, 1.000000000000000000 ) ) ;
#596 = CARTESIAN_POINT ( 'NONE',  ( 1.920000000000000373, 0.2540000000000001146, -1.475000000000000089 ) ) ;
#597 = ADVANCED_FACE ( 'NONE', ( #5684 ), #1683, .F. ) ;
#598 = ORIENTED_EDGE ( 'NONE', *, *, #3483, .F. ) ;
#599 = VECTOR ( 'NONE', #1049, 1000.000000000000000 ) ;
#600 = ORIENTED_EDGE ( 'NONE', *, *, #7079, .T. ) ;
#601 = CARTESIAN_POINT ( 'NONE',  ( 2.440579527876272081, -9.062316430720066274E-18, -1.475000000000000089 ) ) ;
#602 = FACE_OUTER_BOUND ( 'NONE', #6890, .T. ) ;
#603 = EDGE_CURVE ( 'NONE', #3795, #5751, #2855, .T. ) ;
#604 = PLANE ( 'NONE',  #1974 ) ;
#605 = FACE_OUTER_BOUND ( 'NONE', #121, .T. ) ;
#606 = CARTESIAN_POINT ( 'NONE',  ( -2.201813623794039998, 0.1927602130810681935, -1.775000000000000133 ) ) ;
#607 = AXIS2_PLACEMENT_3D ( 'NONE', #6300, #3348, #1989 ) ;
#608 = EDGE_CURVE ( 'NONE', #5386, #949, #2295, .T. ) ;
#609 = VERTEX_POINT ( 'NONE', #6747 ) ;
#610 = DIRECTION ( 'NONE',  ( -0.000000000000000000, -0.000000000000000000, -1.000000000000000000 ) ) ;
#611 = FACE_OUTER_BOUND ( 'NONE', #7027, .T. ) ;
#612 = FACE_OUTER_BOUND ( 'NONE', #3498, .T. ) ;
#613 = AXIS2_PLACEMENT_3D ( 'NONE', #5635, #4421, #5524 ) ;
#614 = DIRECTION ( 'NONE',  ( 0.000000000000000000, 1.000000000000000000, 0.000000000000000000 ) ) ;
#615 = VERTEX_POINT ( 'NONE', #136 ) ;
#616 = EDGE_CURVE ( 'NONE', #2988, #5017, #6118, .T. ) ;
#617 = ORIENTED_EDGE ( 'NONE', *, *, #7151, .T. ) ;
#618 = LINE ( 'NONE', #7140, #5715 ) ;
#619 = VECTOR ( 'NONE', #4280, 1000.000000000000000 ) ;
#620 = PLANE ( 'NONE',  #6166 ) ;
#621 = AXIS2_PLACEMENT_3D ( 'NONE', #5094, #6815, #3466 ) ;
#622 = ORIENTED_EDGE ( 'NONE', *, *, #3344, .F. ) ;
#623 = DIRECTION ( 'NONE',  ( -0.05233595624293797127, 0.9986295347545741663, 0.000000000000000000 ) ) ;
#624 = ORIENTED_EDGE ( 'NONE', *, *, #2137, .F. ) ;
#625 = VECTOR ( 'NONE', #3451, 1000.000000000000000 ) ;
#626 = DIRECTION ( 'NONE',  ( -3.097720492815728645E-16, 0.000000000000000000, -1.000000000000000000 ) ) ;
#627 = DIRECTION ( 'NONE',  ( -0.000000000000000000, -0.000000000000000000, -1.000000000000000000 ) ) ;
#628 = VECTOR ( 'NONE', #610, 1000.000000000000000 ) ;
#629 = VECTOR ( 'NONE', #3413, 1000.000000000000000 ) ;
#630 = ORIENTED_EDGE ( 'NONE', *, *, #1685, .T. ) ;
#631 = VECTOR ( 'NONE', #2844, 1000.000000000000114 ) ;
#632 = CARTESIAN_POINT ( 'NONE',  ( 2.201813623794039998, 0.1927602130810683878, -0.1750000000000002387 ) ) ;
#633 = EDGE_LOOP ( 'NONE', ( #6972, #4008, #7143, #1136 ) ) ;
#634 = CARTESIAN_POINT ( 'NONE',  ( -0.7055000000000003491, 0.2999999999999999889, -1.627456665294731038E-16 ) ) ;
#635 = LINE ( 'NONE', #1632, #722 ) ;
#636 = VECTOR ( 'NONE', #4596, 1000.000000000000000 ) ;
#637 = ORIENTED_EDGE ( 'NONE', *, *, #2170, .T. ) ;
#638 = ORIENTED_EDGE ( 'NONE', *, *, #5700, .F. ) ;
#639 = DIRECTION ( 'NONE',  ( -3.097720492815728152E-16, 0.000000000000000000, -1.000000000000000000 ) ) ;
#640 = DIRECTION ( 'NONE',  ( 0.9945218953682737340, 0.1045284632676503761, -0.000000000000000000 ) ) ;
#641 = DIRECTION ( 'NONE',  ( 0.000000000000000000, 0.000000000000000000, 1.000000000000000000 ) ) ;
#642 = LINE ( 'NONE', #2845, #2796 ) ;
#643 = DIRECTION ( 'NONE',  ( -1.000000000000000000, 0.000000000000000000, 0.000000000000000000 ) ) ;
#644 = CARTESIAN_POINT ( 'NONE',  ( 2.440579527876272081, -9.062316430720066274E-18, -0.1750000000000002387 ) ) ;
#645 = ORIENTED_EDGE ( 'NONE', *, *, #1128, .F. ) ;
#646 = CARTESIAN_POINT ( 'NONE',  ( -2.440579527876272081, -9.062316430720066274E-18, -1.475000000000000089 ) ) ;
#647 = DIRECTION ( 'NONE',  ( -1.000000000000000000, 0.000000000000000000, 0.000000000000000000 ) ) ;
#648 = DIRECTION ( 'NONE',  ( -0.000000000000000000, -0.000000000000000000, -1.000000000000000000 ) ) ;
#649 = CARTESIAN_POINT ( 'NONE',  ( -1.500000000000001110, 0.5362000000000048949, -1.775000000000000133 ) ) ;
#650 = EDGE_CURVE ( 'NONE', #5751, #5848, #5080, .T. ) ;
#651 = LINE ( 'NONE', #576, #1379 ) ;
#652 = ORIENTED_EDGE ( 'NONE', *, *, #1564, .F. ) ;
#653 = ADVANCED_FACE ( 'NONE', ( #719 ), #2927, .F. ) ;
#654 = CARTESIAN_POINT ( 'NONE',  ( -1.459660994505034504, 1.100000000000000089, 2.019499999999993634 ) ) ;
#655 = ORIENTED_EDGE ( 'NONE', *, *, #5254, .F. ) ;
#656 =( LENGTH_UNIT ( ) NAMED_UNIT ( * ) SI_UNIT ( .MILLI., .METRE. ) );
#657 = EDGE_CURVE ( 'NONE', #5434, #2428, #6254, .T. ) ;
#658 = VERTEX_POINT ( 'NONE', #1293 ) ;
#659 = DIRECTION ( 'NONE',  ( 1.000000000000000000, 0.000000000000000000, 0.000000000000000000 ) ) ;
#660 = EDGE_CURVE ( 'NONE', #70, #1684, #2444, .T. ) ;
#661 = ORIENTED_EDGE ( 'NONE', *, *, #1120, .T. ) ;
#662 = EDGE_CURVE ( 'NONE', #6015, #3513, #787, .T. ) ;
#663 = CARTESIAN_POINT ( 'NONE',  ( -1.920000000000000373, 0.2540000000000000036, 1.124999999999999778 ) ) ;
#664 = ORIENTED_EDGE ( 'NONE', *, *, #4009, .T. ) ;
#665 = AXIS2_PLACEMENT_3D ( 'NONE', #4563, #1330, #5639 ) ;
#666 = CARTESIAN_POINT ( 'NONE',  ( 1.499999999999998890, 0.7161999999999888455, -2.019500000000007400 ) ) ;
#667 = DIRECTION ( 'NONE',  ( -1.000000000000000000, 0.000000000000000000, 0.000000000000000000 ) ) ;
#668 = CARTESIAN_POINT ( 'NONE',  ( 1.776161133969892392, 0.5362000000000048949, -1.775000000000000133 ) ) ;
#669 = LINE ( 'NONE', #271, #1580 ) ;
#670 = ORIENTED_EDGE ( 'NONE', *, *, #1007, .T. ) ;
#671 = VECTOR ( 'NONE', #5493, 1000.000000000000114 ) ;
#672 = ORIENTED_EDGE ( 'NONE', *, *, #3995, .F. ) ;
#673 = FACE_OUTER_BOUND ( 'NONE', #4100, .T. ) ;
#674 = CARTESIAN_POINT ( 'NONE',  ( 1.500000000000001110, 0.5362000000000048949, 0.4749999999999997558 ) ) ;
#675 = CARTESIAN_POINT ( 'NONE',  ( 0.8255000000000001226, 0.1523999999999999799, 1.302500000000000657 ) ) ;
#676 = CARTESIAN_POINT ( 'NONE',  ( 1.499999999999998890, 0.5362000000000101130, 2.019499999999993634 ) ) ;
#677 = LINE ( 'NONE', #1675, #1519 ) ;
#678 = DIRECTION ( 'NONE',  ( -1.000000000000000000, 0.000000000000000000, 0.000000000000000000 ) ) ;
#679 = LINE ( 'NONE', #89, #697 ) ;
#680 = FACE_OUTER_BOUND ( 'NONE', #6471, .T. ) ;
#681 = DIRECTION ( 'NONE',  ( -0.000000000000000000, -0.000000000000000000, -1.000000000000000000 ) ) ;
#682 = DIRECTION ( 'NONE',  ( -1.000000000000000000, 0.000000000000000000, 0.000000000000000000 ) ) ;
#683 = EDGE_CURVE ( 'NONE', #7163, #3233, #247, .T. ) ;
#684 = ORIENTED_EDGE ( 'NONE', *, *, #2902, .F. ) ;
#685 = CIRCLE ( 'NONE', #1591, 0.2921194534934675735 ) ;
#686 = EDGE_CURVE ( 'NONE', #6577, #2551, #2412, .T. ) ;
#687 = DIRECTION ( 'NONE',  ( 0.000000000000000000, 0.000000000000000000, 1.000000000000000000 ) ) ;
#688 = EDGE_LOOP ( 'NONE', ( #3124, #2702 ) ) ;
#689 = SURFACE_STYLE_FILL_AREA ( #6205 ) ;
#690 = EDGE_CURVE ( 'NONE', #4663, #2732, #6986, .T. ) ;
#691 = VECTOR ( 'NONE', #6871, 1000.000000000000000 ) ;
#692 = ORIENTED_EDGE ( 'NONE', *, *, #2166, .F. ) ;
#693 = LINE ( 'NONE', #2790, #3290 ) ;
#694 = PLANE ( 'NONE',  #4627 ) ;
#695 = VERTEX_POINT ( 'NONE', #1709 ) ;
#696 = EDGE_CURVE ( 'NONE', #3251, #4995, #5676, .T. ) ;
#697 = VECTOR ( 'NONE', #1853, 1000.000000000000000 ) ;
#698 = AXIS2_PLACEMENT_3D ( 'NONE', #575, #1577, #4324 ) ;
#699 = ORIENTED_EDGE ( 'NONE', *, *, #966, .T. ) ;
#700 = CIRCLE ( 'NONE', #3464, 0.2921194534934675735 ) ;
#701 = EDGE_CURVE ( 'NONE', #3249, #6233, #1220, .T. ) ;
#702 = CARTESIAN_POINT ( 'NONE',  ( -1.886577241033764230, 0.4435498852866789354, -1.475000000000000089 ) ) ;
#703 = VERTEX_POINT ( 'NONE', #4385 ) ;
#704 = FACE_OUTER_BOUND ( 'NONE', #1910, .T. ) ;
#705 = AXIS2_PLACEMENT_3D ( 'NONE', #1207, #3414, #667 ) ;
#706 = EDGE_CURVE ( 'NONE', #3162, #6437, #2252, .T. ) ;
#707 = ADVANCED_FACE ( 'NONE', ( #3351 ), #6703, .F. ) ;
#708 = EDGE_LOOP ( 'NONE', ( #2381, #4635, #2231, #507 ) ) ;
#709 = VECTOR ( 'NONE', #324, 1000.000000000000114 ) ;
#710 = FACE_OUTER_BOUND ( 'NONE', #6331, .T. ) ;
#711 = FACE_OUTER_BOUND ( 'NONE', #3334, .T. ) ;
#712 = DIRECTION ( 'NONE',  ( 6.195440985631441512E-16, 0.000000000000000000, -1.000000000000000000 ) ) ;
#713 = CARTESIAN_POINT ( 'NONE',  ( -1.886577241033764230, 0.4435498852866788799, 1.124999999999999778 ) ) ;
#714 = VECTOR ( 'NONE', #3005, 1000.000000000000000 ) ;
#715 = ORIENTED_EDGE ( 'NONE', *, *, #3128, .F. ) ;
#716 = CARTESIAN_POINT ( 'NONE',  ( 0.9454999999999995630, 0.1523999999999999799, 2.181091817202221452E-16 ) ) ;
#717 = CARTESIAN_POINT ( 'NONE',  ( -1.500000000000001110, 0.5362000000000048949, 1.124999999999999778 ) ) ;
#718 = AXIS2_PLACEMENT_3D ( 'NONE', #3099, #4099, #3634 ) ;
#719 = FACE_OUTER_BOUND ( 'NONE', #5037, .T. ) ;
#720 = ORIENTED_EDGE ( 'NONE', *, *, #5163, .T. ) ;
#721 = ORIENTED_EDGE ( 'NONE', *, *, #6293, .T. ) ;
#722 = VECTOR ( 'NONE', #551, 1000.000000000000000 ) ;
#723 = FACE_OUTER_BOUND ( 'NONE', #820, .T. ) ;
#724 = CARTESIAN_POINT ( 'NONE',  ( -0.9455000000000004512, 0.2999999999999999889, 1.302499999999999769 ) ) ;
#725 = LINE ( 'NONE', #5512, #5206 ) ;
#726 = ORIENTED_EDGE ( 'NONE', *, *, #2388, .T. ) ;
#727 = CARTESIAN_POINT ( 'NONE',  ( -1.886577241033764230, 0.4435498852866789354, -0.1750000000000002387 ) ) ;
#728 = VERTEX_POINT ( 'NONE', #6081 ) ;
#729 = ADVANCED_FACE ( 'NONE', ( #2771 ), #6302, .F. ) ;
#730 = AXIS2_PLACEMENT_3D ( 'NONE', #6236, #3406, #6851 ) ;
#731 = CARTESIAN_POINT ( 'NONE',  ( 2.450000000000000178, 0.1797533162558100084, -0.8250000000000001776 ) ) ;
#732 = ORIENTED_EDGE ( 'NONE', *, *, #6593, .F. ) ;
#733 = AXIS2_PLACEMENT_3D ( 'NONE', #1504, #1403, #3715 ) ;
#734 = DIRECTION ( 'NONE',  ( 0.05233595624293796433, -0.9986295347545741663, -0.000000000000000000 ) ) ;
#735 = ORIENTED_EDGE ( 'NONE', *, *, #2823, .F. ) ;
#736 = EDGE_CURVE ( 'NONE', #2378, #6977, #278, .T. ) ;
#737 = DIRECTION ( 'NONE',  ( -1.000000000000000000, 0.000000000000000000, 0.000000000000000000 ) ) ;
#738 = PLANE ( 'NONE',  #321 ) ;
#739 = VECTOR ( 'NONE', #171, 1000.000000000000000 ) ;
#740 = VECTOR ( 'NONE', #41, 1000.000000000000000 ) ;
#741 = ORIENTED_EDGE ( 'NONE', *, *, #6733, .T. ) ;
#742 = ORIENTED_EDGE ( 'NONE', *, *, #5501, .T. ) ;
#743 = SURFACE_STYLE_FILL_AREA ( #5043 ) ;
#744 = CARTESIAN_POINT ( 'NONE',  ( -1.886577241033764230, 0.4435498852866788799, 0.4749999999999997558 ) ) ;
#745 = FACE_OUTER_BOUND ( 'NONE', #479, .T. ) ;
#746 = VECTOR ( 'NONE', #3076, 1000.000000000000000 ) ;
#747 = EDGE_CURVE ( 'NONE', #841, #2746, #5750, .T. ) ;
#748 = CARTESIAN_POINT ( 'NONE',  ( 1.776161133969892392, 0.5362000000000048949, 1.124999999999999778 ) ) ;
#749 = FACE_OUTER_BOUND ( 'NONE', #6867, .T. ) ;
#750 = ORIENTED_EDGE ( 'NONE', *, *, #662, .T. ) ;
#751 = VECTOR ( 'NONE', #4225, 1000.000000000000000 ) ;
#752 = ORIENTED_EDGE ( 'NONE', *, *, #250, .F. ) ;
#753 = CARTESIAN_POINT ( 'NONE',  ( 0.8255000000000001226, 0.1523999999999999799, -1.302500000000000213 ) ) ;
#754 = CARTESIAN_POINT ( 'NONE',  ( -1.776161133969892392, 0.4240805465065236035, -1.125000000000000222 ) ) ;
#755 = DIRECTION ( 'NONE',  ( -0.1039620511844946416, -0.9891328443778545365, -0.1039620511844940726 ) ) ;
#756 = CARTESIAN_POINT ( 'NONE',  ( 2.207681502606056778, 0.3047260107602003942, -1.475000000000000089 ) ) ;
#757 = DIRECTION ( 'NONE',  ( -0.000000000000000000, 1.000000000000000000, -0.000000000000000000 ) ) ;
#758 = EDGE_LOOP ( 'NONE', ( #2123, #5287, #3166, #4312 ) ) ;
#759 = CARTESIAN_POINT ( 'NONE',  ( 2.192393151670311457, 0.01300689682525807585, -1.125000000000000222 ) ) ;
#760 =( LENGTH_UNIT ( ) NAMED_UNIT ( * ) SI_UNIT ( .MILLI., .METRE. ) );
#761 = LINE ( 'NONE', #1933, #6749 ) ;
#762 = EDGE_LOOP ( 'NONE', ( #5638, #4014, #6398, #4231 ) ) ;
#763 = CARTESIAN_POINT ( 'NONE',  ( 0.7054999999999993499, 0.1523999999999999799, 1.422499999999999876 ) ) ;
#764 = DIRECTION ( 'NONE',  ( 0.1736481776669313581, 0.9848077530122079093, -0.000000000000000000 ) ) ;
#765 = ORIENTED_EDGE ( 'NONE', *, *, #6426, .T. ) ;
#766 = ORIENTED_EDGE ( 'NONE', *, *, #3565, .T. ) ;
#767 = PLANE ( 'NONE',  #4195 ) ;
#768 = DIRECTION ( 'NONE',  ( 0.1736481776669336896, -0.9848077530122073542, 0.000000000000000000 ) ) ;
#769 = EDGE_CURVE ( 'NONE', #3899, #4934, #776, .T. ) ;
#770 = DIRECTION ( 'NONE',  ( -1.000000000000000000, 0.000000000000000000, 0.000000000000000000 ) ) ;
#771 = ADVANCED_FACE ( 'NONE', ( #5818 ), #852, .F. ) ;
#772 = ORIENTED_EDGE ( 'NONE', *, *, #6575, .T. ) ;
#773 = DIRECTION ( 'NONE',  ( 1.000000000000000000, 3.925976682163069868E-16, 0.000000000000000000 ) ) ;
#774 = EDGE_CURVE ( 'NONE', #3836, #3941, #5187, .T. ) ;
#775 = CARTESIAN_POINT ( 'NONE',  ( 2.207681502606056778, 0.3047260107602003942, -1.125000000000000222 ) ) ;
#776 = LINE ( 'NONE', #6263, #5781 ) ;
#777 = DIRECTION ( 'NONE',  ( 0.000000000000000000, 0.000000000000000000, 1.000000000000000000 ) ) ;
#778 = AXIS2_PLACEMENT_3D ( 'NONE', #2168, #5442, #2100 ) ;
#779 = VERTEX_POINT ( 'NONE', #2580 ) ;
#780 = EDGE_CURVE ( 'NONE', #2870, #4922, #4996, .T. ) ;
#781 = ORIENTED_EDGE ( 'NONE', *, *, #3775, .T. ) ;
#782 = EDGE_CURVE ( 'NONE', #6235, #3227, #3834, .T. ) ;
#783 = DIRECTION ( 'NONE',  ( -0.000000000000000000, -0.000000000000000000, -1.000000000000000000 ) ) ;
#784 = DIRECTION ( 'NONE',  ( 1.000000000000000000, 0.000000000000000000, -0.000000000000000000 ) ) ;
#785 = FACE_OUTER_BOUND ( 'NONE', #3354, .T. ) ;
#786 = ADVANCED_FACE ( 'NONE', ( #5888 ), #5509, .F. ) ;
#787 = LINE ( 'NONE', #357, #4842 ) ;
#788 = ORIENTED_EDGE ( 'NONE', *, *, #3905, .T. ) ;
#789 = CARTESIAN_POINT ( 'NONE',  ( -1.500000000000001110, 0.7161999999999915101, -1.125000000000000222 ) ) ;
#790 = EDGE_CURVE ( 'NONE', #1255, #2059, #2646, .T. ) ;
#791 = ORIENTED_EDGE ( 'NONE', *, *, #4703, .T. ) ;
#792 = DIRECTION ( 'NONE',  ( -0.9945218953682737340, 0.1045284632676503761, 0.000000000000000000 ) ) ;
#793 = LINE ( 'NONE', #6885, #6589 ) ;
#794 = DIRECTION ( 'NONE',  ( 0.000000000000000000, -1.000000000000000000, 0.000000000000000000 ) ) ;
#795 = VERTEX_POINT ( 'NONE', #6468 ) ;
#796 = CARTESIAN_POINT ( 'NONE',  ( -1.886577241033764230, 0.4435498852866789354, 1.774999999999999689 ) ) ;
#797 = DIRECTION ( 'NONE',  ( -0.000000000000000000, -0.000000000000000000, -1.000000000000000000 ) ) ;
#798 = ORIENTED_EDGE ( 'NONE', *, *, #6585, .T. ) ;
#799 = CARTESIAN_POINT ( 'NONE',  ( 0.7055000000000001270, 0.1523999999999999799, -1.422500000000000320 ) ) ;
#800 = VECTOR ( 'NONE', #1991, 1000.000000000000000 ) ;
#801 = ORIENTED_EDGE ( 'NONE', *, *, #6948, .F. ) ;
#802 = STYLED_ITEM ( 'NONE', ( #4830 ), #6804 ) ;
#803 = DIRECTION ( 'NONE',  ( -1.000000000000000000, 0.000000000000000000, 0.000000000000000000 ) ) ;
#804 = ORIENTED_EDGE ( 'NONE', *, *, #782, .T. ) ;
#805 = UNCERTAINTY_MEASURE_WITH_UNIT (LENGTH_MEASURE( 1.000000000000000082E-05 ), #815, 'distance_accuracy_value', 'NONE');
#806 = VECTOR ( 'NONE', #1182, 1000.000000000000000 ) ;
#807 = EDGE_CURVE ( 'NONE', #1565, #6522, #3689, .T. ) ;
#808 = ORIENTED_EDGE ( 'NONE', *, *, #4524, .F. ) ;
#809 = SURFACE_SIDE_STYLE ('',( #3090 ) ) ;
#810 = PRESENTATION_LAYER_ASSIGNMENT (  '', '', ( #1158 ) ) ;
#811 = CLOSED_SHELL ( 'NONE', ( #4113, #916, #4799, #7128, #288, #2273, #4034, #2600, #2625, #118, #3785, #5469, #6803, #6372 ) ) ;
#812 = ORIENTED_EDGE ( 'NONE', *, *, #4964, .T. ) ;
#813 = DIRECTION ( 'NONE',  ( 1.000000000000000000, 0.000000000000000000, 0.000000000000000000 ) ) ;
#814 = VECTOR ( 'NONE', #7017, 1000.000000000000000 ) ;
#815 =( LENGTH_UNIT ( ) NAMED_UNIT ( * ) SI_UNIT ( .MILLI., .METRE. ) );
#816 = ORIENTED_EDGE ( 'NONE', *, *, #2128, .F. ) ;
#817 = VECTOR ( 'NONE', #3326, 1000.000000000000000 ) ;
#818 = PRESENTATION_LAYER_ASSIGNMENT (  '', '', ( #1501 ) ) ;
#819 = EDGE_CURVE ( 'NONE', #3513, #5891, #2750, .T. ) ;
#820 = EDGE_LOOP ( 'NONE', ( #1487, #5258, #732, #298 ) ) ;
#821 = PLANE ( 'NONE',  #199 ) ;
#822 = FACE_OUTER_BOUND ( 'NONE', #3533, .T. ) ;
#823 = DIRECTION ( 'NONE',  ( 0.9986295347545742773, -0.05233595624293691656, 0.000000000000000000 ) ) ;
#824 = CARTESIAN_POINT ( 'NONE',  ( -1.776161133969892392, 0.7161999999999915101, -1.775000000000000133 ) ) ;
#825 = DIRECTION ( 'NONE',  ( -1.000000000000000000, 0.000000000000000000, 0.000000000000000000 ) ) ;
#826 = VECTOR ( 'NONE', #3037, 1000.000000000000000 ) ;
#827 = VERTEX_POINT ( 'NONE', #2271 ) ;
#828 = CARTESIAN_POINT ( 'NONE',  ( 0.000000000000000000, 0.2999999999999999889, -1.772500000000000409 ) ) ;
#829 = EDGE_CURVE ( 'NONE', #4995, #1307, #4470, .T. ) ;
#830 = EDGE_LOOP ( 'NONE', ( #1132, #2899, #5228, #1247 ) ) ;
#831 = LINE ( 'NONE', #6382, #3845 ) ;
#832 = DIRECTION ( 'NONE',  ( 1.000000000000000000, 0.000000000000000000, 2.306813132947882026E-16 ) ) ;
#833 = CARTESIAN_POINT ( 'NONE',  ( 0.9454999999999998961, 0.1523999999999999799, -1.772500000000000187 ) ) ;
#834 = ORIENTED_EDGE ( 'NONE', *, *, #350, .T. ) ;
#835 = DIRECTION ( 'NONE',  ( -1.000000000000000000, 0.000000000000000000, 0.000000000000000000 ) ) ;
#836 = CARTESIAN_POINT ( 'NONE',  ( -1.776161133969892392, 0.5362000000000050060, -1.125000000000000222 ) ) ;
#837 = ORIENTED_EDGE ( 'NONE', *, *, #245, .F. ) ;
#838 = ADVANCED_FACE ( 'NONE', ( #1615 ), #6676, .T. ) ;
#839 = VECTOR ( 'NONE', #524, 1000.000000000000000 ) ;
#840 = FACE_OUTER_BOUND ( 'NONE', #3139, .T. ) ;
#841 = VERTEX_POINT ( 'NONE', #6708 ) ;
#842 = CARTESIAN_POINT ( 'NONE',  ( 2.192393151670311457, 0.01300689682525807585, 1.124999999999999778 ) ) ;
#843 = CARTESIAN_POINT ( 'NONE',  ( -1.150000000000001021, 1.080000000000000071, -1.669500000000007311 ) ) ;
#844 = VERTEX_POINT ( 'NONE', #494 ) ;
#845 = ORIENTED_EDGE ( 'NONE', *, *, #423, .T. ) ;
#846 = ORIENTED_EDGE ( 'NONE', *, *, #5295, .F. ) ;
#847 = AXIS2_PLACEMENT_3D ( 'NONE', #432, #2017, #2633 ) ;
#848 = VERTEX_POINT ( 'NONE', #20 ) ;
#849 = CARTESIAN_POINT ( 'NONE',  ( 1.499999999999998890, -5.031254416147130648, 2.019499999999993634 ) ) ;
#850 = CARTESIAN_POINT ( 'NONE',  ( 0.7054999999999991278, 0.1523999999999999799, 1.772500000000000631 ) ) ;
#851 = LINE ( 'NONE', #3061, #2117 ) ;
#852 = PLANE ( 'NONE',  #4259 ) ;
#853 = ORIENTED_EDGE ( 'NONE', *, *, #956, .F. ) ;
#854 = EDGE_LOOP ( 'NONE', ( #3646, #1034, #1117, #6049 ) ) ;
#855 = DIRECTION ( 'NONE',  ( 0.000000000000000000, -1.000000000000000000, 0.000000000000000000 ) ) ;
#856 = DIRECTION ( 'NONE',  ( 0.9986295347545742773, 0.05233595624293731902, 0.000000000000000000 ) ) ;
#857 = AXIS2_PLACEMENT_3D ( 'NONE', #5923, #478, #2716 ) ;
#858 = APPLICATION_PROTOCOL_DEFINITION ( 'draft international standard', 'automotive_design', 1998, #438 ) ;
#859 = LINE ( 'NONE', #2000, #5099 ) ;
#860 = DIRECTION ( 'NONE',  ( -0.1736481776669336896, 0.9848077530122073542, 0.000000000000000000 ) ) ;
#861 = EDGE_CURVE ( 'NONE', #3303, #2988, #1043, .T. ) ;
#862 = VECTOR ( 'NONE', #5764, 1000.000000000000000 ) ;
#863 = ORIENTED_EDGE ( 'NONE', *, *, #3684, .F. ) ;
#864 = EDGE_CURVE ( 'NONE', #728, #2462, #5498, .T. ) ;
#865 = DIRECTION ( 'NONE',  ( -1.000000000000000000, 0.000000000000000000, 0.000000000000000000 ) ) ;
#866 = DIRECTION ( 'NONE',  ( -0.000000000000000000, -0.000000000000000000, -1.000000000000000000 ) ) ;
#867 = ORIENTED_EDGE ( 'NONE', *, *, #5252, .T. ) ;
#868 = CARTESIAN_POINT ( 'NONE',  ( -2.440579527876272081, -9.062316430720066274E-18, -0.1750000000000002387 ) ) ;
#869 = ORIENTED_EDGE ( 'NONE', *, *, #6766, .T. ) ;
#870 = EDGE_CURVE ( 'NONE', #6322, #3133, #4358, .T. ) ;
#871 = DIRECTION ( 'NONE',  ( -0.000000000000000000, -0.000000000000000000, -1.000000000000000000 ) ) ;
#872 = EDGE_CURVE ( 'NONE', #81, #3075, #3806, .T. ) ;
#873 = ORIENTED_EDGE ( 'NONE', *, *, #3296, .F. ) ;
#874 = EDGE_CURVE ( 'NONE', #3751, #3829, #4903, .T. ) ;
#875 = SURFACE_STYLE_FILL_AREA ( #3618 ) ;
#876 = DIRECTION ( 'NONE',  ( 0.000000000000000000, 0.000000000000000000, 1.000000000000000000 ) ) ;
#877 = DIRECTION ( 'NONE',  ( 0.000000000000000000, 1.000000000000000000, 0.000000000000000000 ) ) ;
#878 = ORIENTED_EDGE ( 'NONE', *, *, #452, .T. ) ;
#879 = ORIENTED_EDGE ( 'NONE', *, *, #1171, .F. ) ;
#880 = FILL_AREA_STYLE ('',( #3552 ) ) ;
#881 = CARTESIAN_POINT ( 'NONE',  ( -2.440579527876272081, -9.062316430720066274E-18, -1.125000000000000222 ) ) ;
#882 = CARTESIAN_POINT ( 'NONE',  ( -1.776161133969892392, 0.7161999999999913991, -0.8250000000000001776 ) ) ;
#883 = CARTESIAN_POINT ( 'NONE',  ( 2.097265395542184940, 0.2852566719800452844, 1.774999999999999689 ) ) ;
#884 = DIRECTION ( 'NONE',  ( -0.000000000000000000, -0.000000000000000000, -1.000000000000000000 ) ) ;
#885 = ORIENTED_EDGE ( 'NONE', *, *, #3215, .F. ) ;
#886 = ORIENTED_EDGE ( 'NONE', *, *, #5210, .T. ) ;
#887 = DIRECTION ( 'NONE',  ( 0.9986295347545742773, -0.05233595624293691656, 0.000000000000000000 ) ) ;
#888 = LINE ( 'NONE', #4206, #5243 ) ;
#889 = CARTESIAN_POINT ( 'NONE',  ( 2.201813623794039998, 0.1927602130810683878, -1.125000000000000222 ) ) ;
#890 = DIRECTION ( 'NONE',  ( 0.000000000000000000, -1.000000000000000000, 0.000000000000000000 ) ) ;
#891 = CARTESIAN_POINT ( 'NONE',  ( 2.450000000000000178, 0.1797533162558100084, -1.475000000000000089 ) ) ;
#892 = VECTOR ( 'NONE', #469, 1000.000000000000000 ) ;
#893 = VECTOR ( 'NONE', #170, 1000.000000000000000 ) ;
#894 = ORIENTED_EDGE ( 'NONE', *, *, #3704, .F. ) ;
#895 = ADVANCED_FACE ( 'NONE', ( #3287 ), #1152, .F. ) ;
#896 = CARTESIAN_POINT ( 'NONE',  ( -2.063842636575949019, 0.4748065572667242162, 0.4749999999999997558 ) ) ;
#897 = DIRECTION ( 'NONE',  ( 0.000000000000000000, 0.1045284632676498210, 0.9945218953682737340 ) ) ;
#898 = DIRECTION ( 'NONE',  ( -3.925976682163069868E-16, 1.000000000000000000, 0.000000000000000000 ) ) ;
#899 = ORIENTED_EDGE ( 'NONE', *, *, #1007, .F. ) ;
#900 = CARTESIAN_POINT ( 'NONE',  ( -0.7055000000000000160, 0.1523999999999999799, -1.422500000000000320 ) ) ;
#901 = DIRECTION ( 'NONE',  ( 0.000000000000000000, -1.000000000000000000, 0.000000000000000000 ) ) ;
#902 = CARTESIAN_POINT ( 'NONE',  ( 2.063842636575948575, 0.4748065572667239942, 1.124999999999999778 ) ) ;
#903 = ORIENTED_EDGE ( 'NONE', *, *, #6691, .T. ) ;
#904 = ADVANCED_FACE ( 'NONE', ( #2261 ), #3361, .T. ) ;
#905 = DIRECTION ( 'NONE',  ( -1.000000000000000000, 0.000000000000000000, 0.000000000000000000 ) ) ;
#906 = ADVANCED_FACE ( 'NONE', ( #7098 ), #3822, .F. ) ;
#907 = ORIENTED_EDGE ( 'NONE', *, *, #5708, .F. ) ;
#908 =( LENGTH_UNIT ( ) NAMED_UNIT ( * ) SI_UNIT ( .MILLI., .METRE. ) );
#909 = LINE ( 'NONE', #5321, #3374 ) ;
#910 = AXIS2_PLACEMENT_3D ( 'NONE', #4291, #4870, #5457 ) ;
#911 = CARTESIAN_POINT ( 'NONE',  ( 1.776161133969892392, 0.7161999999999913991, -1.475000000000000089 ) ) ;
#912 = ORIENTED_EDGE ( 'NONE', *, *, #2911, .F. ) ;
#914 = ORIENTED_EDGE ( 'NONE', *, *, #1086, .T. ) ;
#913 = MECHANICAL_DESIGN_GEOMETRIC_PRESENTATION_REPRESENTATION (  '', ( #6711 ), #561 ) ;
#915 = CIRCLE ( 'NONE', #2760, 0.1121194534934814163 ) ;
#916 = ADVANCED_FACE ( 'NONE', ( #2114 ), #7137, .T. ) ;
#917 = VERTEX_POINT ( 'NONE', #6640 ) ;
#918 = CARTESIAN_POINT ( 'NONE',  ( 2.097265395542184940, 0.2852566719800452844, 1.774999999999999689 ) ) ;
#919 = VECTOR ( 'NONE', #6467, 1000.000000000000000 ) ;
#920 = CARTESIAN_POINT ( 'NONE',  ( -2.192393151670311457, 0.01300689682525818514, -0.1750000000000002387 ) ) ;
#921 = VECTOR ( 'NONE', #5644, 999.9999999999998863 ) ;
#922 = FACE_OUTER_BOUND ( 'NONE', #2979, .T. ) ;
#923 = DIRECTION ( 'NONE',  ( -1.000000000000000000, 0.000000000000000000, 0.000000000000000000 ) ) ;
#924 = EDGE_CURVE ( 'NONE', #5229, #13, #347, .T. ) ;
#925 = EDGE_LOOP ( 'NONE', ( #567, #4902, #1522, #873, #5428, #3873, #672, #5077, #4516, #6875, #6340, #3672, #3692, #2281, #6074, #4510, #2699, #715, #2151, #1222 ) ) ;
#926 = AXIS2_PLACEMENT_3D ( 'NONE', #2236, #4440, #2835 ) ;
#927 = ORIENTED_EDGE ( 'NONE', *, *, #1555, .T. ) ;
#928 = EDGE_CURVE ( 'NONE', #1832, #4065, #1682, .T. ) ;
#929 = CARTESIAN_POINT ( 'NONE',  ( -1.776161133969892392, 0.5362000000000050060, -0.1750000000000002387 ) ) ;
#930 = DIRECTION ( 'NONE',  ( -0.000000000000000000, -0.000000000000000000, -1.000000000000000000 ) ) ;
#931 = ORIENTED_EDGE ( 'NONE', *, *, #1086, .F. ) ;
#932 = VECTOR ( 'NONE', #2366, 1000.000000000000000 ) ;
#933 = LINE ( 'NONE', #5267, #1838 ) ;
#934 = LINE ( 'NONE', #396, #952 ) ;
#935 = DIRECTION ( 'NONE',  ( -2.306813132947882026E-16, 0.000000000000000000, 1.000000000000000000 ) ) ;
#936 = VECTOR ( 'NONE', #1101, 1000.000000000000000 ) ;
#937 = ORIENTED_EDGE ( 'NONE', *, *, #6462, .T. ) ;
#938 = CARTESIAN_POINT ( 'NONE',  ( 2.450000000000000178, 0.1797533162558100084, -0.1750000000000002387 ) ) ;
#939 = CARTESIAN_POINT ( 'NONE',  ( 0.000000000000000000, 0.1523999999999999799, 1.302500000000000657 ) ) ;
#940 = AXIS2_PLACEMENT_3D ( 'NONE', #5122, #5089, #1190 ) ;
#941 = ORIENTED_EDGE ( 'NONE', *, *, #996, .F. ) ;
#942 = CARTESIAN_POINT ( 'NONE',  ( 2.192393151670311457, 0.01300689682525807585, -0.1750000000000002387 ) ) ;
#943 = PLANE ( 'NONE',  #563 ) ;
#944 = ORIENTED_EDGE ( 'NONE', *, *, #4311, .T. ) ;
#945 = CARTESIAN_POINT ( 'NONE',  ( -1.500000000000001110, 0.5362000000000048949, 0.1749999999999998224 ) ) ;
#946 = EDGE_LOOP ( 'NONE', ( #2456, #1192, #5855, #1888 ) ) ;
#947 = DIRECTION ( 'NONE',  ( 1.000000000000000000, 0.000000000000000000, 0.000000000000000000 ) ) ;
#948 = LINE ( 'NONE', #5357, #7175 ) ;
#949 = VERTEX_POINT ( 'NONE', #5682 ) ;
#950 = UNCERTAINTY_MEASURE_WITH_UNIT (LENGTH_MEASURE( 1.000000000000000082E-05 ), #2744, 'distance_accuracy_value', 'NONE');
#951 = FACE_OUTER_BOUND ( 'NONE', #4832, .T. ) ;
#952 = VECTOR ( 'NONE', #5268, 1000.000000000000000 ) ;
#953 = EDGE_CURVE ( 'NONE', #6429, #4236, #2854, .T. ) ;
#954 = VERTEX_POINT ( 'NONE', #717 ) ;
#955 = AXIS2_PLACEMENT_3D ( 'NONE', #5115, #5226, #198 ) ;
#956 = EDGE_CURVE ( 'NONE', #6356, #6203, #6830, .T. ) ;
#957 = DIRECTION ( 'NONE',  ( -1.000000000000000000, 3.925976682163069868E-16, 0.000000000000000000 ) ) ;
#958 = ORIENTED_EDGE ( 'NONE', *, *, #1608, .T. ) ;
#959 = CARTESIAN_POINT ( 'NONE',  ( -1.500000000000001110, 0.7161999999999915101, 1.774999999999999689 ) ) ;
#960 = SURFACE_SIDE_STYLE ('',( #4754 ) ) ;
#961 = EDGE_CURVE ( 'NONE', #3410, #5891, #4607, .T. ) ;
#962 = ORIENTED_EDGE ( 'NONE', *, *, #5920, .T. ) ;
#963 = VERTEX_POINT ( 'NONE', #5756 ) ;
#964 = VECTOR ( 'NONE', #3825, 1000.000000000000000 ) ;
#965 = LINE ( 'NONE', #6584, #6312 ) ;
#966 = EDGE_CURVE ( 'NONE', #5247, #2594, #3174, .T. ) ;
#967 = CARTESIAN_POINT ( 'NONE',  ( 0.000000000000000000, 0.2999999999999999889, -1.772500000000000409 ) ) ;
#968 = CARTESIAN_POINT ( 'NONE',  ( -0.7055000000000007931, 0.2999999999999999889, 1.772499999999999964 ) ) ;
#969 = DIRECTION ( 'NONE',  ( 0.9848077530122079093, 0.1736481776669313581, -0.000000000000000000 ) ) ;
#970 = AXIS2_PLACEMENT_3D ( 'NONE', #763, #5799, #835 ) ;
#971 = DIRECTION ( 'NONE',  ( -0.000000000000000000, -0.000000000000000000, -1.000000000000000000 ) ) ;
#972 = ADVANCED_FACE ( 'NONE', ( #2001 ), #5377, .T. ) ;
#973 = MECHANICAL_DESIGN_GEOMETRIC_PRESENTATION_REPRESENTATION (  '', ( #2223 ), #6066 ) ;
#974 = AXIS2_PLACEMENT_3D ( 'NONE', #3673, #3714, #3072 ) ;
#975 = CIRCLE ( 'NONE', #5010, 0.1121194534934809861 ) ;
#976 = VERTEX_POINT ( 'NONE', #4683 ) ;
#977 = CARTESIAN_POINT ( 'NONE',  ( -1.500000000000001110, 0.7161999999999915101, -0.1750000000000002387 ) ) ;
#978 = CARTESIAN_POINT ( 'NONE',  ( 1.886577241033764230, 0.4435498852866788799, 1.474999999999999645 ) ) ;
#979 = ORIENTED_EDGE ( 'NONE', *, *, #2264, .T. ) ;
#980 = DIRECTION ( 'NONE',  ( -0.000000000000000000, 1.000000000000000000, -0.000000000000000000 ) ) ;
#981 = FACE_OUTER_BOUND ( 'NONE', #4193, .T. ) ;
#982 = ORIENTED_EDGE ( 'NONE', *, *, #3297, .T. ) ;
#983 = VECTOR ( 'NONE', #1023, 1000.000000000000000 ) ;
#984 = FACE_OUTER_BOUND ( 'NONE', #7030, .T. ) ;
#985 = VERTEX_POINT ( 'NONE', #1397 ) ;
#986 = FACE_OUTER_BOUND ( 'NONE', #6408, .T. ) ;
#987 = DIRECTION ( 'NONE',  ( 0.1736481776669336896, -0.9848077530122073542, 0.000000000000000000 ) ) ;
#988 = CARTESIAN_POINT ( 'NONE',  ( -1.776161133969892392, 0.4240805465065236035, 0.8249999999999997335 ) ) ;
#989 = ORIENTED_EDGE ( 'NONE', *, *, #4529, .T. ) ;
#990 = VERTEX_POINT ( 'NONE', #4861 ) ;
#991 = ORIENTED_EDGE ( 'NONE', *, *, #1955, .T. ) ;
#992 = PLANE ( 'NONE',  #3469 ) ;
#993 = ADVANCED_FACE ( 'NONE', ( #4283 ), #2140, .F. ) ;
#994 = CARTESIAN_POINT ( 'NONE',  ( 1.500000000000001110, 0.5362000000000048949, 0.4749999999999997558 ) ) ;
#995 = DIRECTION ( 'NONE',  ( 0.05233595624293796433, -0.9986295347545741663, -0.000000000000000000 ) ) ;
#996 = EDGE_CURVE ( 'NONE', #658, #368, #1534, .T. ) ;
#997 = EDGE_LOOP ( 'NONE', ( #1336, #7003, #261, #5026 ) ) ;
#998 = ORIENTED_EDGE ( 'NONE', *, *, #5614, .F. ) ;
#999 = DIRECTION ( 'NONE',  ( 0.9848077530122079093, 0.1736481776669313581, -0.000000000000000000 ) ) ;
#1000 = PLANE ( 'NONE',  #2590 ) ;
#1001 = ADVANCED_FACE ( 'NONE', ( #2209 ), #525, .F. ) ;
#1002 = DIRECTION ( 'NONE',  ( -1.000000000000000000, 0.000000000000000000, 0.000000000000000000 ) ) ;
#1003 = DIRECTION ( 'NONE',  ( 1.000000000000000000, -3.925976682163069868E-16, 0.000000000000000000 ) ) ;
#1004 = DIRECTION ( 'NONE',  ( -0.000000000000000000, -0.000000000000000000, -1.000000000000000000 ) ) ;
#1005 = DIRECTION ( 'NONE',  ( -0.000000000000000000, -0.000000000000000000, -1.000000000000000000 ) ) ;
#1006 = ADVANCED_FACE ( 'NONE', ( #605 ), #2808, .F. ) ;
#1007 = EDGE_CURVE ( 'NONE', #4490, #2820, #5046, .T. ) ;
#1008 = VERTEX_POINT ( 'NONE', #1706 ) ;
#1009 = DIRECTION ( 'NONE',  ( -1.000000000000000000, 0.000000000000000000, 0.000000000000000000 ) ) ;
#1010 = EDGE_CURVE ( 'NONE', #5549, #5350, #3912, .T. ) ;
#1011 = VECTOR ( 'NONE', #2438, 1000.000000000000114 ) ;
#1012 = DIRECTION ( 'NONE',  ( -0.9848077530122079093, 0.1736481776669313581, 0.000000000000000000 ) ) ;
#1013 = DIRECTION ( 'NONE',  ( 1.000000000000000000, -3.925976682163069868E-16, 0.000000000000000000 ) ) ;
#1014 = EDGE_LOOP ( 'NONE', ( #4160, #6287, #7066, #5890 ) ) ;
#1015 = CARTESIAN_POINT ( 'NONE',  ( 1.776161133969892392, 0.4240805465065236035, 1.774999999999999689 ) ) ;
#1016 = EDGE_LOOP ( 'NONE', ( #4200, #2626, #2034, #2195, #6029, #1170, #1472, #5482, #6555, #699, #3327, #4407 ) ) ;
#1017 = EDGE_CURVE ( 'NONE', #27, #5361, #5598, .T. ) ;
#1018 = AXIS2_PLACEMENT_3D ( 'NONE', #1045, #490, #4899 ) ;
#1019 = CARTESIAN_POINT ( 'NONE',  ( -1.776161133969892392, 0.5362000000000050060, 1.124999999999999778 ) ) ;
#1020 = ORIENTED_EDGE ( 'NONE', *, *, #1327, .T. ) ;
#1021 = DIRECTION ( 'NONE',  ( 0.1736481776669313581, -0.9848077530122079093, 0.000000000000000000 ) ) ;
#1022 = ORIENTED_EDGE ( 'NONE', *, *, #6891, .F. ) ;
#1023 = DIRECTION ( 'NONE',  ( -0.000000000000000000, 1.000000000000000000, -0.000000000000000000 ) ) ;
#1024 = CARTESIAN_POINT ( 'NONE',  ( 1.776161133969892392, 0.4240805465065236035, 0.4749999999999997558 ) ) ;
#1025 = ORIENTED_EDGE ( 'NONE', *, *, #1359, .F. ) ;
#1026 = ORIENTED_EDGE ( 'NONE', *, *, #5955, .F. ) ;
#1027 = ORIENTED_EDGE ( 'NONE', *, *, #774, .F. ) ;
#1028 = CARTESIAN_POINT ( 'NONE',  ( -1.500000000000001110, 0.5362000000000048949, -0.8250000000000001776 ) ) ;
#1029 = DIRECTION ( 'NONE',  ( -1.000000000000000000, -3.925976682163069868E-16, 0.000000000000000000 ) ) ;
#1030 = ORIENTED_EDGE ( 'NONE', *, *, #4209, .F. ) ;
#1031 = DIRECTION ( 'NONE',  ( -0.9848077530122074652, -0.1736481776669337174, 0.000000000000000000 ) ) ;
#1032 = CARTESIAN_POINT ( 'NONE',  ( 0.9454999999999992299, 0.1523999999999999799, 1.302500000000000657 ) ) ;
#1033 =( GEOMETRIC_REPRESENTATION_CONTEXT ( 3 ) GLOBAL_UNCERTAINTY_ASSIGNED_CONTEXT ( ( #2607 ) ) GLOBAL_UNIT_ASSIGNED_CONTEXT ( ( #908, #3082, #5282 ) ) REPRESENTATION_CONTEXT ( 'NONE', 'WORKASPACE' ) );
#1034 = ORIENTED_EDGE ( 'NONE', *, *, #1561, .F. ) ;
#1035 = ORIENTED_EDGE ( 'NONE', *, *, #1571, .F. ) ;
#1036 = LINE ( 'NONE', #601, #5279 ) ;
#1037 = LINE ( 'NONE', #5443, #3509 ) ;
#1038 = AXIS2_PLACEMENT_3D ( 'NONE', #8, #2105, #1142 ) ;
#1039 = DIRECTION ( 'NONE',  ( 0.000000000000000000, 0.000000000000000000, 1.000000000000000000 ) ) ;
#1040 = CARTESIAN_POINT ( 'NONE',  ( 1.920000000000000373, 0.2540000000000001146, -1.125000000000000222 ) ) ;
#1041 = EDGE_CURVE ( 'NONE', #2673, #2639, #6939, .T. ) ;
#1042 = VECTOR ( 'NONE', #2481, 1000.000000000000000 ) ;
#1043 = CIRCLE ( 'NONE', #6023, 0.2921194534934677955 ) ;
#1044 = ORIENTED_EDGE ( 'NONE', *, *, #6798, .T. ) ;
#1045 = CARTESIAN_POINT ( 'NONE',  ( -1.776161133969892392, 0.4240805465065236035, -1.475000000000000089 ) ) ;
#1046 = DIRECTION ( 'NONE',  ( -0.000000000000000000, -0.000000000000000000, -1.000000000000000000 ) ) ;
#1047 = PLANE ( 'NONE',  #7078 ) ;
#1048 = ORIENTED_EDGE ( 'NONE', *, *, #2275, .T. ) ;
#1049 = DIRECTION ( 'NONE',  ( -0.000000000000000000, -0.000000000000000000, -1.000000000000000000 ) ) ;
#1050 = ORIENTED_EDGE ( 'NONE', *, *, #6339, .T. ) ;
#1051 = CARTESIAN_POINT ( 'NONE',  ( -1.776161133969892392, 0.7161999999999913991, -0.8250000000000001776 ) ) ;
#1052 = EDGE_LOOP ( 'NONE', ( #4378, #2935, #2237, #2205 ) ) ;
#1053 = LINE ( 'NONE', #6607, #1371 ) ;
#1054 = PLANE ( 'NONE',  #6506 ) ;
#1055 = ADVANCED_FACE ( 'NONE', ( #86 ), #5634, .F. ) ;
#1056 = ORIENTED_EDGE ( 'NONE', *, *, #2128, .T. ) ;
#1057 = DIRECTION ( 'NONE',  ( -0.05233595624293731902, -0.9986295347545742773, 0.000000000000000000 ) ) ;
#1058 = EDGE_LOOP ( 'NONE', ( #40, #2303, #2669, #3193 ) ) ;
#1059 = ORIENTED_EDGE ( 'NONE', *, *, #4071, .T. ) ;
#1060 = VERTEX_POINT ( 'NONE', #5748 ) ;
#1061 = DIRECTION ( 'NONE',  ( 0.05233595624293796433, -0.9986295347545741663, -0.000000000000000000 ) ) ;
#1062 = DIRECTION ( 'NONE',  ( -1.000000000000000000, 0.000000000000000000, 0.000000000000000000 ) ) ;
#1063 = AXIS2_PLACEMENT_3D ( 'NONE', #4557, #2321, #3956 ) ;
#1064 = VERTEX_POINT ( 'NONE', #4594 ) ;
#1065 = ORIENTED_EDGE ( 'NONE', *, *, #4472, .T. ) ;
#1066 = FACE_OUTER_BOUND ( 'NONE', #1303, .T. ) ;
#1067 = ORIENTED_EDGE ( 'NONE', *, *, #6688, .T. ) ;
#1068 = VECTOR ( 'NONE', #5964, 1000.000000000000000 ) ;
#1069 = ORIENTED_EDGE ( 'NONE', *, *, #3030, .T. ) ;
#1070 = DIRECTION ( 'NONE',  ( -2.306813132947881040E-16, 0.000000000000000000, -1.000000000000000000 ) ) ;
#1071 = DIRECTION ( 'NONE',  ( 1.000000000000000000, 3.925976682163069868E-16, 0.000000000000000000 ) ) ;
#1072 = LINE ( 'NONE', #5487, #1292 ) ;
#1073 = DIRECTION ( 'NONE',  ( -0.000000000000000000, -0.000000000000000000, -1.000000000000000000 ) ) ;
#1074 = LINE ( 'NONE', #2210, #2448 ) ;
#1075 = CARTESIAN_POINT ( 'NONE',  ( 0.9454999999999995630, 0.2999999999999999889, 2.181091817202221452E-16 ) ) ;
#1076 = AXIS2_PLACEMENT_3D ( 'NONE', #6286, #3979, #6209 ) ;
#1077 = LINE ( 'NONE', #2256, #2867 ) ;
#1078 = CARTESIAN_POINT ( 'NONE',  ( -2.097265395542184940, 0.2852566719800450623, 1.124999999999999778 ) ) ;
#1079 = CARTESIAN_POINT ( 'NONE',  ( 2.063842636575948575, 0.4748065572667239942, -0.1750000000000002387 ) ) ;
#1080 = DIRECTION ( 'NONE',  ( -1.000000000000000000, 0.000000000000000000, 0.000000000000000000 ) ) ;
#1081 = ADVANCED_FACE ( 'NONE', ( #6836 ), #5114, .F. ) ;
#1082 = ORIENTED_EDGE ( 'NONE', *, *, #2362, .T. ) ;
#1083 = DIRECTION ( 'NONE',  ( 0.05233595624293796433, 0.9986295347545741663, 0.000000000000000000 ) ) ;
#1084 = DIRECTION ( 'NONE',  ( 0.000000000000000000, 0.000000000000000000, 1.000000000000000000 ) ) ;
#1085 = VERTEX_POINT ( 'NONE', #676 ) ;
#1086 = EDGE_CURVE ( 'NONE', #7179, #6296, #2171, .T. ) ;
#1087 = LINE ( 'NONE', #3897, #964 ) ;
#1088 = VERTEX_POINT ( 'NONE', #126 ) ;
#1089 = FILL_AREA_STYLE_COLOUR ( '', #3827 ) ;
#1090 = AXIS2_PLACEMENT_3D ( 'NONE', #2497, #6930, #1942 ) ;
#1091 = EDGE_CURVE ( 'NONE', #7008, #1060, #6801, .T. ) ;
#1092 = ORIENTED_EDGE ( 'NONE', *, *, #2499, .F. ) ;
#1093 = DIRECTION ( 'NONE',  ( -0.000000000000000000, -0.000000000000000000, -1.000000000000000000 ) ) ;
#1094 = ORIENTED_EDGE ( 'NONE', *, *, #5189, .T. ) ;
#1095 = AXIS2_PLACEMENT_3D ( 'NONE', #1673, #1138, #2806 ) ;
#1096 = DIRECTION ( 'NONE',  ( -0.000000000000000000, -0.000000000000000000, -1.000000000000000000 ) ) ;
#1097 = VECTOR ( 'NONE', #2513, 1000.000000000000114 ) ;
#1098 = VECTOR ( 'NONE', #105, 1000.000000000000227 ) ;
#1099 = EDGE_CURVE ( 'NONE', #4065, #6848, #3490, .T. ) ;
#1100 = EDGE_CURVE ( 'NONE', #4769, #6719, #1886, .T. ) ;
#1101 = DIRECTION ( 'NONE',  ( 0.000000000000000000, 0.000000000000000000, 1.000000000000000000 ) ) ;
#1102 = EDGE_CURVE ( 'NONE', #6499, #609, #3703, .T. ) ;
#1103 = CARTESIAN_POINT ( 'NONE',  ( -0.9454999999999997851, 0.2999999999999999889, -1.302500000000000213 ) ) ;
#1104 = ORIENTED_EDGE ( 'NONE', *, *, #3481, .T. ) ;
#1105 = VERTEX_POINT ( 'NONE', #6978 ) ;
#1106 = ORIENTED_EDGE ( 'NONE', *, *, #1140, .T. ) ;
#1107 = ORIENTED_EDGE ( 'NONE', *, *, #7102, .T. ) ;
#1108 = CARTESIAN_POINT ( 'NONE',  ( 1.886577241033764230, 0.4435498852866788799, 0.4749999999999997558 ) ) ;
#1109 = CARTESIAN_POINT ( 'NONE',  ( -1.776161133969892392, 0.4240805465065236035, -1.475000000000000089 ) ) ;
#1110 = PLANE ( 'NONE',  #613 ) ;
#1111 = DIRECTION ( 'NONE',  ( -0.000000000000000000, 0.000000000000000000, 1.000000000000000000 ) ) ;
#1112 = ORIENTED_EDGE ( 'NONE', *, *, #4086, .T. ) ;
#1113 = CARTESIAN_POINT ( 'NONE',  ( -2.192393151670311457, 0.01300689682525818514, 0.4749999999999997558 ) ) ;
#1114 = CARTESIAN_POINT ( 'NONE',  ( 1.500000000000001110, 0.7161999999999915101, -1.775000000000000133 ) ) ;
#1115 = DIRECTION ( 'NONE',  ( -0.000000000000000000, -0.000000000000000000, -1.000000000000000000 ) ) ;
#1116 = FACE_OUTER_BOUND ( 'NONE', #1937, .T. ) ;
#1117 = ORIENTED_EDGE ( 'NONE', *, *, #4556, .F. ) ;
#1118 = DIRECTION ( 'NONE',  ( -0.9986295347545742773, 0.05233595624293731902, 0.000000000000000000 ) ) ;
#1119 = ORIENTED_EDGE ( 'NONE', *, *, #747, .T. ) ;
#1120 = EDGE_CURVE ( 'NONE', #6977, #6850, #309, .T. ) ;
#1121 = CARTESIAN_POINT ( 'NONE',  ( 1.776161133969892392, 0.4240805465065236035, -1.125000000000000222 ) ) ;
#1122 = VERTEX_POINT ( 'NONE', #6905 ) ;
#1123 = CARTESIAN_POINT ( 'NONE',  ( 1.500000000000001110, 0.7161999999999915101, -1.475000000000000089 ) ) ;
#1124 = VERTEX_POINT ( 'NONE', #4751 ) ;
#1125 = EDGE_CURVE ( 'NONE', #2746, #1995, #6403, .T. ) ;
#1126 = DIRECTION ( 'NONE',  ( 0.000000000000000000, -0.000000000000000000, -1.000000000000000000 ) ) ;
#1127 = AXIS2_PLACEMENT_3D ( 'NONE', #4279, #4127, #5372 ) ;
#1128 = EDGE_CURVE ( 'NONE', #6539, #1064, #4711, .T. ) ;
#1129 = ORIENTED_EDGE ( 'NONE', *, *, #464, .T. ) ;
#1130 = PLANE ( 'NONE',  #1165 ) ;
#1131 = LINE ( 'NONE', #3946, #629 ) ;
#1132 = ORIENTED_EDGE ( 'NONE', *, *, #111, .T. ) ;
#1133 = EDGE_CURVE ( 'NONE', #5520, #4357, #1917, .T. ) ;
#1134 = DIRECTION ( 'NONE',  ( -0.9848077530122079093, 0.1736481776669313581, 0.000000000000000000 ) ) ;
#1135 = DIRECTION ( 'NONE',  ( 1.000000000000000000, 0.000000000000000000, 0.000000000000000000 ) ) ;
#1136 = ORIENTED_EDGE ( 'NONE', *, *, #5830, .T. ) ;
#1137 = EDGE_LOOP ( 'NONE', ( #630, #4812, #4434, #5822 ) ) ;
#1138 = DIRECTION ( 'NONE',  ( 0.000000000000000000, 0.000000000000000000, -1.000000000000000000 ) ) ;
#1139 = DIRECTION ( 'NONE',  ( -0.000000000000000000, -0.000000000000000000, -1.000000000000000000 ) ) ;
#1140 = EDGE_CURVE ( 'NONE', #6753, #4204, #1956, .T. ) ;
#1141 = COLOUR_RGB ( '',0.7921568627450980005, 0.8196078431372548767, 0.9333333333333333481 ) ;
#1142 = DIRECTION ( 'NONE',  ( 0.1736481776669336896, -0.9848077530122073542, 0.000000000000000000 ) ) ;
#1143 = CARTESIAN_POINT ( 'NONE',  ( -1.776161133969892392, 0.5362000000000050060, -0.8250000000000001776 ) ) ;
#1144 = ORIENTED_EDGE ( 'NONE', *, *, #6674, .T. ) ;
#1145 = VECTOR ( 'NONE', #4161, 1000.000000000000114 ) ;
#1146 = ORIENTED_EDGE ( 'NONE', *, *, #5383, .T. ) ;
#1147 = AXIS2_PLACEMENT_3D ( 'NONE', #491, #5941, #5308 ) ;
#1148 = LINE ( 'NONE', #5018, #1246 ) ;
#1149 = CARTESIAN_POINT ( 'NONE',  ( -1.776161133969892392, 0.7161999999999913991, 1.774999999999999689 ) ) ;
#1150 = DIRECTION ( 'NONE',  ( -1.000000000000000000, 0.000000000000000000, 0.000000000000000000 ) ) ;
#1151 = CARTESIAN_POINT ( 'NONE',  ( 2.440579527876272081, -9.062316430720066274E-18, -0.8250000000000001776 ) ) ;
#1152 = PLANE ( 'NONE',  #5898 ) ;
#1153 = CARTESIAN_POINT ( 'NONE',  ( -2.097265395542184940, 0.2852566719800452288, 1.774999999999999689 ) ) ;
#1154 = ORIENTED_EDGE ( 'NONE', *, *, #1819, .F. ) ;
#1155 = VECTOR ( 'NONE', #4133, 1000.000000000000227 ) ;
#1156 = AXIS2_PLACEMENT_3D ( 'NONE', #4533, #614, #176 ) ;
#1157 = LINE ( 'NONE', #65, #3269 ) ;
#1158 = STYLED_ITEM ( 'NONE', ( #2062 ), #1805 ) ;
#1159 = VERTEX_POINT ( 'NONE', #276 ) ;
#1160 = CARTESIAN_POINT ( 'NONE',  ( 0.000000000000000000, 0.2999999999999999889, -1.302500000000000213 ) ) ;
#1161 = VERTEX_POINT ( 'NONE', #3019 ) ;
#1162 = FACE_OUTER_BOUND ( 'NONE', #3304, .T. ) ;
#1163 = ORIENTED_EDGE ( 'NONE', *, *, #2911, .T. ) ;
#1164 = CARTESIAN_POINT ( 'NONE',  ( 2.097265395542184940, 0.2852566719800452844, -1.475000000000000089 ) ) ;
#1165 = AXIS2_PLACEMENT_3D ( 'NONE', #5692, #213, #6320 ) ;
#1166 = ORIENTED_EDGE ( 'NONE', *, *, #1858, .F. ) ;
#1167 = DIRECTION ( 'NONE',  ( -0.000000000000000000, -0.000000000000000000, -1.000000000000000000 ) ) ;
#1168 = VECTOR ( 'NONE', #6198, 1000.000000000000000 ) ;
#1169 = VERTEX_POINT ( 'NONE', #5183 ) ;
#1170 = ORIENTED_EDGE ( 'NONE', *, *, #2762, .T. ) ;
#1171 = EDGE_CURVE ( 'NONE', #2634, #3033, #6435, .T. ) ;
#1172 = FACE_OUTER_BOUND ( 'NONE', #2714, .T. ) ;
#1173 = DIRECTION ( 'NONE',  ( 0.000000000000000000, 0.000000000000000000, 1.000000000000000000 ) ) ;
#1174 = ADVANCED_FACE ( 'NONE', ( #6335 ), #1386, .T. ) ;
#1175 = DIRECTION ( 'NONE',  ( 0.000000000000000000, -0.000000000000000000, 1.000000000000000000 ) ) ;
#1176 = DIRECTION ( 'NONE',  ( -0.000000000000000000, -0.000000000000000000, -1.000000000000000000 ) ) ;
#1177 = STYLED_ITEM ( 'NONE', ( #6752 ), #6616 ) ;
#1178 = CARTESIAN_POINT ( 'NONE',  ( -1.776161133969892392, 0.4240805465065236035, -0.8250000000000001776 ) ) ;
#1179 = EDGE_CURVE ( 'NONE', #5017, #144, #5854, .T. ) ;
#1180 = DIRECTION ( 'NONE',  ( -1.000000000000000000, -3.925976682163069868E-16, -0.000000000000000000 ) ) ;
#1181 = CARTESIAN_POINT ( 'NONE',  ( 0.8255000000000001226, 0.2999999999999999889, 1.302500000000000657 ) ) ;
#1182 = DIRECTION ( 'NONE',  ( -0.000000000000000000, -0.000000000000000000, -1.000000000000000000 ) ) ;
#1183 = DIRECTION ( 'NONE',  ( 1.000000000000000000, 0.000000000000000000, 0.000000000000000000 ) ) ;
#1184 = AXIS2_PLACEMENT_3D ( 'NONE', #4131, #2768, #1674 ) ;
#1185 = EDGE_CURVE ( 'NONE', #1008, #3549, #5775, .T. ) ;
#1186 = DIRECTION ( 'NONE',  ( -0.000000000000000000, -0.000000000000000000, -1.000000000000000000 ) ) ;
#1187 = DIRECTION ( 'NONE',  ( -1.000000000000000000, 0.000000000000000000, -6.920439398843643121E-16 ) ) ;
#1188 = CYLINDRICAL_SURFACE ( 'NONE', #6303, 0.1121194534934809861 ) ;
#1189 = LINE ( 'NONE', #4355, #5201 ) ;
#1190 = DIRECTION ( 'NONE',  ( 1.000000000000000000, 0.000000000000000000, 0.000000000000000000 ) ) ;
#1191 = ORIENTED_EDGE ( 'NONE', *, *, #2183, .F. ) ;
#1192 = ORIENTED_EDGE ( 'NONE', *, *, #2810, .F. ) ;
#1193 = PLANE ( 'NONE',  #2099 ) ;
#1194 = CARTESIAN_POINT ( 'NONE',  ( -0.7055000000000000160, 0.2999999999999999889, -1.422500000000000320 ) ) ;
#1195 = AXIS2_PLACEMENT_3D ( 'NONE', #26, #6059, #2081 ) ;
#1196 = EDGE_LOOP ( 'NONE', ( #6265, #2663, #3808, #4955 ) ) ;
#1197 = CARTESIAN_POINT ( 'NONE',  ( -2.207681502606056778, 0.3047260107602003942, 1.474999999999999645 ) ) ;
#1198 = FACE_OUTER_BOUND ( 'NONE', #4264, .T. ) ;
#1199 = ORIENTED_EDGE ( 'NONE', *, *, #3895, .T. ) ;
#1200 = AXIS2_PLACEMENT_3D ( 'NONE', #2767, #1039, #2651 ) ;
#1201 = CARTESIAN_POINT ( 'NONE',  ( 1.886577241033764230, 0.4435498852866788799, -0.1750000000000002387 ) ) ;
#1202 = VECTOR ( 'NONE', #2586, 1000.000000000000000 ) ;
#1203 = VECTOR ( 'NONE', #6923, 1000.000000000000000 ) ;
#1204 = LINE ( 'NONE', #663, #3175 ) ;
#1205 = ORIENTED_EDGE ( 'NONE', *, *, #3030, .F. ) ;
#1206 = DIRECTION ( 'NONE',  ( 1.000000000000000000, 0.000000000000000000, 0.000000000000000000 ) ) ;
#1207 = CARTESIAN_POINT ( 'NONE',  ( 1.776161133969892392, 0.4240805465065236035, 0.1749999999999998224 ) ) ;
#1208 = CARTESIAN_POINT ( 'NONE',  ( 2.450000000000000178, 0.1797533162558100084, 1.774999999999999689 ) ) ;
#1209 = DIRECTION ( 'NONE',  ( -0.000000000000000000, -0.000000000000000000, -1.000000000000000000 ) ) ;
#1210 = AXIS2_PLACEMENT_3D ( 'NONE', #2638, #7107, #5992 ) ;
#1211 = EDGE_CURVE ( 'NONE', #4908, #6813, #3060, .T. ) ;
#1212 = ORIENTED_EDGE ( 'NONE', *, *, #928, .T. ) ;
#1213 = CARTESIAN_POINT ( 'NONE',  ( -1.150000000000001021, 1.080000000000000071, -1.669500000000007311 ) ) ;
#1214 = CARTESIAN_POINT ( 'NONE',  ( 2.192393151670311457, 0.01300689682525807585, 0.4749999999999997558 ) ) ;
#1215 = CARTESIAN_POINT ( 'NONE',  ( -1.776161133969892392, 0.4240805465065236035, -1.775000000000000133 ) ) ;
#1216 = CARTESIAN_POINT ( 'NONE',  ( -2.097265395542184940, 0.2852566719800450623, -1.475000000000000089 ) ) ;
#1217 = DIRECTION ( 'NONE',  ( 0.000000000000000000, 1.000000000000000000, 0.000000000000000000 ) ) ;
#1218 = CARTESIAN_POINT ( 'NONE',  ( -1.150000000000001021, 1.100000000000000089, -1.844500000000007134 ) ) ;
#1219 = CARTESIAN_POINT ( 'NONE',  ( 0.9454999999999991189, 0.2999999999999999889, 1.772500000000000631 ) ) ;
#1220 = LINE ( 'NONE', #6111, #806 ) ;
#1221 = EDGE_CURVE ( 'NONE', #32, #5367, #3092, .T. ) ;
#1222 = ORIENTED_EDGE ( 'NONE', *, *, #5592, .F. ) ;
#1223 = ORIENTED_EDGE ( 'NONE', *, *, #1955, .F. ) ;
#1224 = DIRECTION ( 'NONE',  ( -1.000000000000000000, -3.925976682163069868E-16, -0.000000000000000000 ) ) ;
#1225 = LINE ( 'NONE', #2923, #5352 ) ;
#1226 = LINE ( 'NONE', #6635, #3010 ) ;
#1227 = CARTESIAN_POINT ( 'NONE',  ( 0.7055000000000001270, 0.2999999999999999889, -1.422500000000000320 ) ) ;
#1228 = ORIENTED_EDGE ( 'NONE', *, *, #4648, .T. ) ;
#1229 = EDGE_LOOP ( 'NONE', ( #154, #301, #3222, #2722 ) ) ;
#1230 = ADVANCED_FACE ( 'NONE', ( #3661 ), #1489, .T. ) ;
#1231 = PLANE ( 'NONE',  #3044 ) ;
#1232 = ORIENTED_EDGE ( 'NONE', *, *, #1400, .T. ) ;
#1233 = EDGE_LOOP ( 'NONE', ( #6338, #1154, #853, #6035 ) ) ;
#1234 = FACE_OUTER_BOUND ( 'NONE', #5999, .T. ) ;
#1235 = CARTESIAN_POINT ( 'NONE',  ( 2.450000000000000178, 0.1797533162558100084, 1.774999999999999689 ) ) ;
#1236 = ORIENTED_EDGE ( 'NONE', *, *, #1485, .T. ) ;
#1237 = ADVANCED_FACE ( 'NONE', ( #2983 ), #3198, .F. ) ;
#1238 = ORIENTED_EDGE ( 'NONE', *, *, #1480, .T. ) ;
#1239 = VECTOR ( 'NONE', #3342, 999.9999999999998863 ) ;
#1240 = LINE ( 'NONE', #2239, #3052 ) ;
#1241 = EDGE_LOOP ( 'NONE', ( #1278, #1697, #989, #6064 ) ) ;
#1242 = VERTEX_POINT ( 'NONE', #4374 ) ;
#1243 = DIRECTION ( 'NONE',  ( 1.000000000000000000, 0.000000000000000000, -2.306813132947882026E-16 ) ) ;
#1244 = PLANE ( 'NONE',  #5878 ) ;
#1245 = VERTEX_POINT ( 'NONE', #5515 ) ;
#1246 = VECTOR ( 'NONE', #1224, 1000.000000000000000 ) ;
#1247 = ORIENTED_EDGE ( 'NONE', *, *, #151, .T. ) ;
#1248 = CARTESIAN_POINT ( 'NONE',  ( 2.450000000000000178, 0.1797533162558100084, 1.124999999999999778 ) ) ;
#1249 = LINE ( 'NONE', #3450, #2071 ) ;
#1250 = DIRECTION ( 'NONE',  ( 0.000000000000000000, 0.000000000000000000, 1.000000000000000000 ) ) ;
#1251 = EDGE_LOOP ( 'NONE', ( #4380, #1266, #505, #1385 ) ) ;
#1252 = DIRECTION ( 'NONE',  ( 0.05233595624293796433, 0.9986295347545741663, 0.000000000000000000 ) ) ;
#1253 = CARTESIAN_POINT ( 'NONE',  ( 1.500000000000001110, 0.7161999999999915101, 0.4749999999999997558 ) ) ;
#1254 = DIRECTION ( 'NONE',  ( -0.1736481776669313026, -0.9848077530122080203, -0.000000000000000000 ) ) ;
#1255 = VERTEX_POINT ( 'NONE', #515 ) ;
#1256 = EDGE_CURVE ( 'NONE', #4038, #1832, #4307, .T. ) ;
#1257 = ORIENTED_EDGE ( 'NONE', *, *, #4078, .F. ) ;
#1258 = LINE ( 'NONE', #1822, #6305 ) ;
#1259 = EDGE_CURVE ( 'NONE', #1695, #4554, #6656, .T. ) ;
#1260 = CARTESIAN_POINT ( 'NONE',  ( -2.207681502606056778, 0.3047260107602003942, 0.1749999999999998224 ) ) ;
#1261 = CIRCLE ( 'NONE', #6829, 0.1749999999999998224 ) ;
#1262 = ORIENTED_EDGE ( 'NONE', *, *, #4044, .F. ) ;
#1263 = CARTESIAN_POINT ( 'NONE',  ( -2.207681502606056778, 0.3047260107602003942, 1.124999999999999778 ) ) ;
#1264 = AXIS2_PLACEMENT_3D ( 'NONE', #95, #4460, #2262 ) ;
#1265 = CARTESIAN_POINT ( 'NONE',  ( -1.776161133969892392, 0.7161999999999913991, -1.475000000000000089 ) ) ;
#1266 = ORIENTED_EDGE ( 'NONE', *, *, #7151, .F. ) ;
#1267 = PRESENTATION_LAYER_ASSIGNMENT (  '', '', ( #4373 ) ) ;
#1268 = FACE_OUTER_BOUND ( 'NONE', #3226, .T. ) ;
#1269 = EDGE_CURVE ( 'NONE', #3765, #4023, #5420, .T. ) ;
#1270 = ORIENTED_EDGE ( 'NONE', *, *, #5063, .F. ) ;
#1271 = AXIS2_PLACEMENT_3D ( 'NONE', #6086, #1115, #1150 ) ;
#1272 = DIRECTION ( 'NONE',  ( 0.000000000000000000, 0.000000000000000000, 1.000000000000000000 ) ) ;
#1273 = ORIENTED_EDGE ( 'NONE', *, *, #10, .F. ) ;
#1274 = ORIENTED_EDGE ( 'NONE', *, *, #2803, .F. ) ;
#1275 = FACE_OUTER_BOUND ( 'NONE', #2023, .T. ) ;
#1276 = CARTESIAN_POINT ( 'NONE',  ( -0.8254999999999999005, 0.2999999999999999889, 1.302499999999999769 ) ) ;
#1277 = VECTOR ( 'NONE', #2161, 1000.000000000000000 ) ;
#1278 = ORIENTED_EDGE ( 'NONE', *, *, #3775, .F. ) ;
#1279 = EDGE_LOOP ( 'NONE', ( #3764, #5005, #1334, #3482, #6710, #5174, #3117, #3858, #1588, #3506, #511, #750 ) ) ;
#1280 = AXIS2_PLACEMENT_3D ( 'NONE', #3890, #3787, #1013 ) ;
#1281 = CARTESIAN_POINT ( 'NONE',  ( -2.440579527876272081, -9.062316430720066274E-18, 1.774999999999999689 ) ) ;
#1282 = DIRECTION ( 'NONE',  ( -1.000000000000000000, 0.000000000000000000, 0.000000000000000000 ) ) ;
#1283 = DIRECTION ( 'NONE',  ( -0.000000000000000000, -0.000000000000000000, -1.000000000000000000 ) ) ;
#1284 = DIRECTION ( 'NONE',  ( -0.000000000000000000, -0.000000000000000000, -1.000000000000000000 ) ) ;
#1285 = DIRECTION ( 'NONE',  ( -2.306813132947881040E-16, 0.000000000000000000, 1.000000000000000000 ) ) ;
#1286 = SURFACE_STYLE_FILL_AREA ( #6264 ) ;
#1287 = EDGE_LOOP ( 'NONE', ( #4271, #5581, #3706, #3772 ) ) ;
#1288 = ORIENTED_EDGE ( 'NONE', *, *, #2510, .T. ) ;
#1289 = CARTESIAN_POINT ( 'NONE',  ( -1.776161133969892392, 0.7161999999999915101, -0.1750000000000002387 ) ) ;
#1290 = LINE ( 'NONE', #2478, #6949 ) ;
#1291 = LINE ( 'NONE', #649, #2429 ) ;
#1292 = VECTOR ( 'NONE', #2174, 1000.000000000000000 ) ;
#1293 = CARTESIAN_POINT ( 'NONE',  ( 2.440579527876272081, -9.062316430720066274E-18, -0.8250000000000001776 ) ) ;
#1294 = ORIENTED_EDGE ( 'NONE', *, *, #3173, .F. ) ;
#1295 = CIRCLE ( 'NONE', #18, 0.2921194534934677955 ) ;
#1296 = CARTESIAN_POINT ( 'NONE',  ( -2.201813623794039998, 0.1927602130810681935, 0.8249999999999997335 ) ) ;
#1297 = EDGE_CURVE ( 'NONE', #3549, #325, #449, .T. ) ;
#1298 = PRESENTATION_STYLE_ASSIGNMENT (( #6319 ) ) ;
#1299 = CARTESIAN_POINT ( 'NONE',  ( 2.192393151670311457, 0.01300689682525807585, 1.124999999999999778 ) ) ;
#1300 = ORIENTED_EDGE ( 'NONE', *, *, #2810, .T. ) ;
#1301 = DIRECTION ( 'NONE',  ( 1.000000000000000000, 0.000000000000000000, -0.000000000000000000 ) ) ;
#1302 = CARTESIAN_POINT ( 'NONE',  ( -0.7055000000000007931, 0.2999999999999999889, 1.772499999999999964 ) ) ;
#1303 = EDGE_LOOP ( 'NONE', ( #6823, #4599, #2536, #6010, #3319, #2340, #1954, #2885, #4979, #5098, #5568, #5835 ) ) ;
#1304 = ADVANCED_FACE ( 'NONE', ( #7044 ), #1523, .T. ) ;
#1305 = DIRECTION ( 'NONE',  ( 1.000000000000000000, 0.000000000000000000, 0.000000000000000000 ) ) ;
#1306 = EDGE_CURVE ( 'NONE', #2369, #4815, #4368, .T. ) ;
#1307 = VERTEX_POINT ( 'NONE', #3984 ) ;
#1308 = VECTOR ( 'NONE', #5747, 1000.000000000000000 ) ;
#1309 = CARTESIAN_POINT ( 'NONE',  ( 0.7054999999999993499, 0.1523999999999999799, 1.422499999999999876 ) ) ;
#1310 = CARTESIAN_POINT ( 'NONE',  ( -1.500000000000001110, 0.5362000000000048949, 1.124999999999999778 ) ) ;
#1311 = ORIENTED_EDGE ( 'NONE', *, *, #6067, .T. ) ;
#1312 = UNCERTAINTY_MEASURE_WITH_UNIT (LENGTH_MEASURE( 1.000000000000000082E-05 ), #5, 'distance_accuracy_value', 'NONE');
#1313 = CARTESIAN_POINT ( 'NONE',  ( 2.440579527876272081, -9.062316430720066274E-18, -1.475000000000000089 ) ) ;
#1314 = CARTESIAN_POINT ( 'NONE',  ( 2.207681502606056778, 0.3047260107602003942, -1.775000000000000133 ) ) ;
#1315 = ADVANCED_FACE ( 'NONE', ( #1275 ), #5628, .T. ) ;
#1316 = ADVANCED_FACE ( 'NONE', ( #1172 ), #5552, .F. ) ;
#1317 = VECTOR ( 'NONE', #7083, 1000.000000000000000 ) ;
#1318 = EDGE_LOOP ( 'NONE', ( #4125, #2781, #5792, #1623 ) ) ;
#1319 = EDGE_CURVE ( 'NONE', #4430, #1105, #3416, .T. ) ;
#1320 =( LENGTH_UNIT ( ) NAMED_UNIT ( * ) SI_UNIT ( .MILLI., .METRE. ) );
#1321 = DIRECTION ( 'NONE',  ( -0.000000000000000000, -0.000000000000000000, -1.000000000000000000 ) ) ;
#1322 = CIRCLE ( 'NONE', #5842, 0.2921194534934675735 ) ;
#1323 = DIRECTION ( 'NONE',  ( 1.000000000000000000, 0.000000000000000000, 0.000000000000000000 ) ) ;
#1324 = DIRECTION ( 'NONE',  ( -0.9848077530122079093, 0.1736481776669313581, 0.000000000000000000 ) ) ;
#1325 = DIRECTION ( 'NONE',  ( -1.000000000000000000, 0.000000000000000000, 0.000000000000000000 ) ) ;
#1326 = ADVANCED_FACE ( 'NONE', ( #3910 ), #5661, .F. ) ;
#1327 = EDGE_CURVE ( 'NONE', #5109, #5771, #102, .T. ) ;
#1328 = ORIENTED_EDGE ( 'NONE', *, *, #4400, .T. ) ;
#1329 = ORIENTED_EDGE ( 'NONE', *, *, #1478, .F. ) ;
#1330 = DIRECTION ( 'NONE',  ( -0.000000000000000000, -0.000000000000000000, -1.000000000000000000 ) ) ;
#1331 = DIRECTION ( 'NONE',  ( 6.920439398843643121E-16, 0.000000000000000000, -1.000000000000000000 ) ) ;
#1332 = PLANE ( 'NONE',  #6026 ) ;
#1333 = DIRECTION ( 'NONE',  ( -0.05233595624293797127, 0.9986295347545741663, 0.000000000000000000 ) ) ;
#1334 = ORIENTED_EDGE ( 'NONE', *, *, #953, .T. ) ;
#1335 = DIRECTION ( 'NONE',  ( -1.000000000000000000, -3.925976682163069868E-16, 0.000000000000000000 ) ) ;
#1336 = ORIENTED_EDGE ( 'NONE', *, *, #6148, .T. ) ;
#1337 = FACE_OUTER_BOUND ( 'NONE', #441, .T. ) ;
#1338 = DIRECTION ( 'NONE',  ( 0.000000000000000000, 0.000000000000000000, 1.000000000000000000 ) ) ;
#1339 = ORIENTED_EDGE ( 'NONE', *, *, #5711, .T. ) ;
#1340 = CARTESIAN_POINT ( 'NONE',  ( 1.500000000000001110, 0.7161999999999915101, -1.125000000000000222 ) ) ;
#1341 = CARTESIAN_POINT ( 'NONE',  ( -1.776161133969892392, 0.7161999999999913991, 0.1749999999999998224 ) ) ;
#1342 = VERTEX_POINT ( 'NONE', #5040 ) ;
#1343 = EDGE_CURVE ( 'NONE', #6977, #4350, #4134, .T. ) ;
#1344 = PLANE ( 'NONE',  #406 ) ;
#1345 = ORIENTED_EDGE ( 'NONE', *, *, #4793, .F. ) ;
#1346 = LINE ( 'NONE', #6431, #5840 ) ;
#1347 = CARTESIAN_POINT ( 'NONE',  ( -0.9455000000000007843, 0.1523999999999999799, 1.772499999999999964 ) ) ;
#1348 = EDGE_CURVE ( 'NONE', #3541, #6951, #6693, .T. ) ;
#1349 = EDGE_LOOP ( 'NONE', ( #4553, #4818, #6247, #3504 ) ) ;
#1350 = ORIENTED_EDGE ( 'NONE', *, *, #1994, .F. ) ;
#1351 = DIRECTION ( 'NONE',  ( 0.1736481776669313581, -0.9848077530122079093, 0.000000000000000000 ) ) ;
#1352 = LINE ( 'NONE', #273, #4650 ) ;
#1353 = LINE ( 'NONE', #3555, #1068 ) ;
#1354 = PLANE ( 'NONE',  #4315 ) ;
#1355 = AXIS2_PLACEMENT_3D ( 'NONE', #5078, #1772, #6217 ) ;
#1356 = VERTEX_POINT ( 'NONE', #668 ) ;
#1357 = DIRECTION ( 'NONE',  ( -0.000000000000000000, -0.000000000000000000, -1.000000000000000000 ) ) ;
#1358 = LINE ( 'NONE', #3632, #5602 ) ;
#1359 = EDGE_CURVE ( 'NONE', #1124, #963, #5106, .T. ) ;
#1360 = DIRECTION ( 'NONE',  ( -0.000000000000000000, -0.000000000000000000, -1.000000000000000000 ) ) ;
#1361 = CARTESIAN_POINT ( 'NONE',  ( -1.886577241033764230, 0.4435498852866789354, 1.474999999999999645 ) ) ;
#1362 = CARTESIAN_POINT ( 'NONE',  ( 1.776161133969892392, 0.4240805465065236035, -1.475000000000000089 ) ) ;
#1363 = ORIENTED_EDGE ( 'NONE', *, *, #3265, .F. ) ;
#1364 = FACE_OUTER_BOUND ( 'NONE', #2532, .T. ) ;
#1365 = CARTESIAN_POINT ( 'NONE',  ( 1.776161133969892392, 0.7161999999999913991, -1.775000000000000133 ) ) ;
#1366 = ORIENTED_EDGE ( 'NONE', *, *, #3470, .T. ) ;
#1367 = PLANE ( 'NONE',  #4068 ) ;
#1368 = CARTESIAN_POINT ( 'NONE',  ( 2.192393151670311457, 0.01300689682525807585, -0.8250000000000001776 ) ) ;
#1369 = DIRECTION ( 'NONE',  ( -0.000000000000000000, -0.000000000000000000, -1.000000000000000000 ) ) ;
#1370 = VERTEX_POINT ( 'NONE', #6101 ) ;
#1371 = VECTOR ( 'NONE', #2931, 1000.000000000000000 ) ;
#1372 = DIRECTION ( 'NONE',  ( 0.000000000000000000, 0.000000000000000000, 1.000000000000000000 ) ) ;
#1373 = AXIS2_PLACEMENT_3D ( 'NONE', #3875, #1031, #6540 ) ;
#1374 = ORIENTED_EDGE ( 'NONE', *, *, #6456, .T. ) ;
#1375 = DIRECTION ( 'NONE',  ( -1.000000000000000000, 0.000000000000000000, 0.000000000000000000 ) ) ;
#1376 = DIRECTION ( 'NONE',  ( 0.000000000000000000, 1.000000000000000000, 0.000000000000000000 ) ) ;
#1377 = VERTEX_POINT ( 'NONE', #1802 ) ;
#1378 = VECTOR ( 'NONE', #1005, 1000.000000000000000 ) ;
#1379 = VECTOR ( 'NONE', #3969, 1000.000000000000000 ) ;
#1380 = EDGE_LOOP ( 'NONE', ( #5653, #538, #2876, #2240 ) ) ;
#1381 = PLANE ( 'NONE',  #4854 ) ;
#1382 = EDGE_CURVE ( 'NONE', #5350, #5549, #6600, .T. ) ;
#1383 = CLOSED_SHELL ( 'NONE', ( #904, #5550, #2959, #3791, #3120, #5153, #6899, #2394, #5455, #1825, #3741, #258, #424, #771 ) ) ;
#1384 = DIRECTION ( 'NONE',  ( -0.000000000000000000, -0.000000000000000000, -1.000000000000000000 ) ) ;
#1385 = ORIENTED_EDGE ( 'NONE', *, *, #4081, .T. ) ;
#1386 = PLANE ( 'NONE',  #3687 ) ;
#1387 = DIRECTION ( 'NONE',  ( 0.000000000000000000, -0.000000000000000000, 1.000000000000000000 ) ) ;
#1388 = ADVANCED_FACE ( 'NONE', ( #1736 ), #79, .F. ) ;
#1389 = ORIENTED_EDGE ( 'NONE', *, *, #4928, .F. ) ;
#1390 = VECTOR ( 'NONE', #5620, 1000.000000000000000 ) ;
#1391 = CIRCLE ( 'NONE', #6266, 0.2921194534934677955 ) ;
#1392 = DIRECTION ( 'NONE',  ( 3.925976682163069868E-16, 1.000000000000000000, -0.000000000000000000 ) ) ;
#1393 = LINE ( 'NONE', #3601, #274 ) ;
#1394 = ADVANCED_FACE ( 'NONE', ( #5140 ), #6178, .T. ) ;
#1395 = FACE_OUTER_BOUND ( 'NONE', #4869, .T. ) ;
#1396 = DIRECTION ( 'NONE',  ( 6.920439398843643121E-16, 0.000000000000000000, -1.000000000000000000 ) ) ;
#1397 = CARTESIAN_POINT ( 'NONE',  ( -0.7055000000000000160, 0.1523999999999999799, -1.422500000000000320 ) ) ;
#1398 = VECTOR ( 'NONE', #216, 1000.000000000000000 ) ;
#1399 = DIRECTION ( 'NONE',  ( -0.05233595624293731902, -0.9986295347545742773, 0.000000000000000000 ) ) ;
#1400 = EDGE_CURVE ( 'NONE', #6757, #1845, #1261, .T. ) ;
#1401 = ORIENTED_EDGE ( 'NONE', *, *, #6377, .T. ) ;
#1402 = DIRECTION ( 'NONE',  ( -0.000000000000000000, -0.000000000000000000, -1.000000000000000000 ) ) ;
#1403 = DIRECTION ( 'NONE',  ( -0.000000000000000000, -0.000000000000000000, -1.000000000000000000 ) ) ;
#1404 = DIRECTION ( 'NONE',  ( -0.000000000000000000, -0.000000000000000000, -1.000000000000000000 ) ) ;
#1405 = FACE_OUTER_BOUND ( 'NONE', #6989, .T. ) ;
#1406 = ORIENTED_EDGE ( 'NONE', *, *, #5058, .T. ) ;
#1407 = PRESENTATION_LAYER_ASSIGNMENT (  '', '', ( #1177 ) ) ;
#1408 = DIRECTION ( 'NONE',  ( -1.000000000000000000, -3.925976682163069868E-16, -0.000000000000000000 ) ) ;
#1409 = ORIENTED_EDGE ( 'NONE', *, *, #7102, .F. ) ;
#1410 = DIRECTION ( 'NONE',  ( 1.000000000000000000, 0.000000000000000000, -0.000000000000000000 ) ) ;
#1411 = VERTEX_POINT ( 'NONE', #1698 ) ;
#1412 = CYLINDRICAL_SURFACE ( 'NONE', #3163, 0.2921194534934677955 ) ;
#1413 = CARTESIAN_POINT ( 'NONE',  ( 2.207681502606056778, 0.3047260107602003942, 1.124999999999999778 ) ) ;
#1414 = ORIENTED_EDGE ( 'NONE', *, *, #1752, .T. ) ;
#1415 = CARTESIAN_POINT ( 'NONE',  ( -0.7055000000000007931, 0.2999999999999999889, 1.772499999999999964 ) ) ;
#1416 = ORIENTED_EDGE ( 'NONE', *, *, #2678, .T. ) ;
#1417 = ORIENTED_EDGE ( 'NONE', *, *, #3613, .T. ) ;
#1418 = LINE ( 'NONE', #4708, #6385 ) ;
#1419 = AXIS2_PLACEMENT_3D ( 'NONE', #3080, #5280, #1410 ) ;
#1420 = DIRECTION ( 'NONE',  ( 0.000000000000000000, 0.000000000000000000, -1.000000000000000000 ) ) ;
#1421 = CARTESIAN_POINT ( 'NONE',  ( -1.150000000000001021, 1.100000000000000089, -1.669500000000007311 ) ) ;
#1422 = VECTOR ( 'NONE', #3644, 1000.000000000000000 ) ;
#1423 = EDGE_CURVE ( 'NONE', #5986, #3800, #5305, .T. ) ;
#1424 = VECTOR ( 'NONE', #7125, 1000.000000000000000 ) ;
#1425 = VECTOR ( 'NONE', #1402, 1000.000000000000000 ) ;
#1426 = CYLINDRICAL_SURFACE ( 'NONE', #6805, 0.1749999999999998224 ) ;
#1427 = PLANE ( 'NONE',  #5481 ) ;
#1428 = VECTOR ( 'NONE', #4046, 1000.000000000000000 ) ;
#1429 =( NAMED_UNIT ( * ) PLANE_ANGLE_UNIT ( ) SI_UNIT ( $, .RADIAN. ) );
#1430 = EDGE_CURVE ( 'NONE', #6304, #2784, #2314, .T. ) ;
#1431 = DIRECTION ( 'NONE',  ( 0.000000000000000000, -1.000000000000000000, 0.000000000000000000 ) ) ;
#1432 = VECTOR ( 'NONE', #88, 1000.000000000000000 ) ;
#1433 = LINE ( 'NONE', #896, #5831 ) ;
#1434 = CARTESIAN_POINT ( 'NONE',  ( -1.776161133969892392, 0.4240805465065236035, 0.4749999999999997558 ) ) ;
#1435 = DIRECTION ( 'NONE',  ( 1.000000000000000000, 0.000000000000000000, 0.000000000000000000 ) ) ;
#1436 = ORIENTED_EDGE ( 'NONE', *, *, #819, .F. ) ;
#1437 = DIRECTION ( 'NONE',  ( -2.306813132947882026E-16, 0.000000000000000000, 1.000000000000000000 ) ) ;
#1438 = LINE ( 'NONE', #3579, #6964 ) ;
#1439 = EDGE_LOOP ( 'NONE', ( #4702, #3260, #2657, #4884 ) ) ;
#1440 = EDGE_CURVE ( 'NONE', #3734, #3058, #1770, .T. ) ;
#1441 = CARTESIAN_POINT ( 'NONE',  ( -1.459660994505034504, 0.1523999999999999799, 0.000000000000000000 ) ) ;
#1442 =( NAMED_UNIT ( * ) SI_UNIT ( $, .STERADIAN. ) SOLID_ANGLE_UNIT ( ) );
#1443 = CARTESIAN_POINT ( 'NONE',  ( -2.440579527876272081, -9.062316430720066274E-18, 1.474999999999999645 ) ) ;
#1444 = ADVANCED_FACE ( 'NONE', ( #1448 ), #270, .F. ) ;
#1445 = DIRECTION ( 'NONE',  ( 0.000000000000000000, -0.000000000000000000, 1.000000000000000000 ) ) ;
#1446 = ORIENTED_EDGE ( 'NONE', *, *, #6984, .T. ) ;
#1447 = UNCERTAINTY_MEASURE_WITH_UNIT (LENGTH_MEASURE( 1.000000000000000082E-05 ), #480, 'distance_accuracy_value', 'NONE');
#1448 = FACE_OUTER_BOUND ( 'NONE', #3257, .T. ) ;
#1449 = ORIENTED_EDGE ( 'NONE', *, *, #3560, .T. ) ;
#1450 = ORIENTED_EDGE ( 'NONE', *, *, #6902, .T. ) ;
#1451 = LINE ( 'NONE', #5885, #3363 ) ;
#1452 = EDGE_LOOP ( 'NONE', ( #1978, #801, #1975, #7130 ) ) ;
#1453 = DIRECTION ( 'NONE',  ( -0.000000000000000000, -0.000000000000000000, -1.000000000000000000 ) ) ;
#1454 = DIRECTION ( 'NONE',  ( -0.1736481776669336896, 0.9848077530122073542, 0.000000000000000000 ) ) ;
#1455 = ORIENTED_EDGE ( 'NONE', *, *, #6908, .F. ) ;
#1456 = ORIENTED_EDGE ( 'NONE', *, *, #208, .T. ) ;
#1457 = CARTESIAN_POINT ( 'NONE',  ( -1.886577241033764230, 0.4435498852866788799, 1.474999999999999645 ) ) ;
#1458 = CARTESIAN_POINT ( 'NONE',  ( -2.450000000000000178, 0.1797533162558100084, -0.1750000000000002387 ) ) ;
#1459 = ORIENTED_EDGE ( 'NONE', *, *, #4306, .T. ) ;
#1460 = DIRECTION ( 'NONE',  ( 0.000000000000000000, 0.000000000000000000, 1.000000000000000000 ) ) ;
#1461 = AXIS2_PLACEMENT_3D ( 'NONE', #1963, #1392, #5969 ) ;
#1462 = DIRECTION ( 'NONE',  ( -0.1736481776669336896, 0.9848077530122073542, 0.000000000000000000 ) ) ;
#1463 = CIRCLE ( 'NONE', #5641, 0.1121194534934814163 ) ;
#1464 = ORIENTED_EDGE ( 'NONE', *, *, #345, .T. ) ;
#1465 = CARTESIAN_POINT ( 'NONE',  ( 0.9454999999999998961, 0.2999999999999999889, -1.772500000000000187 ) ) ;
#1466 = SURFACE_STYLE_FILL_AREA ( #3210 ) ;
#1467 = PLANE ( 'NONE',  #1960 ) ;
#1468 = EDGE_CURVE ( 'NONE', #159, #3844, #2463, .T. ) ;
#1469 = ORIENTED_EDGE ( 'NONE', *, *, #1969, .T. ) ;
#1470 = LINE ( 'NONE', #4348, #5732 ) ;
#1471 = CARTESIAN_POINT ( 'NONE',  ( 0.8255000000000001226, 0.2999999999999999889, -1.302500000000000213 ) ) ;
#1472 = ORIENTED_EDGE ( 'NONE', *, *, #2824, .T. ) ;
#1473 = EDGE_CURVE ( 'NONE', #2401, #3471, #226, .T. ) ;
#1474 = CYLINDRICAL_SURFACE ( 'NONE', #2214, 0.1121194534934814163 ) ;
#1475 = VERTEX_POINT ( 'NONE', #1313 ) ;
#1476 = CARTESIAN_POINT ( 'NONE',  ( -2.450000000000000178, 0.1797533162558100084, 0.4749999999999997558 ) ) ;
#1477 = LINE ( 'NONE', #5426, #3599 ) ;
#1478 = EDGE_CURVE ( 'NONE', #4934, #990, #6361, .T. ) ;
#1479 = ORIENTED_EDGE ( 'NONE', *, *, #200, .T. ) ;
#1480 = EDGE_CURVE ( 'NONE', #5361, #5603, #339, .T. ) ;
#1482 = VERTEX_POINT ( 'NONE', #6396 ) ;
#1481 = AXIS2_PLACEMENT_3D ( 'NONE', #4122, #5292, #5887 ) ;
#1483 = ORIENTED_EDGE ( 'NONE', *, *, #2162, .F. ) ;
#1484 = PLANE ( 'NONE',  #4037 ) ;
#1485 = EDGE_CURVE ( 'NONE', #3953, #6235, #5545, .T. ) ;
#1486 = PLANE ( 'NONE',  #4310 ) ;
#1487 = ORIENTED_EDGE ( 'NONE', *, *, #3125, .T. ) ;
#1488 = VECTOR ( 'NONE', #2432, 1000.000000000000000 ) ;
#1489 = PLANE ( 'NONE',  #1481 ) ;
#1490 = VECTOR ( 'NONE', #1254, 999.9999999999998863 ) ;
#1491 = DIRECTION ( 'NONE',  ( 0.000000000000000000, 0.000000000000000000, 1.000000000000000000 ) ) ;
#1492 = ORIENTED_EDGE ( 'NONE', *, *, #1949, .T. ) ;
#1493 = VECTOR ( 'NONE', #53, 1000.000000000000000 ) ;
#1494 = VERTEX_POINT ( 'NONE', #1415 ) ;
#1495 = FACE_OUTER_BOUND ( 'NONE', #2374, .T. ) ;
#1496 = DIRECTION ( 'NONE',  ( 0.000000000000000000, 0.1045284632676498210, -0.9945218953682737340 ) ) ;
#1497 = AXIS2_PLACEMENT_3D ( 'NONE', #5724, #3459, #4566 ) ;
#1498 = FILL_AREA_STYLE_COLOUR ( '', #7005 ) ;
#1499 = DIRECTION ( 'NONE',  ( -1.000000000000000000, 0.000000000000000000, -2.306813132947882026E-16 ) ) ;
#1500 = VECTOR ( 'NONE', #4951, 1000.000000000000000 ) ;
#1501 = STYLED_ITEM ( 'NONE', ( #5772 ), #4354 ) ;
#1502 = ORIENTED_EDGE ( 'NONE', *, *, #262, .T. ) ;
#1503 = CARTESIAN_POINT ( 'NONE',  ( -1.500000000000001110, -5.031254416147130648, -2.019500000000007400 ) ) ;
#1504 = CARTESIAN_POINT ( 'NONE',  ( 1.776161133969892392, 0.4240805465065236035, -1.775000000000000133 ) ) ;
#1505 = LINE ( 'NONE', #3074, #709 ) ;
#1506 = VECTOR ( 'NONE', #6164, 1000.000000000000000 ) ;
#1507 = ORIENTED_EDGE ( 'NONE', *, *, #6980, .F. ) ;
#1508 = CARTESIAN_POINT ( 'NONE',  ( -2.207681502606056778, 0.3047260107602003942, 1.774999999999999689 ) ) ;
#1509 = ORIENTED_EDGE ( 'NONE', *, *, #5592, .T. ) ;
#1510 = EDGE_CURVE ( 'NONE', #1845, #6757, #2534, .T. ) ;
#1511 = LINE ( 'NONE', #5391, #5944 ) ;
#1512 = VECTOR ( 'NONE', #2604, 1000.000000000000000 ) ;
#1513 = DIRECTION ( 'NONE',  ( -0.9848077530122074652, -0.1736481776669337174, 0.000000000000000000 ) ) ;
#1514 = ORIENTED_EDGE ( 'NONE', *, *, #3686, .F. ) ;
#1515 = ADVANCED_FACE ( 'NONE', ( #6866 ), #4085, .F. ) ;
#1516 = VECTOR ( 'NONE', #5181, 1000.000000000000000 ) ;
#1517 = EDGE_CURVE ( 'NONE', #2784, #1695, #5508, .T. ) ;
#1518 = VERTEX_POINT ( 'NONE', #5397 ) ;
#1519 = VECTOR ( 'NONE', #1707, 1000.000000000000114 ) ;
#1520 = LINE ( 'NONE', #7081, #4381 ) ;
#1521 = CARTESIAN_POINT ( 'NONE',  ( 0.9454999999999998961, 0.1523999999999999799, -1.772500000000000187 ) ) ;
#1522 = ORIENTED_EDGE ( 'NONE', *, *, #7019, .F. ) ;
#1523 = PLANE ( 'NONE',  #6019 ) ;
#1524 = EDGE_CURVE ( 'NONE', #6165, #5511, #6605, .T. ) ;
#1525 = ADVANCED_FACE ( 'NONE', ( #951 ), #540, .F. ) ;
#1526 = ORIENTED_EDGE ( 'NONE', *, *, #73, .T. ) ;
#1527 = VERTEX_POINT ( 'NONE', #3262 ) ;
#1528 = AXIS2_PLACEMENT_3D ( 'NONE', #6355, #1372, #5803 ) ;
#1529 = DIRECTION ( 'NONE',  ( 0.000000000000000000, -1.000000000000000000, 0.000000000000000000 ) ) ;
#1530 = SURFACE_STYLE_FILL_AREA ( #1597 ) ;
#1531 = LINE ( 'NONE', #560, #263 ) ;
#1532 = VECTOR ( 'NONE', #4406, 1000.000000000000114 ) ;
#1533 = EDGE_CURVE ( 'NONE', #2602, #5603, #2159, .T. ) ;
#1534 = LINE ( 'NONE', #6109, #4725 ) ;
#1535 = CARTESIAN_POINT ( 'NONE',  ( 1.500000000000001110, 0.7161999999999915101, -0.4750000000000001443 ) ) ;
#1536 = AXIS2_PLACEMENT_3D ( 'NONE', #2850, #203, #647 ) ;
#1537 = VECTOR ( 'NONE', #2163, 1000.000000000000000 ) ;
#1538 = ORIENTED_EDGE ( 'NONE', *, *, #2762, .F. ) ;
#1539 = ORIENTED_EDGE ( 'NONE', *, *, #2363, .F. ) ;
#1540 = PLANE ( 'NONE',  #5117 ) ;
#1541 = COLOUR_RGB ( '',0.7921568627450980005, 0.8196078431372548767, 0.9333333333333333481 ) ;
#1542 = LINE ( 'NONE', #4866, #3683 ) ;
#1543 = CARTESIAN_POINT ( 'NONE',  ( 1.920000000000000373, 0.2540000000000001146, -0.8250000000000001776 ) ) ;
#1544 = VERTEX_POINT ( 'NONE', #4912 ) ;
#1545 = CARTESIAN_POINT ( 'NONE',  ( -1.500000000000001110, 0.5362000000000048949, 0.4749999999999997558 ) ) ;
#1546 = DIRECTION ( 'NONE',  ( -0.000000000000000000, -0.000000000000000000, -1.000000000000000000 ) ) ;
#1547 = EDGE_LOOP ( 'NONE', ( #6025, #622, #6734, #4998 ) ) ;
#1548 = VECTOR ( 'NONE', #6979, 1000.000000000000000 ) ;
#1549 = CARTESIAN_POINT ( 'NONE',  ( 1.886577241033764230, 0.4435498852866788799, -0.4750000000000001443 ) ) ;
#1550 = ORIENTED_EDGE ( 'NONE', *, *, #386, .T. ) ;
#1551 = LINE ( 'NONE', #6457, #1976 ) ;
#1552 = ORIENTED_EDGE ( 'NONE', *, *, #1571, .T. ) ;
#1553 = CARTESIAN_POINT ( 'NONE',  ( 0.7055000000000001270, 0.1523999999999999799, -1.422500000000000320 ) ) ;
#1554 = ORIENTED_EDGE ( 'NONE', *, *, #1319, .T. ) ;
#1555 = EDGE_CURVE ( 'NONE', #1124, #2311, #6478, .T. ) ;
#1556 = VERTEX_POINT ( 'NONE', #1861 ) ;
#1557 = ORIENTED_EDGE ( 'NONE', *, *, #5510, .T. ) ;
#1558 = PLANE ( 'NONE',  #360 ) ;
#1559 = CARTESIAN_POINT ( 'NONE',  ( -1.500000000000001110, 0.5362000000000048949, 1.774999999999999689 ) ) ;
#1560 = ORIENTED_EDGE ( 'NONE', *, *, #3215, .T. ) ;
#1561 = EDGE_CURVE ( 'NONE', #520, #6366, #2196, .T. ) ;
#1562 = PLANE ( 'NONE',  #3906 ) ;
#1563 = ORIENTED_EDGE ( 'NONE', *, *, #6588, .F. ) ;
#1564 = EDGE_CURVE ( 'NONE', #4295, #1169, #4469, .T. ) ;
#1565 = VERTEX_POINT ( 'NONE', #3567 ) ;
#1566 = DIRECTION ( 'NONE',  ( -1.000000000000000000, 3.925976682163069868E-16, 0.000000000000000000 ) ) ;
#1567 = LINE ( 'NONE', #5521, #4182 ) ;
#1568 = DIRECTION ( 'NONE',  ( 0.000000000000000000, -1.000000000000000000, 0.000000000000000000 ) ) ;
#1569 = CARTESIAN_POINT ( 'NONE',  ( -0.8254999999999999005, 0.2999999999999999889, -1.422500000000000320 ) ) ;
#1570 = CARTESIAN_POINT ( 'NONE',  ( -0.7055000000000000160, 0.2999999999999999889, -1.422500000000000320 ) ) ;
#1571 = EDGE_CURVE ( 'NONE', #3798, #4430, #1662, .T. ) ;
#1572 = DIRECTION ( 'NONE',  ( 0.05233595624293796433, 0.9986295347545741663, 0.000000000000000000 ) ) ;
#1573 = DIRECTION ( 'NONE',  ( -1.000000000000000000, -3.925976682163069868E-16, 0.000000000000000000 ) ) ;
#1574 = VECTOR ( 'NONE', #5857, 1000.000000000000000 ) ;
#1575 = CARTESIAN_POINT ( 'NONE',  ( -1.776161133969892392, 0.5362000000000050060, -0.4750000000000001443 ) ) ;
#1576 = EDGE_LOOP ( 'NONE', ( #1228, #3575, #3079, #6524 ) ) ;
#1577 = DIRECTION ( 'NONE',  ( -0.000000000000000000, -0.000000000000000000, -1.000000000000000000 ) ) ;
#1578 = CARTESIAN_POINT ( 'NONE',  ( -0.9454999999999995630, 0.1523999999999999799, 2.181091817202220466E-16 ) ) ;
#1579 = ORIENTED_EDGE ( 'NONE', *, *, #5025, .T. ) ;
#1580 = VECTOR ( 'NONE', #5707, 1000.000000000000114 ) ;
#1581 = DIRECTION ( 'NONE',  ( -0.000000000000000000, 0.000000000000000000, -1.000000000000000000 ) ) ;
#1582 = DIRECTION ( 'NONE',  ( -1.000000000000000000, 0.000000000000000000, -0.000000000000000000 ) ) ;
#1583 = CARTESIAN_POINT ( 'NONE',  ( -0.7055000000000006821, 0.2999999999999999889, 1.422499999999999876 ) ) ;
#1584 = ORIENTED_EDGE ( 'NONE', *, *, #686, .F. ) ;
#1585 = DIRECTION ( 'NONE',  ( -0.000000000000000000, -0.000000000000000000, -1.000000000000000000 ) ) ;
#1586 = CARTESIAN_POINT ( 'NONE',  ( 1.499999999999998890, 0.5362000000000101130, -2.019500000000007400 ) ) ;
#1587 = CARTESIAN_POINT ( 'NONE',  ( 1.776161133969892392, 0.5362000000000048949, -0.1750000000000002387 ) ) ;
#1588 = ORIENTED_EDGE ( 'NONE', *, *, #2137, .T. ) ;
#1589 = DIRECTION ( 'NONE',  ( 1.000000000000000000, 0.000000000000000000, -0.000000000000000000 ) ) ;
#1590 = CARTESIAN_POINT ( 'NONE',  ( 2.192393151670311457, 0.01300689682525807585, 0.4749999999999997558 ) ) ;
#1591 = AXIS2_PLACEMENT_3D ( 'NONE', #1260, #2406, #4615 ) ;
#1592 = COLOUR_RGB ( '',0.7921568627450980005, 0.8196078431372548767, 0.9333333333333333481 ) ;
#1593 = ORIENTED_EDGE ( 'NONE', *, *, #706, .T. ) ;
#1594 = EDGE_CURVE ( 'NONE', #3251, #272, #5623, .T. ) ;
#1595 = VERTEX_POINT ( 'NONE', #6650 ) ;
#1596 = CARTESIAN_POINT ( 'NONE',  ( -0.8254999999999999005, 0.2999999999999999889, -1.302500000000000213 ) ) ;
#1597 = FILL_AREA_STYLE ('',( #3708 ) ) ;
#1598 = VECTOR ( 'NONE', #2578, 1000.000000000000000 ) ;
#1599 = LINE ( 'NONE', #6004, #5590 ) ;
#1600 = PLANE ( 'NONE',  #1859 ) ;
#1601 = PLANE ( 'NONE',  #384 ) ;
#1602 = DIRECTION ( 'NONE',  ( -1.000000000000000000, 0.000000000000000000, 0.000000000000000000 ) ) ;
#1603 = CARTESIAN_POINT ( 'NONE',  ( 1.776161133969892392, 0.4240805465065236035, 0.4749999999999997558 ) ) ;
#1604 = ADVANCED_FACE ( 'NONE', ( #6172, #6096 ), #3904, .F. ) ;
#1605 = VECTOR ( 'NONE', #6223, 1000.000000000000114 ) ;
#1606 = VECTOR ( 'NONE', #1118, 1000.000000000000114 ) ;
#1607 = EDGE_LOOP ( 'NONE', ( #3891, #2943, #6639, #1881 ) ) ;
#1608 = EDGE_CURVE ( 'NONE', #3589, #6901, #2446, .T. ) ;
#1609 = ORIENTED_EDGE ( 'NONE', *, *, #2599, .T. ) ;
#1610 = CIRCLE ( 'NONE', #6262, 0.1121194534934809861 ) ;
#1611 = CARTESIAN_POINT ( 'NONE',  ( 1.500000000000001110, 0.7161999999999915101, -0.4750000000000001443 ) ) ;
#1612 = CARTESIAN_POINT ( 'NONE',  ( 2.207681502606056778, 0.3047260107602003942, 1.774999999999999689 ) ) ;
#1613 = CYLINDRICAL_SURFACE ( 'NONE', #6847, 0.2921194534934677955 ) ;
#1614 = EDGE_LOOP ( 'NONE', ( #5665, #2113, #6173, #583 ) ) ;
#1615 = FACE_OUTER_BOUND ( 'NONE', #2511, .T. ) ;
#1616 = PLANE ( 'NONE',  #5214 ) ;
#1617 = EDGE_LOOP ( 'NONE', ( #4755, #1947, #982, #4155 ) ) ;
#1618 = EDGE_CURVE ( 'NONE', #5031, #1556, #35, .T. ) ;
#1619 = EDGE_CURVE ( 'NONE', #2221, #2673, #4066, .T. ) ;
#1620 = AXIS2_PLACEMENT_3D ( 'NONE', #1763, #6685, #6127 ) ;
#1621 = VECTOR ( 'NONE', #1351, 1000.000000000000000 ) ;
#1622 = CARTESIAN_POINT ( 'NONE',  ( 1.776161133969892392, 0.7161999999999913991, -0.1750000000000002387 ) ) ;
#1623 = ORIENTED_EDGE ( 'NONE', *, *, #5867, .T. ) ;
#1624 = CARTESIAN_POINT ( 'NONE',  ( 2.097265395542184940, 0.2852566719800452844, 0.4749999999999997558 ) ) ;
#1625 = PLANE ( 'NONE',  #2703 ) ;
#1626 = ORIENTED_EDGE ( 'NONE', *, *, #1211, .F. ) ;
#1627 = VECTOR ( 'NONE', #2188, 1000.000000000000114 ) ;
#1628 = VERTEX_POINT ( 'NONE', #1727 ) ;
#1629 = CARTESIAN_POINT ( 'NONE',  ( -2.450000000000000178, 0.1797533162558100084, -0.1750000000000002387 ) ) ;
#1630 = AXIS2_PLACEMENT_3D ( 'NONE', #164, #6220, #6149 ) ;
#1631 = ORIENTED_EDGE ( 'NONE', *, *, #3508, .T. ) ;
#1632 = CARTESIAN_POINT ( 'NONE',  ( 0.000000000000000000, 0.1523999999999999799, -1.772500000000000409 ) ) ;
#1633 = VERTEX_POINT ( 'NONE', #3942 ) ;
#1634 = VECTOR ( 'NONE', #4595, 1000.000000000000000 ) ;
#1635 = CARTESIAN_POINT ( 'NONE',  ( -1.776161133969892392, 0.7161999999999915101, 1.124999999999999778 ) ) ;
#1636 = CARTESIAN_POINT ( 'NONE',  ( -1.886577241033764230, 0.4435498852866788799, 1.124999999999999778 ) ) ;
#1637 = CARTESIAN_POINT ( 'NONE',  ( 1.886577241033764230, 0.4435498852866788799, 1.124999999999999778 ) ) ;
#1638 = LINE ( 'NONE', #2212, #5192 ) ;
#1639 = ADVANCED_FACE ( 'NONE', ( #5160 ), #207, .F. ) ;
#1640 = AXIS2_PLACEMENT_3D ( 'NONE', #6545, #5408, #1071 ) ;
#1641 = AXIS2_PLACEMENT_3D ( 'NONE', #580, #6679, #4905 ) ;
#1642 = ORIENTED_EDGE ( 'NONE', *, *, #3525, .T. ) ;
#1643 = ORIENTED_EDGE ( 'NONE', *, *, #3828, .F. ) ;
#1644 = CARTESIAN_POINT ( 'NONE',  ( 2.063842636575948575, 0.4748065572667239942, 0.1749999999999998224 ) ) ;
#1645 = CARTESIAN_POINT ( 'NONE',  ( -1.886577241033764230, 0.4435498852866789354, 0.4749999999999997558 ) ) ;
#1646 = EDGE_CURVE ( 'NONE', #3233, #3899, #1930, .T. ) ;
#1647 = CARTESIAN_POINT ( 'NONE',  ( -2.207681502606056778, 0.3047260107602003942, 0.4749999999999997558 ) ) ;
#1648 = FACE_OUTER_BOUND ( 'NONE', #1251, .T. ) ;
#1649 = ORIENTED_EDGE ( 'NONE', *, *, #4248, .F. ) ;
#1650 = CARTESIAN_POINT ( 'NONE',  ( 2.207681502606056778, 0.3047260107602003942, -1.125000000000000222 ) ) ;
#1651 = VECTOR ( 'NONE', #1252, 1000.000000000000114 ) ;
#1652 = ORIENTED_EDGE ( 'NONE', *, *, #5700, .T. ) ;
#1653 = EDGE_CURVE ( 'NONE', #3829, #1159, #5862, .T. ) ;
#1654 = VECTOR ( 'NONE', #5401, 1000.000000000000000 ) ;
#1655 = DIRECTION ( 'NONE',  ( 0.000000000000000000, 0.000000000000000000, 1.000000000000000000 ) ) ;
#1656 = EDGE_CURVE ( 'NONE', #2395, #6402, #2624, .T. ) ;
#1657 = AXIS2_PLACEMENT_3D ( 'NONE', #3278, #3850, #7129 ) ;
#1658 = VERTEX_POINT ( 'NONE', #5938 ) ;
#1659 = LINE ( 'NONE', #1123, #33 ) ;
#1660 = ORIENTED_EDGE ( 'NONE', *, *, #6733, .F. ) ;
#1661 = ADVANCED_FACE ( 'NONE', ( #5304 ), #3637, .F. ) ;
#1662 = LINE ( 'NONE', #828, #2772 ) ;
#1663 = CARTESIAN_POINT ( 'NONE',  ( 1.776161133969892392, 0.4240805465065236035, -0.8250000000000001776 ) ) ;
#1664 = AXIS2_PLACEMENT_3D ( 'NONE', #2969, #2380, #6856 ) ;
#1665 = EDGE_CURVE ( 'NONE', #4943, #3877, #4684, .T. ) ;
#1666 = DIRECTION ( 'NONE',  ( 1.000000000000000000, 0.000000000000000000, 0.000000000000000000 ) ) ;
#1667 = LINE ( 'NONE', #6794, #6309 ) ;
#1668 = VERTEX_POINT ( 'NONE', #7054 ) ;
#1669 = DIRECTION ( 'NONE',  ( -0.000000000000000000, 0.000000000000000000, 1.000000000000000000 ) ) ;
#1670 = PRODUCT_DEFINITION_FORMATION_WITH_SPECIFIED_SOURCE ( 'ANY', '', #3742, .NOT_KNOWN. ) ;
#1671 = EDGE_LOOP ( 'NONE', ( #6070, #2527, #907, #7139 ) ) ;
#1672 = CARTESIAN_POINT ( 'NONE',  ( -2.201813623794039998, 0.1927602130810681935, -0.1750000000000002387 ) ) ;
#1673 = CARTESIAN_POINT ( 'NONE',  ( 0.000000000000000000, 0.2999999999999999889, 1.772499999999999964 ) ) ;
#1674 = DIRECTION ( 'NONE',  ( -1.000000000000000000, 3.925976682163069868E-16, 0.000000000000000000 ) ) ;
#1675 = CARTESIAN_POINT ( 'NONE',  ( 2.450000000000000178, 0.1797533162558100084, -1.125000000000000222 ) ) ;
#1676 = ORIENTED_EDGE ( 'NONE', *, *, #413, .T. ) ;
#1677 = EDGE_LOOP ( 'NONE', ( #4029, #5144, #5588, #2755 ) ) ;
#1678 = CARTESIAN_POINT ( 'NONE',  ( 2.440579527876272081, -9.062316430720066274E-18, 1.124999999999999778 ) ) ;
#1679 = DIRECTION ( 'NONE',  ( -1.000000000000000000, 3.925976682163069868E-16, 0.000000000000000000 ) ) ;
#1680 = CYLINDRICAL_SURFACE ( 'NONE', #4377, 0.2921194534934677955 ) ;
#1681 = VERTEX_POINT ( 'NONE', #6378 ) ;
#1682 = LINE ( 'NONE', #2782, #4022 ) ;
#1683 = PLANE ( 'NONE',  #1264 ) ;
#1684 = VERTEX_POINT ( 'NONE', #6517 ) ;
#1685 = EDGE_CURVE ( 'NONE', #5939, #1060, #6917, .T. ) ;
#1686 = FACE_OUTER_BOUND ( 'NONE', #5244, .T. ) ;
#1687 = ADVANCED_FACE ( 'NONE', ( #2003 ), #3605, .F. ) ;
#1688 = ORIENTED_EDGE ( 'NONE', *, *, #1816, .F. ) ;
#1689 = LINE ( 'NONE', #1624, #1764 ) ;
#1690 = ORIENTED_EDGE ( 'NONE', *, *, #872, .T. ) ;
#1691 = DIRECTION ( 'NONE',  ( -0.1736481776669313026, -0.9848077530122080203, -0.000000000000000000 ) ) ;
#1692 = VECTOR ( 'NONE', #2878, 1000.000000000000000 ) ;
#1693 = EDGE_CURVE ( 'NONE', #6075, #5986, #4175, .T. ) ;
#1694 = EDGE_CURVE ( 'NONE', #1518, #1370, #5234, .T. ) ;
#1695 = VERTEX_POINT ( 'NONE', #3069 ) ;
#1696 = LINE ( 'NONE', #702, #6073 ) ;
#1697 = ORIENTED_EDGE ( 'NONE', *, *, #1100, .T. ) ;
#1698 = CARTESIAN_POINT ( 'NONE',  ( 1.886577241033764230, 0.4435498852866788799, -1.475000000000000089 ) ) ;
#1699 = CARTESIAN_POINT ( 'NONE',  ( -1.150000000000001021, 1.080000000000000071, -1.669500000000007311 ) ) ;
#1700 = EDGE_CURVE ( 'NONE', #3392, #2584, #5270, .T. ) ;
#1701 = ORIENTED_EDGE ( 'NONE', *, *, #338, .F. ) ;
#1702 = CARTESIAN_POINT ( 'NONE',  ( 0.7054999999999993499, 0.2999999999999999889, 1.422499999999999876 ) ) ;
#1703 = DIRECTION ( 'NONE',  ( 0.000000000000000000, 0.000000000000000000, 1.000000000000000000 ) ) ;
#1704 = CARTESIAN_POINT ( 'NONE',  ( -2.201813623794039998, 0.1927602130810681935, 0.4749999999999997558 ) ) ;
#1705 = STYLED_ITEM ( 'NONE', ( #4222 ), #1846 ) ;
#1706 = CARTESIAN_POINT ( 'NONE',  ( -1.886577241033764230, 0.4435498852866789354, -0.8250000000000001776 ) ) ;
#1707 = DIRECTION ( 'NONE',  ( -0.9986295347545742773, 0.05233595624293731902, 0.000000000000000000 ) ) ;
#1708 = CARTESIAN_POINT ( 'NONE',  ( -1.500000000000001110, 0.1523999999999999799, 1.979160994505027249 ) ) ;
#1709 = CARTESIAN_POINT ( 'NONE',  ( -1.150000000000001021, 1.080000000000000071, -1.494500000000007489 ) ) ;
#1710 = ORIENTED_EDGE ( 'NONE', *, *, #1517, .F. ) ;
#1711 = AXIS2_PLACEMENT_3D ( 'NONE', #155, #2945, #2349 ) ;
#1712 = VERTEX_POINT ( 'NONE', #2514 ) ;
#1713 = VECTOR ( 'NONE', #2999, 1000.000000000000000 ) ;
#1714 = CARTESIAN_POINT ( 'NONE',  ( -1.776161133969892392, 0.7161999999999913991, 1.124999999999999778 ) ) ;
#1715 = PLANE ( 'NONE',  #5317 ) ;
#1716 = PLANE ( 'NONE',  #5211 ) ;
#1717 = DIRECTION ( 'NONE',  ( 0.000000000000000000, 0.000000000000000000, 1.000000000000000000 ) ) ;
#1718 = VERTEX_POINT ( 'NONE', #4724 ) ;
#1719 = AXIS2_PLACEMENT_3D ( 'NONE', #6628, #3851, #6152 ) ;
#1720 = DIRECTION ( 'NONE',  ( -0.000000000000000000, 1.000000000000000000, -0.000000000000000000 ) ) ;
#1721 = SURFACE_SIDE_STYLE ('',( #689 ) ) ;
#1722 = ORIENTED_EDGE ( 'NONE', *, *, #2595, .T. ) ;
#1723 = CARTESIAN_POINT ( 'NONE',  ( -2.450000000000000178, 0.1797533162558100084, 0.4749999999999997558 ) ) ;
#1724 = VECTOR ( 'NONE', #2696, 1000.000000000000000 ) ;
#1725 = DIRECTION ( 'NONE',  ( 0.000000000000000000, -1.000000000000000000, 0.000000000000000000 ) ) ;
#1726 = EDGE_LOOP ( 'NONE', ( #3695, #837, #1676, #3121 ) ) ;
#1727 = CARTESIAN_POINT ( 'NONE',  ( 2.450000000000000178, 0.1797533162558100084, 1.124999999999999778 ) ) ;
#1728 = ADVANCED_FACE ( 'NONE', ( #6952 ), #1968, .F. ) ;
#1729 = VECTOR ( 'NONE', #435, 1000.000000000000000 ) ;
#1730 = VECTOR ( 'NONE', #195, 1000.000000000000000 ) ;
#1731 = EDGE_CURVE ( 'NONE', #6818, #56, #3711, .T. ) ;
#1732 = LINE ( 'NONE', #666, #39 ) ;
#1733 = CIRCLE ( 'NONE', #4628, 0.2921194534934675735 ) ;
#1734 = DIRECTION ( 'NONE',  ( 0.05233595624293691656, 0.9986295347545742773, -0.000000000000000000 ) ) ;
#1735 = EDGE_LOOP ( 'NONE', ( #5680, #2372, #1959, #4538, #1107, #5853, #6216, #1146, #6504, #6284, #4305, #2318, #404, #1479, #3826, #1329, #4549, #5856, #4077, #2503 ) ) ;
#1736 = FACE_OUTER_BOUND ( 'NONE', #6290, .T. ) ;
#1737 = EDGE_CURVE ( 'NONE', #4855, #1769, #4210, .T. ) ;
#1738 = EDGE_LOOP ( 'NONE', ( #1456, #6567, #4218, #5332 ) ) ;
#1739 = ORIENTED_EDGE ( 'NONE', *, *, #701, .T. ) ;
#1740 = CARTESIAN_POINT ( 'NONE',  ( 0.9454999999999997851, 0.1523999999999999799, -1.302500000000000213 ) ) ;
#1741 = DIRECTION ( 'NONE',  ( -0.000000000000000000, 1.000000000000000000, -0.000000000000000000 ) ) ;
#1742 = EDGE_CURVE ( 'NONE', #7109, #5159, #3670, .T. ) ;
#1743 = AXIS2_PLACEMENT_3D ( 'NONE', #5989, #3690, #3793 ) ;
#1744 = CARTESIAN_POINT ( 'NONE',  ( -0.7055000000000007931, 0.1523999999999999799, 1.772499999999999964 ) ) ;
#1745 = CARTESIAN_POINT ( 'NONE',  ( 2.440579527876272081, -9.062316430720066274E-18, -1.775000000000000133 ) ) ;
#1746 = CARTESIAN_POINT ( 'NONE',  ( -2.440579527876272081, -9.062316430720066274E-18, 1.774999999999999689 ) ) ;
#1747 = EDGE_CURVE ( 'NONE', #4554, #1544, #6704, .T. ) ;
#1748 = CIRCLE ( 'NONE', #6285, 0.2921194534934675735 ) ;
#1749 = ORIENTED_EDGE ( 'NONE', *, *, #2875, .F. ) ;
#1750 = LINE ( 'NONE', #2396, #5759 ) ;
#1751 = CARTESIAN_POINT ( 'NONE',  ( -2.097265395542184940, 0.2852566719800450623, -0.8250000000000001776 ) ) ;
#1752 = EDGE_CURVE ( 'NONE', #193, #6993, #6082, .T. ) ;
#1753 = CARTESIAN_POINT ( 'NONE',  ( 2.450000000000000178, 0.1797533162558100084, -1.125000000000000222 ) ) ;
#1754 = LINE ( 'NONE', #174, #5565 ) ;
#1755 = ORIENTED_EDGE ( 'NONE', *, *, #5561, .T. ) ;
#1756 = EDGE_CURVE ( 'NONE', #2647, #5962, #1638, .T. ) ;
#1757 = PLANE ( 'NONE',  #2333 ) ;
#1758 = CARTESIAN_POINT ( 'NONE',  ( 1.776161133969892392, 0.7161999999999913991, -0.8250000000000001776 ) ) ;
#1759 =( NAMED_UNIT ( * ) PLANE_ANGLE_UNIT ( ) SI_UNIT ( $, .RADIAN. ) );
#1760 = ORIENTED_EDGE ( 'NONE', *, *, #2869, .F. ) ;
#1761 = DIRECTION ( 'NONE',  ( -0.1736481776669336896, 0.9848077530122073542, 0.000000000000000000 ) ) ;
#1762 = DIRECTION ( 'NONE',  ( -0.000000000000000000, -0.000000000000000000, -1.000000000000000000 ) ) ;
#1763 = CARTESIAN_POINT ( 'NONE',  ( 1.776161133969892392, 0.4240805465065236035, 1.474999999999999645 ) ) ;
#1764 = VECTOR ( 'NONE', #4949, 1000.000000000000227 ) ;
#1765 = AXIS2_PLACEMENT_3D ( 'NONE', #6863, #5173, #3011 ) ;
#1766 = CARTESIAN_POINT ( 'NONE',  ( 1.459660994505032283, 0.1523999999999999799, 0.000000000000000000 ) ) ;
#1767 = ORIENTED_EDGE ( 'NONE', *, *, #5654, .T. ) ;
#1768 = CARTESIAN_POINT ( 'NONE',  ( -2.450000000000000178, 0.1797533162558100084, 1.774999999999999689 ) ) ;
#1769 = VERTEX_POINT ( 'NONE', #565 ) ;
#1770 = LINE ( 'NONE', #4117, #2997 ) ;
#1771 = VECTOR ( 'NONE', #277, 1000.000000000000000 ) ;
#1772 = DIRECTION ( 'NONE',  ( 0.000000000000000000, 0.000000000000000000, 1.000000000000000000 ) ) ;
#1773 = CARTESIAN_POINT ( 'NONE',  ( -2.063842636575949019, 0.4748065572667242162, -1.475000000000000089 ) ) ;
#1774 = ADVANCED_FACE ( 'NONE', ( #4975 ), #6669, .F. ) ;
#1775 = CARTESIAN_POINT ( 'NONE',  ( -2.192393151670311457, 0.01300689682525807585, 1.774999999999999689 ) ) ;
#1776 = DIRECTION ( 'NONE',  ( 0.000000000000000000, -1.000000000000000000, 0.000000000000000000 ) ) ;
#1777 = DIRECTION ( 'NONE',  ( 1.000000000000000000, 3.925976682163069868E-16, 0.000000000000000000 ) ) ;
#1778 = FILL_AREA_STYLE_COLOUR ( '', #453 ) ;
#1779 = EDGE_CURVE ( 'NONE', #5802, #5334, #4489, .T. ) ;
#1780 = ORIENTED_EDGE ( 'NONE', *, *, #4268, .T. ) ;
#1781 = EDGE_CURVE ( 'NONE', #4000, #6322, #679, .T. ) ;
#1782 = DIRECTION ( 'NONE',  ( -0.000000000000000000, -0.000000000000000000, -1.000000000000000000 ) ) ;
#1783 = CARTESIAN_POINT ( 'NONE',  ( 2.192393151670311457, 0.01300689682525807585, -0.8250000000000001776 ) ) ;
#1784 = MANIFOLD_SOLID_BREP ( 'LPattern1[7]', #353 ) ;
#1785 = ORIENTED_EDGE ( 'NONE', *, *, #2902, .T. ) ;
#1786 = EDGE_CURVE ( 'NONE', #6402, #949, #4560, .T. ) ;
#1787 = DIRECTION ( 'NONE',  ( 2.306813132947882026E-16, 0.000000000000000000, 1.000000000000000000 ) ) ;
#1788 = CARTESIAN_POINT ( 'NONE',  ( 1.500000000000001110, 0.5362000000000048949, -1.475000000000000089 ) ) ;
#1789 = DIRECTION ( 'NONE',  ( -1.000000000000000000, -3.925976682163069868E-16, -0.000000000000000000 ) ) ;
#1790 = LINE ( 'NONE', #5166, #3123 ) ;
#1791 = EDGE_LOOP ( 'NONE', ( #4875, #2814, #1701, #804 ) ) ;
#1792 = FACE_OUTER_BOUND ( 'NONE', #2515, .T. ) ;
#1793 = CARTESIAN_POINT ( 'NONE',  ( 0.9454999999999991189, 0.2999999999999999889, 1.772500000000000631 ) ) ;
#1794 = VERTEX_POINT ( 'NONE', #6776 ) ;
#1795 = UNCERTAINTY_MEASURE_WITH_UNIT (LENGTH_MEASURE( 1.000000000000000082E-05 ), #7024, 'distance_accuracy_value', 'NONE');
#1796 = MANIFOLD_SOLID_BREP ( 'LPattern1[5]', #6953 ) ;
#1797 = LINE ( 'NONE', #3440, #1985 ) ;
#1798 = ORIENTED_EDGE ( 'NONE', *, *, #4611, .F. ) ;
#1799 = AXIS2_PLACEMENT_3D ( 'NONE', #1856, #6373, #4168 ) ;
#1800 = DIRECTION ( 'NONE',  ( -0.000000000000000000, -0.000000000000000000, -1.000000000000000000 ) ) ;
#1801 = VERTEX_POINT ( 'NONE', #4820 ) ;
#1802 = CARTESIAN_POINT ( 'NONE',  ( 2.097265395542184940, 0.2852566719800452844, -0.4750000000000001443 ) ) ;
#1803 = CARTESIAN_POINT ( 'NONE',  ( 0.000000000000000000, 0.2999999999999999889, 1.302499999999999769 ) ) ;
#1804 = AXIS2_PLACEMENT_3D ( 'NONE', #1714, #6556, #3928 ) ;
#1805 = MANIFOLD_SOLID_BREP ( 'Boss-Extrude5', #6141 ) ;
#1806 = ORIENTED_EDGE ( 'NONE', *, *, #6695, .F. ) ;
#1807 = CARTESIAN_POINT ( 'NONE',  ( -2.192393151670311457, 0.01300689682525807585, 1.774999999999999689 ) ) ;
#1808 = FACE_OUTER_BOUND ( 'NONE', #2948, .T. ) ;
#1809 = DIRECTION ( 'NONE',  ( 0.000000000000000000, 0.000000000000000000, 1.000000000000000000 ) ) ;
#1810 = ADVANCED_FACE ( 'NONE', ( #2288 ), #3094, .T. ) ;
#1811 = ORIENTED_EDGE ( 'NONE', *, *, #3638, .F. ) ;
#1812 = CARTESIAN_POINT ( 'NONE',  ( -2.207681502606056778, 0.3047260107602003942, -1.125000000000000222 ) ) ;
#1813 = CARTESIAN_POINT ( 'NONE',  ( 2.440579527876272081, -9.062316430720066274E-18, 1.124999999999999778 ) ) ;
#1814 = DIRECTION ( 'NONE',  ( 1.000000000000000000, 0.000000000000000000, 0.000000000000000000 ) ) ;
#1815 = FACE_OUTER_BOUND ( 'NONE', #3949, .T. ) ;
#1816 = EDGE_CURVE ( 'NONE', #3795, #3009, #3007, .T. ) ;
#1817 = MANIFOLD_SOLID_BREP ( 'LPattern1[4]', #2897 ) ;
#1818 = VERTEX_POINT ( 'NONE', #1032 ) ;
#1819 = EDGE_CURVE ( 'NONE', #6203, #2774, #5778, .T. ) ;
#1820 = COLOUR_RGB ( '',0.7921568627450980005, 0.8196078431372548767, 0.9333333333333333481 ) ;
#1821 = VECTOR ( 'NONE', #794, 1000.000000000000000 ) ;
#1822 = CARTESIAN_POINT ( 'NONE',  ( -1.500000000000001110, 0.5362000000000048949, -1.475000000000000089 ) ) ;
#1823 = DIRECTION ( 'NONE',  ( -1.000000000000000000, 0.000000000000000000, 0.000000000000000000 ) ) ;
#1824 = CARTESIAN_POINT ( 'NONE',  ( -1.776161133969892392, 0.7161999999999915101, -0.8250000000000001776 ) ) ;
#1825 = ADVANCED_FACE ( 'NONE', ( #5965 ), #3807, .F. ) ;
#1826 = VECTOR ( 'NONE', #3445, 1000.000000000000000 ) ;
#1827 = EDGE_LOOP ( 'NONE', ( #6283, #6294, #2606, #2045 ) ) ;
#1828 = VECTOR ( 'NONE', #2434, 1000.000000000000000 ) ;
#1829 = EDGE_CURVE ( 'NONE', #5659, #4286, #5478, .T. ) ;
#1830 = LINE ( 'NONE', #5837, #862 ) ;
#1831 = CARTESIAN_POINT ( 'NONE',  ( -2.063842636575949019, 0.4748065572667242162, -1.125000000000000222 ) ) ;
#1832 = VERTEX_POINT ( 'NONE', #517 ) ;
#1833 = ADVANCED_FACE ( 'NONE', ( #4309 ), #1562, .F. ) ;
#1834 = AXIS2_PLACEMENT_3D ( 'NONE', #1984, #3518, #4782 ) ;
#1835 = CLOSED_SHELL ( 'NONE', ( #2712, #4848, #1880, #2416, #5874, #6276, #2533, #4471, #3291, #2826, #1055, #1001, #5882, #6451 ) ) ;
#1836 = LINE ( 'NONE', #4546, #1870 ) ;
#1837 = EDGE_LOOP ( 'NONE', ( #4629, #410, #437, #3624 ) ) ;
#1838 = VECTOR ( 'NONE', #6475, 1000.000000000000000 ) ;
#1839 = LINE ( 'NONE', #6328, #1428 ) ;
#1840 = DIRECTION ( 'NONE',  ( -0.9848077530122074652, -0.1736481776669337174, 0.000000000000000000 ) ) ;
#1841 = ORIENTED_EDGE ( 'NONE', *, *, #5974, .F. ) ;
#1842 = DIRECTION ( 'NONE',  ( -1.000000000000000000, 0.000000000000000000, 0.000000000000000000 ) ) ;
#1843 = DIRECTION ( 'NONE',  ( 0.000000000000000000, 0.000000000000000000, -1.000000000000000000 ) ) ;
#1844 = VECTOR ( 'NONE', #4247, 1000.000000000000000 ) ;
#1845 = VERTEX_POINT ( 'NONE', #2165 ) ;
#1846 = MANIFOLD_SOLID_BREP ( 'LPattern1[6]', #359 ) ;
#1847 = ORIENTED_EDGE ( 'NONE', *, *, #4606, .T. ) ;
#1848 = VECTOR ( 'NONE', #7059, 1000.000000000000000 ) ;
#1849 = CARTESIAN_POINT ( 'NONE',  ( 1.459660994505032283, 1.100000000000000089, 1.979160994505027249 ) ) ;
#1850 = PLANE ( 'NONE',  #607 ) ;
#1851 = CARTESIAN_POINT ( 'NONE',  ( -2.450000000000000178, 0.1797533162558100084, -0.4750000000000001443 ) ) ;
#1852 = CARTESIAN_POINT ( 'NONE',  ( 0.000000000000000000, 0.1523999999999999799, 0.000000000000000000 ) ) ;
#1853 = DIRECTION ( 'NONE',  ( -0.000000000000000000, -0.000000000000000000, -1.000000000000000000 ) ) ;
#1854 = EDGE_LOOP ( 'NONE', ( #7122, #5467, #624, #5327 ) ) ;
#1855 = EDGE_LOOP ( 'NONE', ( #5424, #5630, #5586, #5419 ) ) ;
#1856 = CARTESIAN_POINT ( 'NONE',  ( 2.440579527876272081, -9.062316430720066274E-18, 1.774999999999999689 ) ) ;
#1857 = LINE ( 'NONE', #6845, #1948 ) ;
#1858 = EDGE_CURVE ( 'NONE', #1894, #3197, #4376, .T. ) ;
#1859 = AXIS2_PLACEMENT_3D ( 'NONE', #1109, #6108, #2139 ) ;
#1860 = ORIENTED_EDGE ( 'NONE', *, *, #2096, .F. ) ;
#1861 = CARTESIAN_POINT ( 'NONE',  ( 1.886577241033764230, 0.4435498852866788799, -0.4750000000000001443 ) ) ;
#1862 = EDGE_CURVE ( 'NONE', #2200, #6582, #1980, .T. ) ;
#1863 = VECTOR ( 'NONE', #127, 1000.000000000000114 ) ;
#1864 = CARTESIAN_POINT ( 'NONE',  ( 1.500000000000001110, 0.5362000000000048949, -1.775000000000000133 ) ) ;
#1865 = CARTESIAN_POINT ( 'NONE',  ( -0.8254999999999999005, 0.2999999999999999889, -1.302500000000000213 ) ) ;
#1866 = CARTESIAN_POINT ( 'NONE',  ( 0.9454999999999995630, 0.2999999999999999889, 2.181091817202221452E-16 ) ) ;
#1867 = ORIENTED_EDGE ( 'NONE', *, *, #1618, .T. ) ;
#1868 = LINE ( 'NONE', #5765, #4976 ) ;
#1869 = ORIENTED_EDGE ( 'NONE', *, *, #4209, .T. ) ;
#1870 = VECTOR ( 'NONE', #2868, 1000.000000000000000 ) ;
#1871 = CARTESIAN_POINT ( 'NONE',  ( -1.776161133969892392, 0.4240805465065236035, 1.474999999999999645 ) ) ;
#1872 = VERTEX_POINT ( 'NONE', #7000 ) ;
#1873 = CIRCLE ( 'NONE', #2341, 0.2921194534934677955 ) ;
#1874 = EDGE_CURVE ( 'NONE', #4357, #6171, #2495, .T. ) ;
#1875 = FACE_OUTER_BOUND ( 'NONE', #4188, .T. ) ;
#1876 = DIRECTION ( 'NONE',  ( 0.000000000000000000, -1.000000000000000000, 0.000000000000000000 ) ) ;
#1877 = ORIENTED_EDGE ( 'NONE', *, *, #4463, .F. ) ;
#1878 = VECTOR ( 'NONE', #291, 1000.000000000000000 ) ;
#1879 = CIRCLE ( 'NONE', #1210, 0.1121194534934814163 ) ;
#1880 = ADVANCED_FACE ( 'NONE', ( #4296 ), #3047, .F. ) ;
#1881 = ORIENTED_EDGE ( 'NONE', *, *, #2573, .T. ) ;
#1882 = EDGE_LOOP ( 'NONE', ( #6157, #3551, #3750, #3902 ) ) ;
#1883 = VECTOR ( 'NONE', #4382, 1000.000000000000000 ) ;
#1884 = LINE ( 'NONE', #3591, #4413 ) ;
#1885 = AXIS2_PLACEMENT_3D ( 'NONE', #215, #3578, #1301 ) ;
#1886 = LINE ( 'NONE', #387, #1598 ) ;
#1887 = DIRECTION ( 'NONE',  ( -0.000000000000000000, 0.000000000000000000, 1.000000000000000000 ) ) ;
#1888 = ORIENTED_EDGE ( 'NONE', *, *, #4108, .T. ) ;
#1889 = CARTESIAN_POINT ( 'NONE',  ( 1.920000000000000373, 0.2540000000000001146, -0.8250000000000001776 ) ) ;
#1890 = CARTESIAN_POINT ( 'NONE',  ( 2.097265395542184940, 0.2852566719800452844, -0.8250000000000001776 ) ) ;
#1891 = CARTESIAN_POINT ( 'NONE',  ( 1.500000000000001110, 0.5362000000000048949, -0.1750000000000002387 ) ) ;
#1892 = CARTESIAN_POINT ( 'NONE',  ( 1.886577241033764230, 0.4435498852866788799, -0.8250000000000001776 ) ) ;
#1893 = MANIFOLD_SOLID_BREP ( 'LPattern1[3]', #1835 ) ;
#1894 = VERTEX_POINT ( 'NONE', #3186 ) ;
#1895 = LINE ( 'NONE', #5793, #1878 ) ;
#1896 = CARTESIAN_POINT ( 'NONE',  ( -1.776161133969892392, 0.7161999999999913991, 1.124999999999999778 ) ) ;
#1897 = ORIENTED_EDGE ( 'NONE', *, *, #5295, .T. ) ;
#1898 = DIRECTION ( 'NONE',  ( 3.925976682163069868E-16, -1.000000000000000000, 0.000000000000000000 ) ) ;
#1899 = CARTESIAN_POINT ( 'NONE',  ( 1.500000000000001110, 0.7161999999999915101, -0.1750000000000002387 ) ) ;
#1900 = ORIENTED_EDGE ( 'NONE', *, *, #4694, .F. ) ;
#1901 = MANIFOLD_SOLID_BREP ( 'Boss-Extrude3[1]', #4267 ) ;
#1902 = ADVANCED_FACE ( 'NONE', ( #4189 ), #5876, .T. ) ;
#1903 = PLANE ( 'NONE',  #5589 ) ;
#1904 = EDGE_LOOP ( 'NONE', ( #5807, #403, #248, #1739 ) ) ;
#1905 = DIRECTION ( 'NONE',  ( 1.000000000000000000, 0.000000000000000000, -0.000000000000000000 ) ) ;
#1906 = CARTESIAN_POINT ( 'NONE',  ( 1.776161133969892392, 0.4240805465065236035, 0.4749999999999997558 ) ) ;
#1907 = EDGE_CURVE ( 'NONE', #954, #5323, #1053, .T. ) ;
#1908 = DIRECTION ( 'NONE',  ( -0.1736481776669336896, 0.9848077530122073542, 0.000000000000000000 ) ) ;
#1909 = ADVANCED_FACE ( 'NONE', ( #254 ), #100, .T. ) ;
#1910 = EDGE_LOOP ( 'NONE', ( #1526, #4119, #1406, #944, #265, #4319, #2972, #2108, #2055, #1144, #927, #3713 ) ) ;
#1911 = AXIS2_PLACEMENT_3D ( 'NONE', #4856, #555, #7156 ) ;
#1912 = VERTEX_POINT ( 'NONE', #2375 ) ;
#1913 = FACE_OUTER_BOUND ( 'NONE', #5650, .T. ) ;
#1914 = CARTESIAN_POINT ( 'NONE',  ( 2.063842636575948575, 0.4748065572667239942, -1.475000000000000089 ) ) ;
#1915 = ORIENTED_EDGE ( 'NONE', *, *, #1561, .T. ) ;
#1916 = ADVANCED_FACE ( 'NONE', ( #723 ), #4539, .F. ) ;
#1917 = LINE ( 'NONE', #3626, #1145 ) ;
#1918 = LINE ( 'NONE', #6837, #6055 ) ;
#1919 = LINE ( 'NONE', #4640, #2229 ) ;
#1920 = EDGE_CURVE ( 'NONE', #2361, #554, #6318, .T. ) ;
#1921 = DIRECTION ( 'NONE',  ( 1.000000000000000000, 3.925976682163069868E-16, 0.000000000000000000 ) ) ;
#1922 = PRESENTATION_STYLE_ASSIGNMENT (( #5294 ) ) ;
#1923 = AXIS2_PLACEMENT_3D ( 'NONE', #2130, #2841, #1589 ) ;
#1924 = EDGE_LOOP ( 'NONE', ( #2797, #5664, #4395, #1129 ) ) ;
#1925 = CARTESIAN_POINT ( 'NONE',  ( -1.776161133969892392, 0.4240805465065236035, 1.774999999999999689 ) ) ;
#1926 = DIRECTION ( 'NONE',  ( 0.000000000000000000, 0.000000000000000000, 1.000000000000000000 ) ) ;
#1927 = DIRECTION ( 'NONE',  ( 0.1736481776669312749, 0.9848077530122079093, 0.000000000000000000 ) ) ;
#1928 = DIRECTION ( 'NONE',  ( -1.000000000000000000, 0.000000000000000000, 0.000000000000000000 ) ) ;
#1929 = ORIENTED_EDGE ( 'NONE', *, *, #4713, .T. ) ;
#1930 = LINE ( 'NONE', #422, #3463 ) ;
#1931 = ORIENTED_EDGE ( 'NONE', *, *, #657, .F. ) ;
#1932 = LINE ( 'NONE', #7023, #157 ) ;
#1933 = CARTESIAN_POINT ( 'NONE',  ( 0.9454999999999998961, 0.1523999999999999799, -1.772500000000000187 ) ) ;
#1934 = VERTEX_POINT ( 'NONE', #6716 ) ;
#1935 = CARTESIAN_POINT ( 'NONE',  ( -0.9455000000000004512, 0.2999999999999999889, 1.302499999999999769 ) ) ;
#1936 = FACE_OUTER_BOUND ( 'NONE', #6759, .T. ) ;
#1937 = EDGE_LOOP ( 'NONE', ( #2570, #2540, #5979, #4249 ) ) ;
#1938 = LINE ( 'NONE', #407, #3615 ) ;
#1939 = AXIS2_PLACEMENT_3D ( 'NONE', #2357, #643, #2286 ) ;
#1940 = ORIENTED_EDGE ( 'NONE', *, *, #468, .F. ) ;
#1941 = LINE ( 'NONE', #4149, #892 ) ;
#1942 = DIRECTION ( 'NONE',  ( -1.000000000000000000, 0.000000000000000000, 0.000000000000000000 ) ) ;
#1943 = ORIENTED_EDGE ( 'NONE', *, *, #1653, .T. ) ;
#1944 = EDGE_CURVE ( 'NONE', #3844, #3571, #2335, .T. ) ;
#1945 = AXIS2_PLACEMENT_3D ( 'NONE', #3100, #1499, #935 ) ;
#1946 = VECTOR ( 'NONE', #1096, 1000.000000000000000 ) ;
#1947 = ORIENTED_EDGE ( 'NONE', *, *, #2046, .F. ) ;
#1948 = VECTOR ( 'NONE', #823, 1000.000000000000114 ) ;
#1949 = EDGE_CURVE ( 'NONE', #3612, #4995, #3937, .T. ) ;
#1950 = MANIFOLD_SOLID_BREP ( 'Cut-Extrude2', #5432 ) ;
#1951 = ORIENTED_EDGE ( 'NONE', *, *, #5622, .T. ) ;
#1952 = CIRCLE ( 'NONE', #705, 0.1121194534934814163 ) ;
#1953 = CARTESIAN_POINT ( 'NONE',  ( -2.192393151670311457, 0.01300689682525818514, 1.124999999999999778 ) ) ;
#1954 = ORIENTED_EDGE ( 'NONE', *, *, #2393, .T. ) ;
#1955 = EDGE_CURVE ( 'NONE', #4922, #6510, #685, .T. ) ;
#1956 = LINE ( 'NONE', #232, #7172 ) ;
#1957 = CARTESIAN_POINT ( 'NONE',  ( -1.776161133969892392, 0.7161999999999913991, -0.1750000000000002387 ) ) ;
#1958 =( LENGTH_UNIT ( ) NAMED_UNIT ( * ) SI_UNIT ( .MILLI., .METRE. ) );
#1959 = ORIENTED_EDGE ( 'NONE', *, *, #2459, .F. ) ;
#1960 = AXIS2_PLACEMENT_3D ( 'NONE', #2486, #898, #5902 ) ;
#1961 = EDGE_CURVE ( 'NONE', #6244, #2028, #6853, .T. ) ;
#1962 = ORIENTED_EDGE ( 'NONE', *, *, #1306, .T. ) ;
#1963 = CARTESIAN_POINT ( 'NONE',  ( -1.500000000000001110, 0.5362000000000048949, -0.8250000000000001776 ) ) ;
#1964 = DIRECTION ( 'NONE',  ( -0.000000000000000000, -0.000000000000000000, -1.000000000000000000 ) ) ;
#1965 = LINE ( 'NONE', #5860, #6630 ) ;
#1966 = EDGE_CURVE ( 'NONE', #6332, #795, #793, .T. ) ;
#1967 = AXIS2_PLACEMENT_3D ( 'NONE', #3611, #797, #5838 ) ;
#1968 = PLANE ( 'NONE',  #1945 ) ;
#1969 = EDGE_CURVE ( 'NONE', #3202, #3738, #3035, .T. ) ;
#1970 = ORIENTED_EDGE ( 'NONE', *, *, #6072, .T. ) ;
#1971 = PLANE ( 'NONE',  #974 ) ;
#1972 = DIRECTION ( 'NONE',  ( -0.000000000000000000, -0.000000000000000000, -1.000000000000000000 ) ) ;
#1973 = CARTESIAN_POINT ( 'NONE',  ( 0.7054999999999993499, 0.1523999999999999799, 1.422499999999999876 ) ) ;
#1974 = AXIS2_PLACEMENT_3D ( 'NONE', #1775, #3990, #5009 ) ;
#1975 = ORIENTED_EDGE ( 'NONE', *, *, #6272, .F. ) ;
#1976 = VECTOR ( 'NONE', #3760, 1000.000000000000114 ) ;
#1977 = DIRECTION ( 'NONE',  ( 0.9986295347545742773, 0.05233595624293731902, 0.000000000000000000 ) ) ;
#1978 = ORIENTED_EDGE ( 'NONE', *, *, #5955, .T. ) ;
#1979 = PLANE ( 'NONE',  #4877 ) ;
#1980 = LINE ( 'NONE', #1476, #2049 ) ;
#1981 = CARTESIAN_POINT ( 'NONE',  ( -0.9455000000000007843, 0.1523999999999999799, 1.772499999999999964 ) ) ;
#1982 = CARTESIAN_POINT ( 'NONE',  ( 2.207681502606056778, 0.3047260107602003942, 1.124999999999999778 ) ) ;
#1983 = ORIENTED_EDGE ( 'NONE', *, *, #2538, .T. ) ;
#1984 = CARTESIAN_POINT ( 'NONE',  ( 1.500000000000001110, 0.7161999999999915101, -1.475000000000000089 ) ) ;
#1985 = VECTOR ( 'NONE', #6792, 1000.000000000000000 ) ;
#1986 = ORIENTED_EDGE ( 'NONE', *, *, #6689, .T. ) ;
#1987 = LINE ( 'NONE', #4198, #2655 ) ;
#1988 = VECTOR ( 'NONE', #3236, 1000.000000000000000 ) ;
#1989 = DIRECTION ( 'NONE',  ( -0.9986295347545742773, -0.05233595624293691656, 0.000000000000000000 ) ) ;
#1990 = AXIS2_PLACEMENT_3D ( 'NONE', #3179, #2146, #4864 ) ;
#1991 = DIRECTION ( 'NONE',  ( -0.000000000000000000, -0.000000000000000000, -1.000000000000000000 ) ) ;
#1992 = AXIS2_PLACEMENT_3D ( 'NONE', #3720, #4141, #2488 ) ;
#1993 = VERTEX_POINT ( 'NONE', #6921 ) ;
#1994 = EDGE_CURVE ( 'NONE', #1356, #3088, #4361, .T. ) ;
#1995 = VERTEX_POINT ( 'NONE', #5273 ) ;
#1996 = CARTESIAN_POINT ( 'NONE',  ( 2.201813623794039998, 0.1927602130810683878, 1.474999999999999645 ) ) ;
#1997 = LINE ( 'NONE', #5336, #42 ) ;
#1998 = CIRCLE ( 'NONE', #6879, 0.1121194534934809861 ) ;
#1999 = DIRECTION ( 'NONE',  ( -0.000000000000000000, -0.000000000000000000, -1.000000000000000000 ) ) ;
#2000 = CARTESIAN_POINT ( 'NONE',  ( 1.500000000000001110, 0.7161999999999915101, 0.4749999999999997558 ) ) ;
#2001 = FACE_OUTER_BOUND ( 'NONE', #5844, .T. ) ;
#2002 = CARTESIAN_POINT ( 'NONE',  ( -1.886577241033764230, 0.4435498852866788799, -1.475000000000000089 ) ) ;
#2003 = FACE_OUTER_BOUND ( 'NONE', #493, .T. ) ;
#2004 = EDGE_CURVE ( 'NONE', #6429, #4584, #1433, .T. ) ;
#2005 = VECTOR ( 'NONE', #6924, 1000.000000000000000 ) ;
#2006 = APPLICATION_CONTEXT ( 'automotive_design' ) ;
#2007 = ORIENTED_EDGE ( 'NONE', *, *, #6849, .T. ) ;
#2008 = VERTEX_POINT ( 'NONE', #3675 ) ;
#2009 = DIRECTION ( 'NONE',  ( -0.000000000000000000, -0.000000000000000000, -1.000000000000000000 ) ) ;
#2010 = CARTESIAN_POINT ( 'NONE',  ( 0.000000000000000000, 1.100000000000000089, 1.979160994505027249 ) ) ;
#2011 = DIRECTION ( 'NONE',  ( 1.000000000000000000, 0.000000000000000000, 0.000000000000000000 ) ) ;
#2012 = ORIENTED_EDGE ( 'NONE', *, *, #5025, .F. ) ;
#2013 = CARTESIAN_POINT ( 'NONE',  ( 1.459660994505032283, 0.1523999999999999799, 1.979160994505027249 ) ) ;
#2014 = CARTESIAN_POINT ( 'NONE',  ( -2.450000000000000178, 0.1797533162558100084, 0.4749999999999997558 ) ) ;
#2015 = ORIENTED_EDGE ( 'NONE', *, *, #1041, .F. ) ;
#2016 = EDGE_CURVE ( 'NONE', #3941, #2820, #5343, .T. ) ;
#2017 = DIRECTION ( 'NONE',  ( -0.000000000000000000, -0.000000000000000000, -1.000000000000000000 ) ) ;
#2018 = EDGE_LOOP ( 'NONE', ( #4011, #1022, #6943, #574 ) ) ;
#2019 = CARTESIAN_POINT ( 'NONE',  ( 1.459660994505032283, 1.100000000000000089, -2.019500000000007400 ) ) ;
#2020 = CARTESIAN_POINT ( 'NONE',  ( 0.9454999999999991189, 0.1523999999999999799, 1.772500000000000631 ) ) ;
#2021 = CARTESIAN_POINT ( 'NONE',  ( 0.7055000000000000160, 0.2999999999999999889, -1.772500000000000187 ) ) ;
#2022 = ORIENTED_EDGE ( 'NONE', *, *, #3914, .T. ) ;
#2023 = EDGE_LOOP ( 'NONE', ( #5584, #4159, #4455, #5224 ) ) ;
#2024 = FACE_OUTER_BOUND ( 'NONE', #6677, .T. ) ;
#2025 = DIRECTION ( 'NONE',  ( -0.05233595624293797127, -0.9986295347545741663, 0.000000000000000000 ) ) ;
#2026 = DIRECTION ( 'NONE',  ( 0.000000000000000000, -1.000000000000000000, 0.000000000000000000 ) ) ;
#2027 = ORIENTED_EDGE ( 'NONE', *, *, #2166, .T. ) ;
#2028 = VERTEX_POINT ( 'NONE', #2073 ) ;
#2029 = LINE ( 'NONE', #5335, #3542 ) ;
#2030 = CARTESIAN_POINT ( 'NONE',  ( 1.776161133969892392, 0.4240805465065236035, -0.4750000000000001443 ) ) ;
#2031 = FACE_OUTER_BOUND ( 'NONE', #4781, .T. ) ;
#2032 = AXIS2_PLACEMENT_3D ( 'NONE', #2805, #3384, #5007 ) ;
#2033 = CARTESIAN_POINT ( 'NONE',  ( -1.776161133969892392, 0.4240805465065236035, -0.8250000000000001776 ) ) ;
#2034 = ORIENTED_EDGE ( 'NONE', *, *, #1468, .T. ) ;
#2035 = LINE ( 'NONE', #4136, #1425 ) ;
#2036 = ADVANCED_FACE ( 'NONE', ( #6196 ), #1188, .F. ) ;
#2037 = LINE ( 'NONE', #978, #6497 ) ;
#2038 = VERTEX_POINT ( 'NONE', #486 ) ;
#2039 = LINE ( 'NONE', #2520, #3621 ) ;
#2040 = FACE_OUTER_BOUND ( 'NONE', #3976, .T. ) ;
#2041 = ORIENTED_EDGE ( 'NONE', *, *, #5863, .F. ) ;
#2042 = EDGE_CURVE ( 'NONE', #341, #841, #3733, .T. ) ;
#2043 = DIRECTION ( 'NONE',  ( -0.9986295347545742773, -0.05233595624293691656, 0.000000000000000000 ) ) ;
#2044 = ADVANCED_FACE ( 'NONE', ( #6 ), #3747, .F. ) ;
#2045 = ORIENTED_EDGE ( 'NONE', *, *, #4479, .T. ) ;
#2046 = EDGE_CURVE ( 'NONE', #2452, #1818, #7049, .T. ) ;
#2047 = SURFACE_SIDE_STYLE ('',( #3583 ) ) ;
#2048 = LINE ( 'NONE', #4874, #4285 ) ;
#2049 = VECTOR ( 'NONE', #4777, 1000.000000000000000 ) ;
#2050 = CARTESIAN_POINT ( 'NONE',  ( 2.097265395542184940, 0.2852566719800452844, -0.8250000000000001776 ) ) ;
#2051 = VERTEX_POINT ( 'NONE', #418 ) ;
#2052 = ADVANCED_FACE ( 'NONE', ( #4895 ), #2620, .F. ) ;
#2053 = DIRECTION ( 'NONE',  ( -0.000000000000000000, 1.000000000000000000, -0.000000000000000000 ) ) ;
#2055 = ORIENTED_EDGE ( 'NONE', *, *, #5967, .T. ) ;
#2054 = AXIS2_PLACEMENT_3D ( 'NONE', #1362, #3566, #825 ) ;
#2056 = EDGE_CURVE ( 'NONE', #6356, #1245, #3237, .T. ) ;
#2057 = ORIENTED_EDGE ( 'NONE', *, *, #7121, .T. ) ;
#2058 = CARTESIAN_POINT ( 'NONE',  ( 1.776161133969892392, 0.4240805465065236035, -1.475000000000000089 ) ) ;
#2059 = VERTEX_POINT ( 'NONE', #5486 ) ;
#2060 = STYLED_ITEM ( 'NONE', ( #5677 ), #1784 ) ;
#2061 = VECTOR ( 'NONE', #6443, 1000.000000000000000 ) ;
#2062 = PRESENTATION_STYLE_ASSIGNMENT (( #4715 ) ) ;
#2063 = ORIENTED_EDGE ( 'NONE', *, *, #7110, .F. ) ;
#2064 = CLOSED_SHELL ( 'NONE', ( #2310, #6241, #7060, #509, #4379, #1525, #5364, #476, #3987, #2044, #2457, #729, #2938, #3293 ) ) ;
#2065 = ORIENTED_EDGE ( 'NONE', *, *, #3963, .F. ) ;
#2066 = PLANE ( 'NONE',  #1461 ) ;
#2067 = LINE ( 'NONE', #7090, #3272 ) ;
#2068 = VECTOR ( 'NONE', #755, 1000.000000000000114 ) ;
#2069 = CARTESIAN_POINT ( 'NONE',  ( 2.450000000000000178, 0.1797533162558100084, 0.1749999999999998224 ) ) ;
#2070 = CARTESIAN_POINT ( 'NONE',  ( 0.8255000000000001226, 0.1523999999999999799, 1.302500000000000657 ) ) ;
#2071 = VECTOR ( 'NONE', #162, 1000.000000000000000 ) ;
#2072 = ORIENTED_EDGE ( 'NONE', *, *, #2213, .F. ) ;
#2073 = CARTESIAN_POINT ( 'NONE',  ( -0.8254999999999999005, 0.1523999999999999799, -1.302500000000000213 ) ) ;
#2074 = CARTESIAN_POINT ( 'NONE',  ( -1.500000000000001110, 0.5362000000000101130, -2.019500000000007400 ) ) ;
#2075 = CIRCLE ( 'NONE', #592, 0.2921194534934675735 ) ;
#2076 = ORIENTED_EDGE ( 'NONE', *, *, #6861, .F. ) ;
#2077 = CARTESIAN_POINT ( 'NONE',  ( -1.500000000000001110, 0.5362000000000048949, 0.4749999999999997558 ) ) ;
#2078 = DIRECTION ( 'NONE',  ( -0.000000000000000000, -0.000000000000000000, -1.000000000000000000 ) ) ;
#2079 = VERTEX_POINT ( 'NONE', #5444 ) ;
#2080 = EDGE_CURVE ( 'NONE', #1064, #5396, #2690, .T. ) ;
#2081 = DIRECTION ( 'NONE',  ( 1.000000000000000000, 0.000000000000000000, 0.000000000000000000 ) ) ;
#2082 = ADVANCED_FACE ( 'NONE', ( #5933 ), #5409, .F. ) ;
#2083 = VECTOR ( 'NONE', #6717, 1000.000000000000114 ) ;
#2084 = DIRECTION ( 'NONE',  ( 0.000000000000000000, 0.000000000000000000, -1.000000000000000000 ) ) ;
#2085 = CARTESIAN_POINT ( 'NONE',  ( 2.097265395542184940, 0.2852566719800452844, -0.8250000000000001776 ) ) ;
#2086 = CARTESIAN_POINT ( 'NONE',  ( -1.443884820706794025, 0.002299732790381203706, 1.963384820706787215 ) ) ;
#2087 = ORIENTED_EDGE ( 'NONE', *, *, #1510, .T. ) ;
#2088 = DIRECTION ( 'NONE',  ( 6.920439398843643121E-16, 0.000000000000000000, -1.000000000000000000 ) ) ;
#2089 = VECTOR ( 'NONE', #5302, 1000.000000000000000 ) ;
#2090 = EDGE_CURVE ( 'NONE', #3289, #4490, #523, .T. ) ;
#2091 = VERTEX_POINT ( 'NONE', #6513 ) ;
#2092 = EDGE_CURVE ( 'NONE', #1242, #5744, #1599, .T. ) ;
#2093 = ORIENTED_EDGE ( 'NONE', *, *, #6712, .T. ) ;
#2094 = DIRECTION ( 'NONE',  ( 0.000000000000000000, 1.000000000000000000, 0.000000000000000000 ) ) ;
#2095 = ORIENTED_EDGE ( 'NONE', *, *, #3767, .T. ) ;
#2096 = EDGE_CURVE ( 'NONE', #5511, #2296, #4344, .T. ) ;
#2097 = VERTEX_POINT ( 'NONE', #3920 ) ;
#2098 = ORIENTED_EDGE ( 'NONE', *, *, #6295, .F. ) ;
#2099 = AXIS2_PLACEMENT_3D ( 'NONE', #5164, #792, #2405 ) ;
#2100 = DIRECTION ( 'NONE',  ( 1.000000000000000000, 0.000000000000000000, -0.000000000000000000 ) ) ;
#2101 = CARTESIAN_POINT ( 'NONE',  ( 0.8255000000000001226, 0.1523999999999999799, 1.302500000000000657 ) ) ;
#2102 = LINE ( 'NONE', #6514, #814 ) ;
#2103 = CARTESIAN_POINT ( 'NONE',  ( 1.776161133969892392, 0.7161999999999913991, -1.475000000000000089 ) ) ;
#2104 = VECTOR ( 'NONE', #4281, 1000.000000000000000 ) ;
#2105 = DIRECTION ( 'NONE',  ( -0.9848077530122074652, -0.1736481776669337174, 0.000000000000000000 ) ) ;
#2106 = VECTOR ( 'NONE', #6912, 1000.000000000000000 ) ;
#2107 = AXIS2_PLACEMENT_3D ( 'NONE', #3104, #2558, #7028 ) ;
#2108 = ORIENTED_EDGE ( 'NONE', *, *, #4308, .T. ) ;
#2109 = CARTESIAN_POINT ( 'NONE',  ( -0.9454999999999998961, 0.2999999999999999889, -1.772500000000000409 ) ) ;
#2110 = STYLED_ITEM ( 'NONE', ( #6184 ), #4265 ) ;
#2111 = CARTESIAN_POINT ( 'NONE',  ( -2.207681502606056778, 0.3047260107602003942, -0.1750000000000002387 ) ) ;
#2112 = DIRECTION ( 'NONE',  ( -0.05233595624293797127, -0.9986295347545741663, 0.000000000000000000 ) ) ;
#2113 = ORIENTED_EDGE ( 'NONE', *, *, #423, .F. ) ;
#2114 = FACE_OUTER_BOUND ( 'NONE', #4370, .T. ) ;
#2115 = DIRECTION ( 'NONE',  ( -0.000000000000000000, -0.000000000000000000, -1.000000000000000000 ) ) ;
#2116 = EDGE_LOOP ( 'NONE', ( #5726, #5557, #1900, #3655 ) ) ;
#2117 = VECTOR ( 'NONE', #3627, 1000.000000000000114 ) ;
#2118 = PLANE ( 'NONE',  #1641 ) ;
#2119 = DIRECTION ( 'NONE',  ( 0.000000000000000000, 0.000000000000000000, 1.000000000000000000 ) ) ;
#2120 = ORIENTED_EDGE ( 'NONE', *, *, #348, .T. ) ;
#2121 = LINE ( 'NONE', #409, #4201 ) ;
#2122 = LINE ( 'NONE', #5953, #1729 ) ;
#2123 = ORIENTED_EDGE ( 'NONE', *, *, #2869, .T. ) ;
#2124 = EDGE_CURVE ( 'NONE', #4350, #2634, #5044, .T. ) ;
#2125 = ORIENTED_EDGE ( 'NONE', *, *, #1608, .F. ) ;
#2126 = VERTEX_POINT ( 'NONE', #6258 ) ;
#2127 = CARTESIAN_POINT ( 'NONE',  ( 2.207681502606056778, 0.3047260107602003942, 0.8249999999999997335 ) ) ;
#2128 = EDGE_CURVE ( 'NONE', #3233, #3046, #3387, .T. ) ;
#2129 = ORIENTED_EDGE ( 'NONE', *, *, #5288, .F. ) ;
#2130 = CARTESIAN_POINT ( 'NONE',  ( 1.776161133969892392, 0.4240805465065236035, -0.8250000000000001776 ) ) ;
#2131 = EDGE_CURVE ( 'NONE', #3016, #1494, #4486, .T. ) ;
#2132 = ORIENTED_EDGE ( 'NONE', *, *, #457, .T. ) ;
#2133 = EDGE_LOOP ( 'NONE', ( #3980, #4917, #3448, #3266 ) ) ;
#2134 = PLANE ( 'NONE',  #778 ) ;
#2135 = PRESENTATION_STYLE_ASSIGNMENT (( #6077 ) ) ;
#2136 = EDGE_CURVE ( 'NONE', #5123, #4295, #1873, .T. ) ;
#2137 = EDGE_CURVE ( 'NONE', #3365, #3795, #3488, .T. ) ;
#2138 = DIRECTION ( 'NONE',  ( -0.000000000000000000, -0.000000000000000000, -1.000000000000000000 ) ) ;
#2139 = DIRECTION ( 'NONE',  ( 1.000000000000000000, 0.000000000000000000, -0.000000000000000000 ) ) ;
#2140 = CYLINDRICAL_SURFACE ( 'NONE', #578, 0.1121194534934809861 ) ;
#2141 = DIRECTION ( 'NONE',  ( -3.925976682163069868E-16, -1.000000000000000000, 0.000000000000000000 ) ) ;
#2142 = CARTESIAN_POINT ( 'NONE',  ( -1.500000000000001110, 0.7161999999999915101, -0.1750000000000002387 ) ) ;
#2143 = ORIENTED_EDGE ( 'NONE', *, *, #6900, .T. ) ;
#2144 = ORIENTED_EDGE ( 'NONE', *, *, #452, .F. ) ;
#2145 = CARTESIAN_POINT ( 'NONE',  ( 2.440579527876272081, -9.062316430720066274E-18, -1.775000000000000133 ) ) ;
#2146 = DIRECTION ( 'NONE',  ( 0.9848077530122079093, -0.1736481776669312749, 0.000000000000000000 ) ) ;
#2147 = CIRCLE ( 'NONE', #4341, 0.1121194534934814163 ) ;
#2148 = CARTESIAN_POINT ( 'NONE',  ( -2.450000000000000178, 0.1797533162558100084, 0.1749999999999998224 ) ) ;
#2149 = PLANE ( 'NONE',  #6156 ) ;
#2150 = EDGE_LOOP ( 'NONE', ( #3866, #1294, #6420, #5827, #1026, #3199, #5405, #2711, #1350, #1274, #1643, #1806 ) ) ;
#2151 = ORIENTED_EDGE ( 'NONE', *, *, #345, .F. ) ;
#2152 = AXIS2_PLACEMENT_3D ( 'NONE', #1812, #3424, #2989 ) ;
#2153 = DIRECTION ( 'NONE',  ( -0.000000000000000000, -0.000000000000000000, -1.000000000000000000 ) ) ;
#2154 = LINE ( 'NONE', #4360, #3771 ) ;
#2155 = ORIENTED_EDGE ( 'NONE', *, *, #3246, .F. ) ;
#2156 = CARTESIAN_POINT ( 'NONE',  ( 1.886577241033764230, 0.4435498852866788799, 1.474999999999999645 ) ) ;
#2157 = DIRECTION ( 'NONE',  ( -0.000000000000000000, -0.000000000000000000, -1.000000000000000000 ) ) ;
#2158 = VERTEX_POINT ( 'NONE', #3188 ) ;
#2159 = LINE ( 'NONE', #5468, #3345 ) ;
#2160 = EDGE_LOOP ( 'NONE', ( #1119, #186, #6112, #2648 ) ) ;
#2161 = DIRECTION ( 'NONE',  ( 0.000000000000000000, 0.000000000000000000, -1.000000000000000000 ) ) ;
#2162 = EDGE_CURVE ( 'NONE', #4958, #13, #1884, .T. ) ;
#2163 = DIRECTION ( 'NONE',  ( -0.000000000000000000, -0.000000000000000000, -1.000000000000000000 ) ) ;
#2164 = CARTESIAN_POINT ( 'NONE',  ( -1.500000000000001110, 0.5362000000000048949, -1.475000000000000089 ) ) ;
#2165 = CARTESIAN_POINT ( 'NONE',  ( -1.150000000000001021, 1.080000000000000071, -1.844500000000007134 ) ) ;
#2166 = EDGE_CURVE ( 'NONE', #3303, #1544, #5394, .T. ) ;
#2167 = ORIENTED_EDGE ( 'NONE', *, *, #3049, .F. ) ;
#2168 = CARTESIAN_POINT ( 'NONE',  ( -1.776161133969892392, 0.4240805465065236035, -1.775000000000000133 ) ) ;
#2169 = CARTESIAN_POINT ( 'NONE',  ( 1.500000000000001110, 0.5362000000000048949, 1.124999999999999778 ) ) ;
#2170 = EDGE_CURVE ( 'NONE', #6083, #3877, #1352, .T. ) ;
#2171 = CIRCLE ( 'NONE', #3568, 0.1121194534934809861 ) ;
#2172 = VECTOR ( 'NONE', #3924, 1000.000000000000000 ) ;
#2173 = DIRECTION ( 'NONE',  ( -1.000000000000000000, 0.000000000000000000, 0.000000000000000000 ) ) ;
#2174 = DIRECTION ( 'NONE',  ( 1.000000000000000000, -3.925976682163069868E-16, -0.000000000000000000 ) ) ;
#2175 = DIRECTION ( 'NONE',  ( -0.000000000000000000, -0.000000000000000000, -1.000000000000000000 ) ) ;
#2176 = DIRECTION ( 'NONE',  ( -0.000000000000000000, -0.000000000000000000, -1.000000000000000000 ) ) ;
#2177 = DIRECTION ( 'NONE',  ( -0.000000000000000000, 1.000000000000000000, -0.000000000000000000 ) ) ;
#2178 = ORIENTED_EDGE ( 'NONE', *, *, #590, .F. ) ;
#2179 = ORIENTED_EDGE ( 'NONE', *, *, #4399, .F. ) ;
#2180 = VECTOR ( 'NONE', #5121, 1000.000000000000000 ) ;
#2181 = LINE ( 'NONE', #4391, #5050 ) ;
#2182 = FACE_OUTER_BOUND ( 'NONE', #5548, .T. ) ;
#2183 = EDGE_CURVE ( 'NONE', #7163, #4934, #2431, .T. ) ;
#2184 = CARTESIAN_POINT ( 'NONE',  ( 0.000000000000000000, 0.1523999999999999799, 1.772500000000000631 ) ) ;
#2185 = CARTESIAN_POINT ( 'NONE',  ( 2.207681502606056778, 0.3047260107602003942, -0.4750000000000001443 ) ) ;
#2186 = ORIENTED_EDGE ( 'NONE', *, *, #6052, .F. ) ;
#2187 = AXIS2_PLACEMENT_3D ( 'NONE', #2127, #3766, #4232 ) ;
#2188 = DIRECTION ( 'NONE',  ( 0.05233595624293796433, -0.9986295347545741663, -0.000000000000000000 ) ) ;
#2189 = ORIENTED_EDGE ( 'NONE', *, *, #5600, .T. ) ;
#2190 = EDGE_CURVE ( 'NONE', #2673, #2369, #4672, .T. ) ;
#2191 = PLANE ( 'NONE',  #4771 ) ;
#2192 = ORIENTED_EDGE ( 'NONE', *, *, #5075, .F. ) ;
#2193 = VERTEX_POINT ( 'NONE', #5032 ) ;
#2194 = CARTESIAN_POINT ( 'NONE',  ( -1.500000000000001110, 0.5362000000000048949, 1.774999999999999689 ) ) ;
#2195 = ORIENTED_EDGE ( 'NONE', *, *, #4228, .T. ) ;
#2196 = LINE ( 'NONE', #586, #4960 ) ;
#2197 = LINE ( 'NONE', #1299, #5437 ) ;
#2198 = CARTESIAN_POINT ( 'NONE',  ( 1.776161133969892392, 0.5362000000000048949, 0.1749999999999998224 ) ) ;
#2199 = VECTOR ( 'NONE', #5112, 1000.000000000000000 ) ;
#2200 = VERTEX_POINT ( 'NONE', #1723 ) ;
#2201 = DIRECTION ( 'NONE',  ( 0.000000000000000000, -1.000000000000000000, 0.000000000000000000 ) ) ;
#2202 = CARTESIAN_POINT ( 'NONE',  ( -2.440579527876272081, -9.062316430720066274E-18, -0.4750000000000001443 ) ) ;
#2203 = ORIENTED_EDGE ( 'NONE', *, *, #5427, .F. ) ;
#2204 = VECTOR ( 'NONE', #5776, 1000.000000000000000 ) ;
#2205 = ORIENTED_EDGE ( 'NONE', *, *, #3704, .T. ) ;
#2206 = CARTESIAN_POINT ( 'NONE',  ( 2.207681502606056778, 0.3047260107602003942, 1.774999999999999689 ) ) ;
#2207 = DIRECTION ( 'NONE',  ( -0.1736481776669313581, 0.9848077530122079093, 0.000000000000000000 ) ) ;
#2208 = EDGE_CURVE ( 'NONE', #4620, #2193, #2747, .T. ) ;
#2209 = FACE_OUTER_BOUND ( 'NONE', #4135, .T. ) ;
#2210 = CARTESIAN_POINT ( 'NONE',  ( -1.500000000000001110, 0.7161999999999915101, 0.8249999999999997335 ) ) ;
#2211 = CARTESIAN_POINT ( 'NONE',  ( 1.886577241033764230, 0.4435498852866788799, -0.1750000000000002387 ) ) ;
#2212 = CARTESIAN_POINT ( 'NONE',  ( -1.776161133969892392, 0.5362000000000050060, -1.475000000000000089 ) ) ;
#2213 = EDGE_CURVE ( 'NONE', #2311, #5102, #1689, .T. ) ;
#2214 = AXIS2_PLACEMENT_3D ( 'NONE', #5319, #871, #5949 ) ;
#2215 = ORIENTED_EDGE ( 'NONE', *, *, #1485, .F. ) ;
#2216 = LINE ( 'NONE', #3783, #4347 ) ;
#2217 = CARTESIAN_POINT ( 'NONE',  ( -1.500000000000001110, 1.100000000000000089, -1.979160994505041016 ) ) ;
#2218 = DIRECTION ( 'NONE',  ( -0.000000000000000000, -0.000000000000000000, -1.000000000000000000 ) ) ;
#2219 = DIRECTION ( 'NONE',  ( -2.306813132947882026E-16, 0.000000000000000000, 1.000000000000000000 ) ) ;
#2220 = EDGE_CURVE ( 'NONE', #2784, #5710, #3830, .T. ) ;
#2221 = VERTEX_POINT ( 'NONE', #5582 ) ;
#2222 = CARTESIAN_POINT ( 'NONE',  ( 2.440579527876272081, -9.062316430720066274E-18, -1.475000000000000089 ) ) ;
#2223 = STYLED_ITEM ( 'NONE', ( #2135 ), #4177 ) ;
#2224 = VECTOR ( 'NONE', #6269, 1000.000000000000000 ) ;
#2225 = EDGE_LOOP ( 'NONE', ( #1339, #3722, #3434, #3582 ) ) ;
#2226 = AXIS2_PLACEMENT_3D ( 'NONE', #2461, #335, #4666 ) ;
#2227 = EDGE_CURVE ( 'NONE', #225, #2523, #5505, .T. ) ;
#2228 = LINE ( 'NONE', #1019, #496 ) ;
#2229 = VECTOR ( 'NONE', #5293, 1000.000000000000114 ) ;
#2230 = EDGE_CURVE ( 'NONE', #159, #2877, #1659, .T. ) ;
#2231 = ORIENTED_EDGE ( 'NONE', *, *, #6239, .F. ) ;
#2232 = DIRECTION ( 'NONE',  ( -0.000000000000000000, -0.000000000000000000, -1.000000000000000000 ) ) ;
#2233 = DIRECTION ( 'NONE',  ( -0.000000000000000000, -0.000000000000000000, -1.000000000000000000 ) ) ;
#2234 = CARTESIAN_POINT ( 'NONE',  ( 0.7054999999999991278, 0.1523999999999999799, 1.772500000000000631 ) ) ;
#2235 = ORIENTED_EDGE ( 'NONE', *, *, #543, .T. ) ;
#2236 = CARTESIAN_POINT ( 'NONE',  ( 2.207681502606056778, 0.3047260107602003942, 0.4749999999999997558 ) ) ;
#2237 = ORIENTED_EDGE ( 'NONE', *, *, #7037, .F. ) ;
#2238 = CARTESIAN_POINT ( 'NONE',  ( -2.207681502606056778, 0.3047260107602003942, -0.8250000000000001776 ) ) ;
#2239 = CARTESIAN_POINT ( 'NONE',  ( -1.886577241033764230, 0.4435498852866788799, -1.125000000000000222 ) ) ;
#2240 = ORIENTED_EDGE ( 'NONE', *, *, #3110, .T. ) ;
#2241 = ORIENTED_EDGE ( 'NONE', *, *, #3337, .F. ) ;
#2242 = CARTESIAN_POINT ( 'NONE',  ( -1.150000000000001021, 1.100000000000000089, -1.669500000000007311 ) ) ;
#2243 = EDGE_LOOP ( 'NONE', ( #5983, #1767, #1288, #1847, #2837, #791, #5142, #2644, #3526, #63, #5966, #2542 ) ) ;
#2244 = ORIENTED_EDGE ( 'NONE', *, *, #3523, .T. ) ;
#2245 = DIRECTION ( 'NONE',  ( 1.000000000000000000, 0.000000000000000000, -2.306813132947881040E-16 ) ) ;
#2246 = CARTESIAN_POINT ( 'NONE',  ( 1.459660994505032283, 1.100000000000000089, 0.000000000000000000 ) ) ;
#2247 = SHAPE_DEFINITION_REPRESENTATION ( #2698, #4676 ) ;
#2248 = CARTESIAN_POINT ( 'NONE',  ( 1.776161133969892392, 0.7161999999999913991, -0.4750000000000001443 ) ) ;
#2249 = CARTESIAN_POINT ( 'NONE',  ( 1.776161133969892392, 0.4240805465065236035, -1.475000000000000089 ) ) ;
#2250 = DIRECTION ( 'NONE',  ( -0.000000000000000000, -0.000000000000000000, -1.000000000000000000 ) ) ;
#2251 = DIRECTION ( 'NONE',  ( -1.000000000000000000, 0.000000000000000000, -2.306813132947882026E-16 ) ) ;
#2252 = LINE ( 'NONE', #3423, #2172 ) ;
#2253 = ORIENTED_EDGE ( 'NONE', *, *, #6000, .T. ) ;
#2254 = ORIENTED_EDGE ( 'NONE', *, *, #3470, .F. ) ;
#2255 = EDGE_LOOP ( 'NONE', ( #5406, #4140, #931, #4776, #4741, #2804, #4983, #4545, #2966, #1507, #5883, #2831 ) ) ;
#2256 = CARTESIAN_POINT ( 'NONE',  ( -0.7055000000000000160, 0.1523999999999999799, -1.772500000000000409 ) ) ;
#2257 = CARTESIAN_POINT ( 'NONE',  ( 1.500000000000001110, 0.5362000000000048949, 0.1749999999999998224 ) ) ;
#2258 = LINE ( 'NONE', #4938, #5909 ) ;
#2259 = DIRECTION ( 'NONE',  ( -1.000000000000000000, 0.000000000000000000, 0.000000000000000000 ) ) ;
#2260 = EDGE_CURVE ( 'NONE', #5930, #473, #3325, .T. ) ;
#2261 = FACE_OUTER_BOUND ( 'NONE', #6122, .T. ) ;
#2262 = DIRECTION ( 'NONE',  ( 1.000000000000000000, 0.000000000000000000, -0.000000000000000000 ) ) ;
#2263 = ORIENTED_EDGE ( 'NONE', *, *, #5288, .T. ) ;
#2264 = EDGE_CURVE ( 'NONE', #7013, #4292, #2692, .T. ) ;
#2265 = CARTESIAN_POINT ( 'NONE',  ( 0.8255000000000001226, 0.2999999999999999889, -1.302500000000000213 ) ) ;
#2266 = ORIENTED_EDGE ( 'NONE', *, *, #1653, .F. ) ;
#2267 =( LENGTH_UNIT ( ) NAMED_UNIT ( * ) SI_UNIT ( .MILLI., .METRE. ) );
#2268 = ADVANCED_FACE ( 'NONE', ( #1234 ), #257, .T. ) ;
#2269 = ORIENTED_EDGE ( 'NONE', *, *, #147, .F. ) ;
#2270 = VERTEX_POINT ( 'NONE', #5651 ) ;
#2271 = CARTESIAN_POINT ( 'NONE',  ( -1.150000000000001021, 1.100000000000000089, -1.844500000000007134 ) ) ;
#2272 = ADVANCED_FACE ( 'NONE', ( #2304 ), #3576, .T. ) ;
#2273 = ADVANCED_FACE ( 'NONE', ( #1792 ), #5168, .F. ) ;
#2274 = EDGE_LOOP ( 'NONE', ( #2798, #879, #5131, #1059 ) ) ;
#2275 = EDGE_CURVE ( 'NONE', #5880, #341, #6819, .T. ) ;
#2276 = LINE ( 'NONE', #4012, #4779 ) ;
#2277 = CARTESIAN_POINT ( 'NONE',  ( 2.192393151670311457, 0.01300689682525807585, 1.774999999999999689 ) ) ;
#2278 = DIRECTION ( 'NONE',  ( 1.000000000000000000, 0.000000000000000000, 0.000000000000000000 ) ) ;
#2279 = FACE_OUTER_BOUND ( 'NONE', #3025, .T. ) ;
#2280 = EDGE_CURVE ( 'NONE', #4326, #3885, #6888, .T. ) ;
#2281 = ORIENTED_EDGE ( 'NONE', *, *, #196, .F. ) ;
#2282 = CARTESIAN_POINT ( 'NONE',  ( -2.063842636575949019, 0.4748065572667242162, -1.775000000000000133 ) ) ;
#2283 = CARTESIAN_POINT ( 'NONE',  ( -0.8254999999999999005, 0.2999999999999999889, 1.422499999999999876 ) ) ;
#2284 = CARTESIAN_POINT ( 'NONE',  ( 2.192393151670311457, 0.01300689682525807585, -1.475000000000000089 ) ) ;
#2285 = COLOUR_RGB ( '',0.7921568627450980005, 0.8196078431372548767, 0.9333333333333333481 ) ;
#2286 = DIRECTION ( 'NONE',  ( 0.000000000000000000, 0.000000000000000000, 1.000000000000000000 ) ) ;
#2287 = FACE_OUTER_BOUND ( 'NONE', #3916, .T. ) ;
#2288 = FACE_OUTER_BOUND ( 'NONE', #3633, .T. ) ;
#2289 = ORIENTED_EDGE ( 'NONE', *, *, #10, .T. ) ;
#2290 = AXIS2_PLACEMENT_3D ( 'NONE', #1208, #6827, #2873 ) ;
#2291 = ORIENTED_EDGE ( 'NONE', *, *, #3823, .T. ) ;
#2292 = DIRECTION ( 'NONE',  ( -0.000000000000000000, -0.000000000000000000, -1.000000000000000000 ) ) ;
#2293 = CARTESIAN_POINT ( 'NONE',  ( 2.440579527876272081, -9.062316430720066274E-18, -1.475000000000000089 ) ) ;
#2294 = DIRECTION ( 'NONE',  ( -1.000000000000000000, 0.000000000000000000, 0.000000000000000000 ) ) ;
#2295 = LINE ( 'NONE', #3893, #5425 ) ;
#2296 = VERTEX_POINT ( 'NONE', #2379 ) ;
#2297 = VECTOR ( 'NONE', #2793, 1000.000000000000000 ) ;
#2298 = VECTOR ( 'NONE', #5544, 1000.000000000000000 ) ;
#2299 = CARTESIAN_POINT ( 'NONE',  ( -1.150000000000001021, 1.080000000000000071, -1.669500000000007311 ) ) ;
#2300 = CLOSED_SHELL ( 'NONE', ( #4850, #1916, #5337, #6060, #552, #5064, #2268, #2978, #4827, #1661, #6065, #2857, #5785, #3510 ) ) ;
#2301 = DIRECTION ( 'NONE',  ( 1.000000000000000000, 0.000000000000000000, 0.000000000000000000 ) ) ;
#2302 = PRESENTATION_STYLE_ASSIGNMENT (( #5095 ) ) ;
#2303 = ORIENTED_EDGE ( 'NONE', *, *, #3129, .F. ) ;
#2304 = FACE_OUTER_BOUND ( 'NONE', #4069, .T. ) ;
#2305 = CARTESIAN_POINT ( 'NONE',  ( -1.459660994505034504, 1.100000000000000089, -1.979160994505041016 ) ) ;
#2306 = CARTESIAN_POINT ( 'NONE',  ( 2.097265395542184940, 0.2852566719800452844, -0.1750000000000002387 ) ) ;
#2307 = ORIENTED_EDGE ( 'NONE', *, *, #864, .T. ) ;
#2308 = VECTOR ( 'NONE', #3505, 1000.000000000000000 ) ;
#2309 = CIRCLE ( 'NONE', #2783, 0.2921194534934677955 ) ;
#2310 = ADVANCED_FACE ( 'NONE', ( #104 ), #1367, .F. ) ;
#2311 = VERTEX_POINT ( 'NONE', #6351 ) ;
#2312 = FACE_OUTER_BOUND ( 'NONE', #1854, .T. ) ;
#2313 = ORIENTED_EDGE ( 'NONE', *, *, #5235, .F. ) ;
#2314 = LINE ( 'NONE', #4514, #6474 ) ;
#2315 = DIRECTION ( 'NONE',  ( 1.000000000000000000, 0.000000000000000000, 0.000000000000000000 ) ) ;
#2316 = ADVANCED_FACE ( 'NONE', ( #5694 ), #4039, .F. ) ;
#2317 = ORIENTED_EDGE ( 'NONE', *, *, #7026, .T. ) ;
#2318 = ORIENTED_EDGE ( 'NONE', *, *, #3209, .F. ) ;
#2319 = CYLINDRICAL_SURFACE ( 'NONE', #6145, 0.1121194534934814163 ) ;
#2320 = VECTOR ( 'NONE', #6788, 1000.000000000000000 ) ;
#2321 = DIRECTION ( 'NONE',  ( 1.000000000000000000, 0.000000000000000000, -0.000000000000000000 ) ) ;
#2322 = EDGE_CURVE ( 'NONE', #3009, #6015, #4731, .T. ) ;
#2323 = FACE_OUTER_BOUND ( 'NONE', #854, .T. ) ;
#2324 = CARTESIAN_POINT ( 'NONE',  ( -1.886577241033764230, 0.4435498852866789354, -1.775000000000000133 ) ) ;
#2325 =( NAMED_UNIT ( * ) SI_UNIT ( $, .STERADIAN. ) SOLID_ANGLE_UNIT ( ) );
#2326 = VECTOR ( 'NONE', #2726, 1000.000000000000114 ) ;
#2327 = ORIENTED_EDGE ( 'NONE', *, *, #3674, .F. ) ;
#2328 = LINE ( 'NONE', #5119, #893 ) ;
#2329 = FACE_OUTER_BOUND ( 'NONE', #1617, .T. ) ;
#2330 = FACE_OUTER_BOUND ( 'NONE', #282, .T. ) ;
#2331 = CARTESIAN_POINT ( 'NONE',  ( 2.201813623794039998, 0.1927602130810683878, -1.775000000000000133 ) ) ;
#2332 = ORIENTED_EDGE ( 'NONE', *, *, #4873, .F. ) ;
#2333 = AXIS2_PLACEMENT_3D ( 'NONE', #3535, #5648, #2930 ) ;
#2334 = LINE ( 'NONE', #759, #2811 ) ;
#2335 = LINE ( 'NONE', #1788, #5412 ) ;
#2336 = DIRECTION ( 'NONE',  ( 0.000000000000000000, 0.000000000000000000, 1.000000000000000000 ) ) ;
#2337 = AXIS2_PLACEMENT_3D ( 'NONE', #1121, #1655, #5987 ) ;
#2338 = ORIENTED_EDGE ( 'NONE', *, *, #2851, .F. ) ;
#2339 = DIRECTION ( 'NONE',  ( 0.05233595624293691656, 0.9986295347545742773, -0.000000000000000000 ) ) ;
#2340 = ORIENTED_EDGE ( 'NONE', *, *, #2996, .T. ) ;
#2341 = AXIS2_PLACEMENT_3D ( 'NONE', #1215, #5632, #1282 ) ;
#2342 = AXIS2_PLACEMENT_3D ( 'NONE', #113, #1167, #5658 ) ;
#2343 = CARTESIAN_POINT ( 'NONE',  ( -2.192393151670311457, 0.01300689682525807585, -1.775000000000000133 ) ) ;
#2344 = ORIENTED_EDGE ( 'NONE', *, *, #1819, .T. ) ;
#2345 = DIRECTION ( 'NONE',  ( 1.000000000000000000, 0.000000000000000000, 0.000000000000000000 ) ) ;
#2346 = ORIENTED_EDGE ( 'NONE', *, *, #874, .T. ) ;
#2347 = ORIENTED_EDGE ( 'NONE', *, *, #4337, .F. ) ;
#2348 = ADVANCED_FACE ( 'NONE', ( #428 ), #326, .F. ) ;
#2349 = DIRECTION ( 'NONE',  ( 1.000000000000000000, 0.000000000000000000, 0.000000000000000000 ) ) ;
#2350 = DIRECTION ( 'NONE',  ( 1.000000000000000000, 0.000000000000000000, -0.000000000000000000 ) ) ;
#2351 = AXIS2_PLACEMENT_3D ( 'NONE', #1766, #5212, #3512 ) ;
#2352 = EDGE_CURVE ( 'NONE', #985, #3251, #5869, .T. ) ;
#2353 = ORIENTED_EDGE ( 'NONE', *, *, #4389, .F. ) ;
#2354 = CARTESIAN_POINT ( 'NONE',  ( 2.450000000000000178, 0.1797533162558100084, -1.775000000000000133 ) ) ;
#2355 = CARTESIAN_POINT ( 'NONE',  ( 2.192393151670311457, 0.01300689682525807585, 0.8249999999999997335 ) ) ;
#2356 = EDGE_CURVE ( 'NONE', #2378, #3394, #4689, .T. ) ;
#2357 = CARTESIAN_POINT ( 'NONE',  ( -1.500000000000001110, 0.7161999999999915101, -1.475000000000000089 ) ) ;
#2358 = DIRECTION ( 'NONE',  ( 0.000000000000000000, 0.000000000000000000, 1.000000000000000000 ) ) ;
#2359 = CARTESIAN_POINT ( 'NONE',  ( 1.886577241033764230, 0.4435498852866788799, -1.775000000000000133 ) ) ;
#2360 =( GEOMETRIC_REPRESENTATION_CONTEXT ( 3 ) GLOBAL_UNCERTAINTY_ASSIGNED_CONTEXT ( ( #6775 ) ) GLOBAL_UNIT_ASSIGNED_CONTEXT ( ( #3171, #419, #4824 ) ) REPRESENTATION_CONTEXT ( 'NONE', 'WORKASPACE' ) );
#2361 = VERTEX_POINT ( 'NONE', #1935 ) ;
#2362 = EDGE_CURVE ( 'NONE', #2462, #5880, #4659, .T. ) ;
#2363 = EDGE_CURVE ( 'NONE', #6753, #2395, #5943, .T. ) ;
#2364 = DIRECTION ( 'NONE',  ( -1.000000000000000000, -3.925976682163069868E-16, 0.000000000000000000 ) ) ;
#2365 = CARTESIAN_POINT ( 'NONE',  ( -2.450000000000000178, 0.1797533162558100084, -0.1750000000000002387 ) ) ;
#2366 = DIRECTION ( 'NONE',  ( 0.000000000000000000, -1.000000000000000000, 0.000000000000000000 ) ) ;
#2367 = FACE_OUTER_BOUND ( 'NONE', #313, .T. ) ;
#2368 = EDGE_CURVE ( 'NONE', #5159, #6233, #2039, .T. ) ;
#2369 = VERTEX_POINT ( 'NONE', #5905 ) ;
#2370 = DIRECTION ( 'NONE',  ( 0.000000000000000000, 0.000000000000000000, 1.000000000000000000 ) ) ;
#2371 = DIRECTION ( 'NONE',  ( -0.1039620511844944889, -0.9891328443778546475, -0.1039620511844939338 ) ) ;
#2372 = ORIENTED_EDGE ( 'NONE', *, *, #4750, .F. ) ;
#2373 = FACE_OUTER_BOUND ( 'NONE', #6793, .T. ) ;
#2374 = EDGE_LOOP ( 'NONE', ( #3622, #863, #4876, #2007 ) ) ;
#2375 = CARTESIAN_POINT ( 'NONE',  ( -0.9455000000000004512, 0.2999999999999999889, 1.302499999999999769 ) ) ;
#2376 = SURFACE_SIDE_STYLE ('',( #5128 ) ) ;
#2377 = DIRECTION ( 'NONE',  ( -0.000000000000000000, -0.000000000000000000, -1.000000000000000000 ) ) ;
#2378 = VERTEX_POINT ( 'NONE', #5836 ) ;
#2379 = CARTESIAN_POINT ( 'NONE',  ( -1.886577241033764230, 0.4435498852866789354, 0.8249999999999997335 ) ) ;
#2380 = DIRECTION ( 'NONE',  ( 1.000000000000000000, 0.000000000000000000, -0.000000000000000000 ) ) ;
#2381 = ORIENTED_EDGE ( 'NONE', *, *, #6547, .T. ) ;
#2382 = CARTESIAN_POINT ( 'NONE',  ( 2.440579527876272081, -9.062316430720066274E-18, 0.4749999999999997558 ) ) ;
#2383 = VERTEX_POINT ( 'NONE', #7063 ) ;
#2384 = CARTESIAN_POINT ( 'NONE',  ( 2.063842636575948575, 0.4748065572667239942, -1.475000000000000089 ) ) ;
#2385 = FACE_OUTER_BOUND ( 'NONE', #5720, .T. ) ;
#2386 = ORIENTED_EDGE ( 'NONE', *, *, #2730, .T. ) ;
#2387 = CIRCLE ( 'NONE', #4699, 0.2921194534934675735 ) ;
#2388 = EDGE_CURVE ( 'NONE', #6015, #3410, #4250, .T. ) ;
#2389 = LINE ( 'NONE', #5671, #5698 ) ;
#2390 = CARTESIAN_POINT ( 'NONE',  ( 2.207681502606056778, 0.3047260107602003942, 0.4749999999999997558 ) ) ;
#2391 = CARTESIAN_POINT ( 'NONE',  ( 1.776161133969892392, 0.7161999999999913991, -1.125000000000000222 ) ) ;
#2392 = PRESENTATION_STYLE_ASSIGNMENT (( #2953 ) ) ;
#2393 = EDGE_CURVE ( 'NONE', #4891, #4958, #2464, .T. ) ;
#2394 = ADVANCED_FACE ( 'NONE', ( #3039 ), #369, .F. ) ;
#2395 = VERTEX_POINT ( 'NONE', #1103 ) ;
#2396 = CARTESIAN_POINT ( 'NONE',  ( -1.776161133969892392, 0.7161999999999913991, -1.775000000000000133 ) ) ;
#2397 = FACE_OUTER_BOUND ( 'NONE', #4625, .T. ) ;
#2398 = MECHANICAL_DESIGN_GEOMETRIC_PRESENTATION_REPRESENTATION (  '', ( #97 ), #3794 ) ;
#2399 = LINE ( 'NONE', #5088, #6142 ) ;
#2400 = CARTESIAN_POINT ( 'NONE',  ( -2.192393151670311457, 0.01300689682525818514, 0.1749999999999998224 ) ) ;
#2401 = VERTEX_POINT ( 'NONE', #4303 ) ;
#2402 = CARTESIAN_POINT ( 'NONE',  ( 1.500000000000001110, 0.5362000000000048949, 1.124999999999999778 ) ) ;
#2403 = AXIS2_PLACEMENT_3D ( 'NONE', #4819, #2614, #4338 ) ;
#2404 = ADVANCED_FACE ( 'NONE', ( #3160 ), #1486, .T. ) ;
#2405 = DIRECTION ( 'NONE',  ( 0.000000000000000000, 0.000000000000000000, -1.000000000000000000 ) ) ;
#2406 = DIRECTION ( 'NONE',  ( 0.000000000000000000, 0.000000000000000000, 1.000000000000000000 ) ) ;
#2407 = FILL_AREA_STYLE ('',( #2451 ) ) ;
#2408 = LINE ( 'NONE', #4687, #1844 ) ;
#2409 = VECTOR ( 'NONE', #72, 1000.000000000000227 ) ;
#2410 = EDGE_LOOP ( 'NONE', ( #5171, #5402, #3732, #427 ) ) ;
#2411 = DIRECTION ( 'NONE',  ( -0.000000000000000000, -0.000000000000000000, -1.000000000000000000 ) ) ;
#2412 = CIRCLE ( 'NONE', #3919, 0.1121194534934814163 ) ;
#2413 = DIRECTION ( 'NONE',  ( -0.000000000000000000, 0.000000000000000000, -1.000000000000000000 ) ) ;
#2414 = LINE ( 'NONE', #902, #3247 ) ;
#2415 = VERTEX_POINT ( 'NONE', #1587 ) ;
#2416 = ADVANCED_FACE ( 'NONE', ( #440 ), #3802, .F. ) ;
#2417 = ADVANCED_FACE ( 'NONE', ( #3300 ), #5961, .F. ) ;
#2418 = VECTOR ( 'NONE', #5742, 1000.000000000000000 ) ;
#2419 = EDGE_CURVE ( 'NONE', #5733, #1565, #2643, .T. ) ;
#2420 = ORIENTED_EDGE ( 'NONE', *, *, #3240, .F. ) ;
#2421 = AXIS2_PLACEMENT_3D ( 'NONE', #1569, #5410, #5934 ) ;
#2422 = FACE_OUTER_BOUND ( 'NONE', #7106, .T. ) ;
#2423 = PLANE ( 'NONE',  #4146 ) ;
#2424 = ORIENTED_EDGE ( 'NONE', *, *, #2090, .F. ) ;
#2425 = CIRCLE ( 'NONE', #3362, 0.1121194534934814163 ) ;
#2426 = CIRCLE ( 'NONE', #6490, 0.1121194534934809861 ) ;
#2427 = ORIENTED_EDGE ( 'NONE', *, *, #1618, .F. ) ;
#2428 = VERTEX_POINT ( 'NONE', #4335 ) ;
#2429 = VECTOR ( 'NONE', #3401, 1000.000000000000000 ) ;
#2430 = DIRECTION ( 'NONE',  ( 0.1736481776669313581, -0.9848077530122079093, 0.000000000000000000 ) ) ;
#2431 = LINE ( 'NONE', #4638, #5351 ) ;
#2432 = DIRECTION ( 'NONE',  ( -0.000000000000000000, 1.000000000000000000, -0.000000000000000000 ) ) ;
#2433 = CARTESIAN_POINT ( 'NONE',  ( 0.9454999999999997851, 0.2999999999999999889, -1.302500000000000213 ) ) ;
#2434 = DIRECTION ( 'NONE',  ( -1.000000000000000000, 3.925976682163069868E-16, 0.000000000000000000 ) ) ;
#2435 =( LENGTH_UNIT ( ) NAMED_UNIT ( * ) SI_UNIT ( .MILLI., .METRE. ) );
#2436 = CIRCLE ( 'NONE', #6501, 0.2921194534934675735 ) ;
#2437 = ORIENTED_EDGE ( 'NONE', *, *, #5927, .F. ) ;
#2438 = DIRECTION ( 'NONE',  ( -0.9986295347545742773, 0.05233595624293731902, 0.000000000000000000 ) ) ;
#2439 = PLANE ( 'NONE',  #4660 ) ;
#2440 = EDGE_CURVE ( 'NONE', #6313, #3896, #5473, .T. ) ;
#2441 = CARTESIAN_POINT ( 'NONE',  ( 1.886577241033764230, 0.4435498852866788799, 1.124999999999999778 ) ) ;
#2442 = DIRECTION ( 'NONE',  ( 0.000000000000000000, 0.000000000000000000, 1.000000000000000000 ) ) ;
#2443 = AXIS2_PLACEMENT_3D ( 'NONE', #6707, #3998, #4028 ) ;
#2444 = LINE ( 'NONE', #4723, #5306 ) ;
#2445 = EDGE_LOOP ( 'NONE', ( #4800, #4340, #4184, #5476 ) ) ;
#2446 = LINE ( 'NONE', #789, #2297 ) ;
#2447 = VERTEX_POINT ( 'NONE', #1521 ) ;
#2448 = VECTOR ( 'NONE', #4931, 1000.000000000000000 ) ;
#2449 = DIRECTION ( 'NONE',  ( -0.000000000000000000, -0.000000000000000000, -1.000000000000000000 ) ) ;
#2450 = EDGE_CURVE ( 'NONE', #4204, #6402, #6538, .T. ) ;
#2451 = FILL_AREA_STYLE_COLOUR ( '', #1592 ) ;
#2452 = VERTEX_POINT ( 'NONE', #4272 ) ;
#2453 = DIRECTION ( 'NONE',  ( -6.920439398843646079E-16, 0.000000000000000000, 1.000000000000000000 ) ) ;
#2454 = FACE_OUTER_BOUND ( 'NONE', #3183, .T. ) ;
#2455 = CARTESIAN_POINT ( 'NONE',  ( 0.9454999999999992299, 0.2999999999999999889, 1.302500000000000657 ) ) ;
#2456 = ORIENTED_EDGE ( 'NONE', *, *, #1994, .T. ) ;
#2457 = ADVANCED_FACE ( 'NONE', ( #7180 ), #5436, .F. ) ;
#2458 = FACE_OUTER_BOUND ( 'NONE', #3757, .T. ) ;
#2459 = EDGE_CURVE ( 'NONE', #6590, #1527, #6503, .T. ) ;
#2460 = ORIENTED_EDGE ( 'NONE', *, *, #5566, .F. ) ;
#2461 = CARTESIAN_POINT ( 'NONE',  ( 1.776161133969892392, 0.4240805465065236035, -1.475000000000000089 ) ) ;
#2462 = VERTEX_POINT ( 'NONE', #7042 ) ;
#2463 = LINE ( 'NONE', #2977, #108 ) ;
#2464 = CIRCLE ( 'NONE', #6528, 0.2921194534934675735 ) ;
#2465 = ORIENTED_EDGE ( 'NONE', *, *, #5075, .T. ) ;
#2466 = ORIENTED_EDGE ( 'NONE', *, *, #4386, .F. ) ;
#2467 = CARTESIAN_POINT ( 'NONE',  ( -2.450000000000000178, 0.1797533162558100084, 0.8249999999999997335 ) ) ;
#2468 = DIRECTION ( 'NONE',  ( 0.000000000000000000, -1.000000000000000000, 0.000000000000000000 ) ) ;
#2469 = ORIENTED_EDGE ( 'NONE', *, *, #3332, .T. ) ;
#2470 = DIRECTION ( 'NONE',  ( 1.000000000000000000, -0.000000000000000000, 0.000000000000000000 ) ) ;
#2471 = DIRECTION ( 'NONE',  ( -0.000000000000000000, -0.000000000000000000, -1.000000000000000000 ) ) ;
#2472 = CARTESIAN_POINT ( 'NONE',  ( -2.097265395542184940, 0.2852566719800452288, 0.8249999999999997335 ) ) ;
#2473 = SURFACE_STYLE_FILL_AREA ( #6405 ) ;
#2474 = ORIENTED_EDGE ( 'NONE', *, *, #6933, .T. ) ;
#2475 = ORIENTED_EDGE ( 'NONE', *, *, #961, .F. ) ;
#2476 = CARTESIAN_POINT ( 'NONE',  ( -1.920000000000000373, 0.2540000000000000036, 1.774999999999999689 ) ) ;
#2477 = LINE ( 'NONE', #4061, #2827 ) ;
#2478 = CARTESIAN_POINT ( 'NONE',  ( -2.450000000000000178, 0.1797533162558100084, -1.775000000000000133 ) ) ;
#2479 = CARTESIAN_POINT ( 'NONE',  ( -2.440579527876272081, -9.062316430720066274E-18, -0.1750000000000002387 ) ) ;
#2480 = CARTESIAN_POINT ( 'NONE',  ( -2.207681502606056778, 0.3047260107602003942, 1.124999999999999778 ) ) ;
#2481 = DIRECTION ( 'NONE',  ( -2.306813132947881040E-16, 0.000000000000000000, -1.000000000000000000 ) ) ;
#2482 = ORIENTED_EDGE ( 'NONE', *, *, #4968, .T. ) ;
#2483 = FACE_OUTER_BOUND ( 'NONE', #2913, .T. ) ;
#2484 = EDGE_CURVE ( 'NONE', #3800, #4943, #513, .T. ) ;
#2485 = CARTESIAN_POINT ( 'NONE',  ( 2.063842636575948575, 0.4748065572667239942, -0.8250000000000001776 ) ) ;
#2486 = CARTESIAN_POINT ( 'NONE',  ( 1.500000000000001110, 0.5362000000000048949, -1.475000000000000089 ) ) ;
#2487 = ORIENTED_EDGE ( 'NONE', *, *, #2450, .T. ) ;
#2488 = DIRECTION ( 'NONE',  ( -0.9986295347545742773, 0.05233595624293691656, 0.000000000000000000 ) ) ;
#2489 = DIRECTION ( 'NONE',  ( -1.000000000000000000, 0.000000000000000000, 0.000000000000000000 ) ) ;
#2490 = VERTEX_POINT ( 'NONE', #2198 ) ;
#2491 = ADVANCED_FACE ( 'NONE', ( #3229 ), #6466, .F. ) ;
#2492 = CARTESIAN_POINT ( 'NONE',  ( 2.440579527876272081, -9.062316430720066274E-18, -1.125000000000000222 ) ) ;
#2493 = EDGE_CURVE ( 'NONE', #4181, #3751, #3280, .T. ) ;
#2494 = ORIENTED_EDGE ( 'NONE', *, *, #3952, .F. ) ;
#2495 = LINE ( 'NONE', #2019, #5301 ) ;
#2496 = CARTESIAN_POINT ( 'NONE',  ( 1.776161133969892392, 0.4240805465065236035, 0.1749999999999998224 ) ) ;
#2497 = CARTESIAN_POINT ( 'NONE',  ( 0.9454999999999997851, 0.1523999999999999799, -1.302500000000000213 ) ) ;
#2498 = VERTEX_POINT ( 'NONE', #4916 ) ;
#2499 = EDGE_CURVE ( 'NONE', #4236, #3182, #1998, .T. ) ;
#2500 = ORIENTED_EDGE ( 'NONE', *, *, #5105, .T. ) ;
#2501 = EDGE_CURVE ( 'NONE', #3444, #2158, #4548, .T. ) ;
#2502 = VECTOR ( 'NONE', #855, 1000.000000000000000 ) ;
#2503 = ORIENTED_EDGE ( 'NONE', *, *, #6908, .T. ) ;
#2504 =( NAMED_UNIT ( * ) SI_UNIT ( $, .STERADIAN. ) SOLID_ANGLE_UNIT ( ) );
#2505 = ORIENTED_EDGE ( 'NONE', *, *, #5252, .F. ) ;
#2506 = DIRECTION ( 'NONE',  ( 0.05233595624293796433, -0.9986295347545741663, -0.000000000000000000 ) ) ;
#2507 = LINE ( 'NONE', #5331, #3745 ) ;
#2508 = EDGE_CURVE ( 'NONE', #6796, #5744, #5587, .T. ) ;
#2509 = VECTOR ( 'NONE', #1209, 1000.000000000000000 ) ;
#2510 = EDGE_CURVE ( 'NONE', #4318, #5358, #1667, .T. ) ;
#2511 = EDGE_LOOP ( 'NONE', ( #5296, #6564, #2500, #4773, #6518, #4710, #6095, #6028, #328, #1502, #6730, #1469 ) ) ;
#2512 = CARTESIAN_POINT ( 'NONE',  ( -1.150000000000001021, 1.080000000000000071, -1.669500000000007311 ) ) ;
#2513 = DIRECTION ( 'NONE',  ( 0.05233595624293796433, 0.9986295347545741663, 0.000000000000000000 ) ) ;
#2514 = CARTESIAN_POINT ( 'NONE',  ( -1.500000000000001110, 0.5362000000000048949, -0.1750000000000002387 ) ) ;
#2515 = EDGE_LOOP ( 'NONE', ( #6534, #2098, #5464, #4774 ) ) ;
#2516 = DIRECTION ( 'NONE',  ( 0.05233595624293796433, -0.9986295347545741663, -0.000000000000000000 ) ) ;
#2517 = DIRECTION ( 'NONE',  ( -0.000000000000000000, -0.000000000000000000, -1.000000000000000000 ) ) ;
#2518 = CARTESIAN_POINT ( 'NONE',  ( -2.440579527876272081, -9.062316430720066274E-18, -1.475000000000000089 ) ) ;
#2519 = ORIENTED_EDGE ( 'NONE', *, *, #2680, .T. ) ;
#2520 = CARTESIAN_POINT ( 'NONE',  ( 2.450000000000000178, 0.1797533162558100084, 1.474999999999999645 ) ) ;
#2521 = CARTESIAN_POINT ( 'NONE',  ( -2.192393151670311457, 0.01300689682525807585, -0.4750000000000001443 ) ) ;
#2522 = CARTESIAN_POINT ( 'NONE',  ( 2.192393151670311457, 0.01300689682525807585, -0.4750000000000001443 ) ) ;
#2523 = VERTEX_POINT ( 'NONE', #1768 ) ;
#2524 = AXIS2_PLACEMENT_3D ( 'NONE', #1866, #832, #212 ) ;
#2525 = DIRECTION ( 'NONE',  ( 0.000000000000000000, 0.000000000000000000, 1.000000000000000000 ) ) ;
#2526 = AXIS2_PLACEMENT_3D ( 'NONE', #3379, #1134, #2840 ) ;
#2527 = ORIENTED_EDGE ( 'NONE', *, *, #4565, .F. ) ;
#2528 = VECTOR ( 'NONE', #3892, 999.9999999999998863 ) ;
#2529 = SURFACE_SIDE_STYLE ('',( #3651 ) ) ;
#2530 = DIRECTION ( 'NONE',  ( 0.05233595624293796433, -0.9986295347545741663, -0.000000000000000000 ) ) ;
#2531 = CARTESIAN_POINT ( 'NONE',  ( -1.150000000000001021, 1.080000000000000071, -1.669500000000007311 ) ) ;
#2532 = EDGE_LOOP ( 'NONE', ( #4362, #5804, #2347, #3658 ) ) ;
#2533 = ADVANCED_FACE ( 'NONE', ( #5103 ), #6249, .T. ) ;
#2534 = CIRCLE ( 'NONE', #6834, 0.1749999999999998224 ) ;
#2535 = AXIS2_PLACEMENT_3D ( 'NONE', #2920, #1325, #3021 ) ;
#2536 = ORIENTED_EDGE ( 'NONE', *, *, #4511, .T. ) ;
#2537 = DIRECTION ( 'NONE',  ( -0.9986295347545742773, -0.05233595624293731902, -0.000000000000000000 ) ) ;
#2538 = EDGE_CURVE ( 'NONE', #4425, #4038, #4410, .T. ) ;
#2539 = CIRCLE ( 'NONE', #2187, 0.2921194534934675735 ) ;
#2540 = ORIENTED_EDGE ( 'NONE', *, *, #2904, .F. ) ;
#2541 = DIRECTION ( 'NONE',  ( -0.000000000000000000, -0.000000000000000000, -1.000000000000000000 ) ) ;
#2542 = ORIENTED_EDGE ( 'NONE', *, *, #3693, .T. ) ;
#2543 = AXIS2_PLACEMENT_3D ( 'NONE', #7177, #1093, #6569 ) ;
#2544 = AXIS2_PLACEMENT_3D ( 'NONE', #3522, #5745, #773 ) ;
#2545 = EDGE_LOOP ( 'NONE', ( #6193, #5151, #2964, #119 ) ) ;
#2546 = LINE ( 'NONE', #394, #3430 ) ;
#2547 = DIRECTION ( 'NONE',  ( -0.05233595624293691656, 0.9986295347545742773, 0.000000000000000000 ) ) ;
#2548 = EDGE_CURVE ( 'NONE', #5848, #3410, #3478, .T. ) ;
#2549 = DIRECTION ( 'NONE',  ( 0.000000000000000000, 0.000000000000000000, 1.000000000000000000 ) ) ;
#2550 = CARTESIAN_POINT ( 'NONE',  ( 0.7054999999999993499, 0.1523999999999999799, 1.422499999999999876 ) ) ;
#2551 = VERTEX_POINT ( 'NONE', #76 ) ;
#2552 = ORIENTED_EDGE ( 'NONE', *, *, #3040, .F. ) ;
#2553 = LINE ( 'NONE', #1503, #3279 ) ;
#2554 = DIRECTION ( 'NONE',  ( -1.000000000000000000, 0.000000000000000000, 0.000000000000000000 ) ) ;
#2555 = CARTESIAN_POINT ( 'NONE',  ( 2.192393151670311457, 0.01300689682525807585, -0.4750000000000001443 ) ) ;
#2556 = CIRCLE ( 'NONE', #482, 0.2921194534934675735 ) ;
#2557 = ORIENTED_EDGE ( 'NONE', *, *, #5556, .F. ) ;
#2558 = DIRECTION ( 'NONE',  ( -0.000000000000000000, -0.000000000000000000, -1.000000000000000000 ) ) ;
#2559 = VECTOR ( 'NONE', #3150, 1000.000000000000000 ) ;
#2560 = FACE_OUTER_BOUND ( 'NONE', #1726, .T. ) ;
#2561 = DIRECTION ( 'NONE',  ( -0.000000000000000000, -0.000000000000000000, -1.000000000000000000 ) ) ;
#2562 = VERTEX_POINT ( 'NONE', #4445 ) ;
#2563 = AXIS2_PLACEMENT_3D ( 'NONE', #45, #1669, #7120 ) ;
#2564 = DIRECTION ( 'NONE',  ( -1.000000000000000000, 0.000000000000000000, 0.000000000000000000 ) ) ;
#2565 = LINE ( 'NONE', #2635, #4814 ) ;
#2566 = LINE ( 'NONE', #3796, #751 ) ;
#2567 = EDGE_LOOP ( 'NONE', ( #5458, #2740, #130, #4047, #816, #5916, #5353, #238, #1416, #2482, #5264, #6791, #1552, #1554, #19, #2327, #1205, #2474, #6969, #6675 ) ) ;
#2568 = DIRECTION ( 'NONE',  ( -1.000000000000000000, 0.000000000000000000, 0.000000000000000000 ) ) ;
#2569 = AXIS2_PLACEMENT_3D ( 'NONE', #1441, #4256, #4220 ) ;
#2570 = ORIENTED_EDGE ( 'NONE', *, *, #2484, .T. ) ;
#2571 = ORIENTED_EDGE ( 'NONE', *, *, #6072, .F. ) ;
#2572 = DIRECTION ( 'NONE',  ( -0.000000000000000000, -0.000000000000000000, -1.000000000000000000 ) ) ;
#2573 = EDGE_CURVE ( 'NONE', #2732, #3147, #1696, .T. ) ;
#2574 = LINE ( 'NONE', #6937, #1516 ) ;
#2575 = CIRCLE ( 'NONE', #6876, 0.1749999999999998224 ) ;
#2576 = ORIENTED_EDGE ( 'NONE', *, *, #1619, .F. ) ;
#2577 = ORIENTED_EDGE ( 'NONE', *, *, #200, .F. ) ;
#2578 = DIRECTION ( 'NONE',  ( 0.000000000000000000, -0.000000000000000000, 1.000000000000000000 ) ) ;
#2579 = CARTESIAN_POINT ( 'NONE',  ( -2.192393151670311457, 0.01300689682525807585, -1.125000000000000222 ) ) ;
#2580 = CARTESIAN_POINT ( 'NONE',  ( 1.920000000000000373, 0.2540000000000001146, -0.1750000000000002387 ) ) ;
#2581 = VECTOR ( 'NONE', #267, 1000.000000000000000 ) ;
#2582 = EDGE_CURVE ( 'NONE', #6434, #585, #2276, .T. ) ;
#2583 = ORIENTED_EDGE ( 'NONE', *, *, #5841, .T. ) ;
#2584 = VERTEX_POINT ( 'NONE', #6177 ) ;
#2585 = FACE_OUTER_BOUND ( 'NONE', #6858, .T. ) ;
#2586 = DIRECTION ( 'NONE',  ( -0.000000000000000000, -0.000000000000000000, -1.000000000000000000 ) ) ;
#2587 = VECTOR ( 'NONE', #6743, 1000.000000000000000 ) ;
#2588 = ADVANCED_FACE ( 'NONE', ( #152 ), #3981, .F. ) ;
#2589 = LINE ( 'NONE', #3710, #3603 ) ;
#2590 = AXIS2_PLACEMENT_3D ( 'NONE', #7157, #1496, #2764 ) ;
#2591 = EDGE_CURVE ( 'NONE', #1681, #6244, #5702, .T. ) ;
#2592 = EDGE_CURVE ( 'NONE', #1995, #6848, #2942, .T. ) ;
#2593 = ORIENTED_EDGE ( 'NONE', *, *, #2582, .T. ) ;
#2594 = VERTEX_POINT ( 'NONE', #189 ) ;
#2595 = EDGE_CURVE ( 'NONE', #473, #5540, #1732, .T. ) ;
#2596 = DIRECTION ( 'NONE',  ( 0.000000000000000000, 0.000000000000000000, 1.000000000000000000 ) ) ;
#2597 = FACE_OUTER_BOUND ( 'NONE', #4449, .T. ) ;
#2598 = ORIENTED_EDGE ( 'NONE', *, *, #747, .F. ) ;
#2599 = EDGE_CURVE ( 'NONE', #3798, #1681, #1131, .T. ) ;
#2600 = ADVANCED_FACE ( 'NONE', ( #6136 ), #3333, .T. ) ;
#2601 = DIRECTION ( 'NONE',  ( -0.000000000000000000, -0.000000000000000000, -1.000000000000000000 ) ) ;
#2602 = VERTEX_POINT ( 'NONE', #2871 ) ;
#2603 = FILL_AREA_STYLE_COLOUR ( '', #6120 ) ;
#2604 = DIRECTION ( 'NONE',  ( -1.000000000000000000, 0.000000000000000000, 0.000000000000000000 ) ) ;
#2605 = DIRECTION ( 'NONE',  ( -1.000000000000000000, 0.000000000000000000, 0.000000000000000000 ) ) ;
#2606 = ORIENTED_EDGE ( 'NONE', *, *, #5278, .F. ) ;
#2607 = UNCERTAINTY_MEASURE_WITH_UNIT (LENGTH_MEASURE( 1.000000000000000082E-05 ), #908, 'distance_accuracy_value', 'NONE');
#2608 = DIRECTION ( 'NONE',  ( -0.05233595624293797127, 0.9986295347545741663, 0.000000000000000000 ) ) ;
#2609 = ORIENTED_EDGE ( 'NONE', *, *, #1185, .T. ) ;
#2610 = ORIENTED_EDGE ( 'NONE', *, *, #3868, .T. ) ;
#2611 = LINE ( 'NONE', #4816, #2903 ) ;
#2612 = DIRECTION ( 'NONE',  ( 3.925976682163069868E-16, 1.000000000000000000, -0.000000000000000000 ) ) ;
#2613 = ORIENTED_EDGE ( 'NONE', *, *, #5158, .T. ) ;
#2614 = DIRECTION ( 'NONE',  ( -0.000000000000000000, -0.000000000000000000, -1.000000000000000000 ) ) ;
#2615 = EDGE_CURVE ( 'NONE', #2028, #2091, #2795, .T. ) ;
#2616 = ORIENTED_EDGE ( 'NONE', *, *, #6161, .T. ) ;
#2617 = ORIENTED_EDGE ( 'NONE', *, *, #1829, .F. ) ;
#2618 = DIRECTION ( 'NONE',  ( -1.000000000000000000, 0.000000000000000000, 0.000000000000000000 ) ) ;
#2619 = DIRECTION ( 'NONE',  ( 1.000000000000000000, 3.925976682163069868E-16, 0.000000000000000000 ) ) ;
#2620 = CYLINDRICAL_SURFACE ( 'NONE', #280, 0.1121194534934809861 ) ;
#2621 = CARTESIAN_POINT ( 'NONE',  ( 1.886577241033764230, 0.4435498852866788799, -0.1750000000000002387 ) ) ;
#2622 = EDGE_CURVE ( 'NONE', #1658, #3549, #1240, .T. ) ;
#2623 = VECTOR ( 'NONE', #4297, 1000.000000000000000 ) ;
#2624 = LINE ( 'NONE', #289, #1042 ) ;
#2625 = ADVANCED_FACE ( 'NONE', ( #2312 ), #4512, .F. ) ;
#2626 = ORIENTED_EDGE ( 'NONE', *, *, #2851, .T. ) ;
#2627 = CARTESIAN_POINT ( 'NONE',  ( -1.886577241033764230, 0.4435498852866788799, -0.8250000000000001776 ) ) ;
#2628 = CARTESIAN_POINT ( 'NONE',  ( -2.063842636575949019, 0.4748065572667242162, -0.1750000000000002387 ) ) ;
#2629 = ORIENTED_EDGE ( 'NONE', *, *, #4300, .F. ) ;
#2630 = DIRECTION ( 'NONE',  ( 0.000000000000000000, 0.000000000000000000, 1.000000000000000000 ) ) ;
#2631 = ORIENTED_EDGE ( 'NONE', *, *, #6008, .T. ) ;
#2632 = ADVANCED_FACE ( 'NONE', ( #5322 ), #4083, .T. ) ;
#2633 = DIRECTION ( 'NONE',  ( -1.000000000000000000, 0.000000000000000000, 0.000000000000000000 ) ) ;
#2634 = VERTEX_POINT ( 'NONE', #6896 ) ;
#2635 = CARTESIAN_POINT ( 'NONE',  ( 1.500000000000001110, 0.5362000000000048949, -0.4750000000000001443 ) ) ;
#2636 = EDGE_CURVE ( 'NONE', #6818, #153, #4631, .T. ) ;
#2637 = MECHANICAL_DESIGN_GEOMETRIC_PRESENTATION_REPRESENTATION (  '', ( #4947 ), #3108 ) ;
#2638 = CARTESIAN_POINT ( 'NONE',  ( 1.776161133969892392, 0.4240805465065236035, -0.1750000000000002387 ) ) ;
#2639 = VERTEX_POINT ( 'NONE', #911 ) ;
#2640 = VECTOR ( 'NONE', #1180, 1000.000000000000000 ) ;
#2641 = ORIENTED_EDGE ( 'NONE', *, *, #5427, .T. ) ;
#2642 = DIRECTION ( 'NONE',  ( 0.000000000000000000, -1.000000000000000000, 0.000000000000000000 ) ) ;
#2643 = LINE ( 'NONE', #411, #1537 ) ;
#2644 = ORIENTED_EDGE ( 'NONE', *, *, #2834, .T. ) ;
#2645 = VECTOR ( 'NONE', #4241, 1000.000000000000000 ) ;
#2646 = CIRCLE ( 'NONE', #6945, 0.1121194534934814163 ) ;
#2647 = VERTEX_POINT ( 'NONE', #4739 ) ;
#2648 = ORIENTED_EDGE ( 'NONE', *, *, #2875, .T. ) ;
#2649 = FACE_BOUND ( 'NONE', #1735, .T. ) ;
#2650 =( NAMED_UNIT ( * ) PLANE_ANGLE_UNIT ( ) SI_UNIT ( $, .RADIAN. ) );
#2651 = DIRECTION ( 'NONE',  ( 1.000000000000000000, 0.000000000000000000, 0.000000000000000000 ) ) ;
#2652 = DIRECTION ( 'NONE',  ( 1.000000000000000000, 0.000000000000000000, 0.000000000000000000 ) ) ;
#2653 = CARTESIAN_POINT ( 'NONE',  ( -1.776161133969892392, 0.4240805465065236035, 1.774999999999999689 ) ) ;
#2654 = VECTOR ( 'NONE', #2936, 1000.000000000000000 ) ;
#2655 = VECTOR ( 'NONE', #2430, 1000.000000000000000 ) ;
#2656 = ORIENTED_EDGE ( 'NONE', *, *, #1259, .T. ) ;
#2657 = ORIENTED_EDGE ( 'NONE', *, *, #430, .F. ) ;
#2658 = DIRECTION ( 'NONE',  ( -3.925976682163069868E-16, 1.000000000000000000, 0.000000000000000000 ) ) ;
#2659 = AXIS2_PLACEMENT_3D ( 'NONE', #6423, #1369, #4657 ) ;
#2660 = DIRECTION ( 'NONE',  ( -0.000000000000000000, -0.000000000000000000, -1.000000000000000000 ) ) ;
#2661 = DIRECTION ( 'NONE',  ( -1.000000000000000000, 0.000000000000000000, 0.000000000000000000 ) ) ;
#2662 = EDGE_CURVE ( 'NONE', #3075, #5229, #1839, .T. ) ;
#2663 = ORIENTED_EDGE ( 'NONE', *, *, #4423, .T. ) ;
#2664 = CARTESIAN_POINT ( 'NONE',  ( 2.450000000000000178, 0.1797533162558100084, 0.8249999999999997335 ) ) ;
#2665 = CARTESIAN_POINT ( 'NONE',  ( 1.776161133969892392, 0.4240805465065236035, -1.475000000000000089 ) ) ;
#2666 = ORIENTED_EDGE ( 'NONE', *, *, #6377, .F. ) ;
#2667 = ADVANCED_FACE ( 'NONE', ( #3619 ), #6967, .T. ) ;
#2668 = DIRECTION ( 'NONE',  ( 1.000000000000000000, 0.000000000000000000, -0.000000000000000000 ) ) ;
#2669 = ORIENTED_EDGE ( 'NONE', *, *, #7031, .F. ) ;
#2670 = VECTOR ( 'NONE', #6024, 1000.000000000000000 ) ;
#2671 = LINE ( 'NONE', #375, #1512 ) ;
#2672 = EDGE_CURVE ( 'NONE', #4906, #3289, #5879, .T. ) ;
#2673 = VERTEX_POINT ( 'NONE', #2384 ) ;
#2674 = CARTESIAN_POINT ( 'NONE',  ( 1.776161133969892392, 0.4240805465065236035, 0.8249999999999997335 ) ) ;
#2675 = EDGE_LOOP ( 'NONE', ( #2307, #5770, #2186, #2244 ) ) ;
#2676 = CARTESIAN_POINT ( 'NONE',  ( -2.440579527876272081, -9.062316430720066274E-18, 1.774999999999999689 ) ) ;
#2677 = VECTOR ( 'NONE', #890, 1000.000000000000000 ) ;
#2678 = EDGE_CURVE ( 'NONE', #1912, #5884, #223, .T. ) ;
#2679 = ORIENTED_EDGE ( 'NONE', *, *, #6046, .F. ) ;
#2680 = EDGE_CURVE ( 'NONE', #193, #6818, #1346, .T. ) ;
#2681 = PLANE ( 'NONE',  #5911 ) ;
#2682 = CARTESIAN_POINT ( 'NONE',  ( -1.776161133969892392, 0.4240805465065236035, 1.124999999999999778 ) ) ;
#2683 = ORIENTED_EDGE ( 'NONE', *, *, #4619, .F. ) ;
#2684 = DIRECTION ( 'NONE',  ( 0.000000000000000000, -1.000000000000000000, 0.000000000000000000 ) ) ;
#2685 = LINE ( 'NONE', #3231, #5104 ) ;
#2686 = ORIENTED_EDGE ( 'NONE', *, *, #3876, .F. ) ;
#2687 = VECTOR ( 'NONE', #3367, 1000.000000000000000 ) ;
#2688 = PLANE ( 'NONE',  #5994 ) ;
#2689 = LINE ( 'NONE', #3810, #1424 ) ;
#2690 = LINE ( 'NONE', #4858, #3849 ) ;
#2691 = DIRECTION ( 'NONE',  ( -0.000000000000000000, 0.000000000000000000, 1.000000000000000000 ) ) ;
#2692 = CIRCLE ( 'NONE', #5003, 0.1121194534934809861 ) ;
#2693 = LINE ( 'NONE', #1143, #3408 ) ;
#2694 = ORIENTED_EDGE ( 'NONE', *, *, #2368, .F. ) ;
#2695 = PLANE ( 'NONE',  #1804 ) ;
#2696 = DIRECTION ( 'NONE',  ( -0.000000000000000000, -0.000000000000000000, -1.000000000000000000 ) ) ;
#2697 = CARTESIAN_POINT ( 'NONE',  ( 1.776161133969892392, 0.4240805465065236035, 1.124999999999999778 ) ) ;
#2698 = PRODUCT_DEFINITION_SHAPE ( 'NONE', 'NONE',  #4095 ) ;
#2699 = ORIENTED_EDGE ( 'NONE', *, *, #3087, .F. ) ;
#2700 = CARTESIAN_POINT ( 'NONE',  ( -1.776161133969892392, 0.4240805465065236035, 1.774999999999999689 ) ) ;
#2701 = CARTESIAN_POINT ( 'NONE',  ( -2.097265395542184940, 0.2852566719800452288, -1.475000000000000089 ) ) ;
#2702 = ORIENTED_EDGE ( 'NONE', *, *, #1010, .T. ) ;
#2703 = AXIS2_PLACEMENT_3D ( 'NONE', #2050, #1513, #987 ) ;
#2704 = EDGE_CURVE ( 'NONE', #4584, #917, #6358, .T. ) ;
#2705 = CARTESIAN_POINT ( 'NONE',  ( 1.500000000000001110, 0.7161999999999915101, 1.774999999999999689 ) ) ;
#2706 = CARTESIAN_POINT ( 'NONE',  ( -2.192393151670311457, 0.01300689682525807585, 0.8249999999999997335 ) ) ;
#2707 = ORIENTED_EDGE ( 'NONE', *, *, #6135, .F. ) ;
#2708 = CARTESIAN_POINT ( 'NONE',  ( -2.440579527876272081, -9.062316430720066274E-18, -1.475000000000000089 ) ) ;
#2709 = PRESENTATION_LAYER_ASSIGNMENT (  '', '', ( #5850 ) ) ;
#2710 = CARTESIAN_POINT ( 'NONE',  ( -1.776161133969892392, 0.7161999999999915101, 1.124999999999999778 ) ) ;
#2711 = ORIENTED_EDGE ( 'NONE', *, *, #5380, .F. ) ;
#2712 = ADVANCED_FACE ( 'NONE', ( #6288 ), #1412, .T. ) ;
#2713 = EDGE_CURVE ( 'NONE', #3042, #1411, #6425, .T. ) ;
#2714 = EDGE_LOOP ( 'NONE', ( #514, #2721, #5490, #742 ) ) ;
#2715 = FACE_OUTER_BOUND ( 'NONE', #3375, .T. ) ;
#2716 = DIRECTION ( 'NONE',  ( 0.1736481776669312749, 0.9848077530122079093, 0.000000000000000000 ) ) ;
#2717 = ORIENTED_EDGE ( 'NONE', *, *, #861, .T. ) ;
#2718 = DIRECTION ( 'NONE',  ( -0.000000000000000000, -0.000000000000000000, -1.000000000000000000 ) ) ;
#2719 = DIRECTION ( 'NONE',  ( -0.9986295347545742773, -0.05233595624293691656, 0.000000000000000000 ) ) ;
#2720 = ADVANCED_FACE ( 'NONE', ( #1875 ), #767, .F. ) ;
#2721 = ORIENTED_EDGE ( 'NONE', *, *, #701, .F. ) ;
#2722 = ORIENTED_EDGE ( 'NONE', *, *, #5977, .T. ) ;
#2723 = CARTESIAN_POINT ( 'NONE',  ( -2.440579527876272081, -9.062316430720066274E-18, 0.4749999999999997558 ) ) ;
#2724 = CARTESIAN_POINT ( 'NONE',  ( -0.8254999999999999005, 0.2999999999999999889, 1.302499999999999769 ) ) ;
#2725 = CARTESIAN_POINT ( 'NONE',  ( -1.886577241033764230, 0.4435498852866788799, 0.8249999999999997335 ) ) ;
#2726 = DIRECTION ( 'NONE',  ( -0.9986295347545742773, 0.05233595624293731902, 0.000000000000000000 ) ) ;
#2727 = ADVANCED_FACE ( 'NONE', ( #2422 ), #5806, .T. ) ;
#2728 = DIRECTION ( 'NONE',  ( -0.1736481776669313026, -0.9848077530122080203, -0.000000000000000000 ) ) ;
#2729 = CARTESIAN_POINT ( 'NONE',  ( 1.500000000000001110, 0.7161999999999915101, -0.1750000000000002387 ) ) ;
#2730 = EDGE_CURVE ( 'NONE', #1934, #4855, #975, .T. ) ;
#2731 = ADVANCED_FACE ( 'NONE', ( #3653 ), #304, .F. ) ;
#2732 = VERTEX_POINT ( 'NONE', #4150 ) ;
#2733 = PLANE ( 'NONE',  #6810 ) ;
#2734 = LINE ( 'NONE', #4320, #3737 ) ;
#2735 = AXIS2_PLACEMENT_3D ( 'NONE', #3134, #6911, #2618 ) ;
#2736 = DIRECTION ( 'NONE',  ( -0.000000000000000000, -0.000000000000000000, -1.000000000000000000 ) ) ;
#2737 = ORIENTED_EDGE ( 'NONE', *, *, #2056, .F. ) ;
#2738 = DIRECTION ( 'NONE',  ( -1.000000000000000000, 0.000000000000000000, 0.000000000000000000 ) ) ;
#2739 = CYLINDRICAL_SURFACE ( 'NONE', #910, 0.2921194534934675735 ) ;
#2740 = ORIENTED_EDGE ( 'NONE', *, *, #413, .F. ) ;
#2741 = VECTOR ( 'NONE', #1572, 1000.000000000000114 ) ;
#2742 = CARTESIAN_POINT ( 'NONE',  ( 1.886577241033764230, 0.4435498852866788799, 0.4749999999999997558 ) ) ;
#2743 = EDGE_LOOP ( 'NONE', ( #1104, #6200, #4841, #1867 ) ) ;
#2744 =( LENGTH_UNIT ( ) NAMED_UNIT ( * ) SI_UNIT ( .MILLI., .METRE. ) );
#2745 = SURFACE_STYLE_FILL_AREA ( #5580 ) ;
#2746 = VERTEX_POINT ( 'NONE', #6393 ) ;
#2747 = LINE ( 'NONE', #2708, #4879 ) ;
#2748 = DIRECTION ( 'NONE',  ( -0.000000000000000000, -0.000000000000000000, -1.000000000000000000 ) ) ;
#2749 = ORIENTED_EDGE ( 'NONE', *, *, #3216, .F. ) ;
#2750 = LINE ( 'NONE', #6130, #3577 ) ;
#2751 = EDGE_LOOP ( 'NONE', ( #5621, #4244, #5253, #867 ) ) ;
#2752 = DIRECTION ( 'NONE',  ( -0.9986295347545742773, -0.05233595624293731902, -0.000000000000000000 ) ) ;
#2753 = DIRECTION ( 'NONE',  ( 0.000000000000000000, 1.000000000000000000, -0.000000000000000000 ) ) ;
#2754 = ORIENTED_EDGE ( 'NONE', *, *, #1752, .F. ) ;
#2755 = ORIENTED_EDGE ( 'NONE', *, *, #2183, .T. ) ;
#2756 = DIRECTION ( 'NONE',  ( 1.000000000000000000, 0.000000000000000000, 0.000000000000000000 ) ) ;
#2757 = DIRECTION ( 'NONE',  ( 1.000000000000000000, -3.925976682163069868E-16, -0.000000000000000000 ) ) ;
#2758 = DIRECTION ( 'NONE',  ( -0.05233595624293731902, -0.9986295347545742773, 0.000000000000000000 ) ) ;
#2759 = MECHANICAL_DESIGN_GEOMETRIC_PRESENTATION_REPRESENTATION (  '', ( #3682 ), #444 ) ;
#2760 = AXIS2_PLACEMENT_3D ( 'NONE', #6557, #6520, #5981 ) ;
#2761 = ORIENTED_EDGE ( 'NONE', *, *, #4219, .T. ) ;
#2762 = EDGE_CURVE ( 'NONE', #1411, #5471, #5285, .T. ) ;
#2763 = FACE_OUTER_BOUND ( 'NONE', #1380, .T. ) ;
#2764 = DIRECTION ( 'NONE',  ( 1.000000000000000000, 0.000000000000000000, 0.000000000000000000 ) ) ;
#2765 = VECTOR ( 'NONE', #4477, 1000.000000000000000 ) ;
#2766 = VECTOR ( 'NONE', #6709, 1000.000000000000000 ) ;
#2767 = CARTESIAN_POINT ( 'NONE',  ( 1.776161133969892392, 0.4240805465065236035, 0.8249999999999997335 ) ) ;
#2768 = DIRECTION ( 'NONE',  ( 3.925976682163069868E-16, 1.000000000000000000, -0.000000000000000000 ) ) ;
#2769 = PLANE ( 'NONE',  #4764 ) ;
#2770 = LINE ( 'NONE', #2142, #4894 ) ;
#2771 = FACE_OUTER_BOUND ( 'NONE', #7145, .T. ) ;
#2772 = VECTOR ( 'NONE', #3373, 1000.000000000000000 ) ;
#2773 = EDGE_CURVE ( 'NONE', #2415, #5031, #1879, .T. ) ;
#2774 = VERTEX_POINT ( 'NONE', #7002 ) ;
#2775 = ORIENTED_EDGE ( 'NONE', *, *, #6884, .F. ) ;
#2776 = AXIS2_PLACEMENT_3D ( 'NONE', #4530, #6811, #286 ) ;
#2777 = LINE ( 'NONE', #3244, #3439 ) ;
#2778 = LINE ( 'NONE', #2217, #4304 ) ;
#2779 = CYLINDRICAL_SURFACE ( 'NONE', #1271, 0.2921194534934677955 ) ;
#2780 = DIRECTION ( 'NONE',  ( -0.05233595624293691656, 0.9986295347545742773, 0.000000000000000000 ) ) ;
#2781 = ORIENTED_EDGE ( 'NONE', *, *, #151, .F. ) ;
#2782 = CARTESIAN_POINT ( 'NONE',  ( 1.500000000000001110, 0.5362000000000048949, 1.124999999999999778 ) ) ;
#2783 = AXIS2_PLACEMENT_3D ( 'NONE', #4138, #6384, #5796 ) ;
#2784 = VERTEX_POINT ( 'NONE', #4909 ) ;
#2785 = AXIS2_PLACEMENT_3D ( 'NONE', #6595, #5021, #1080 ) ;
#2786 = LINE ( 'NONE', #2742, #4412 ) ;
#2787 =( NAMED_UNIT ( * ) SI_UNIT ( $, .STERADIAN. ) SOLID_ANGLE_UNIT ( ) );
#2788 = ORIENTED_EDGE ( 'NONE', *, *, #1179, .F. ) ;
#2789 = CARTESIAN_POINT ( 'NONE',  ( -1.500000000000001110, 0.7161999999999888455, -2.019500000000007400 ) ) ;
#2790 = CARTESIAN_POINT ( 'NONE',  ( -0.9455000000000004512, 0.1523999999999999799, 1.302499999999999769 ) ) ;
#2791 = CARTESIAN_POINT ( 'NONE',  ( -2.207681502606056778, 0.3047260107602003942, -0.4750000000000001443 ) ) ;
#2792 = VERTEX_POINT ( 'NONE', #7075 ) ;
#2793 = DIRECTION ( 'NONE',  ( -0.000000000000000000, 1.000000000000000000, -0.000000000000000000 ) ) ;
#2794 = VERTEX_POINT ( 'NONE', #2156 ) ;
#2795 = LINE ( 'NONE', #4999, #740 ) ;
#2796 = VECTOR ( 'NONE', #2950, 1000.000000000000000 ) ;
#2797 = ORIENTED_EDGE ( 'NONE', *, *, #2501, .T. ) ;
#2798 = ORIENTED_EDGE ( 'NONE', *, *, #4763, .T. ) ;
#2799 = CARTESIAN_POINT ( 'NONE',  ( -1.150000000000001021, 1.080000000000000071, -1.669500000000007311 ) ) ;
#2800 = DIRECTION ( 'NONE',  ( -0.000000000000000000, -0.000000000000000000, -1.000000000000000000 ) ) ;
#2801 = ORIENTED_EDGE ( 'NONE', *, *, #5158, .F. ) ;
#2802 = VECTOR ( 'NONE', #1777, 1000.000000000000000 ) ;
#2803 = EDGE_CURVE ( 'NONE', #3571, #1356, #2121, .T. ) ;
#2804 = ORIENTED_EDGE ( 'NONE', *, *, #3606, .F. ) ;
#2805 = CARTESIAN_POINT ( 'NONE',  ( -2.207681502606056778, 0.3047260107602003942, 0.8249999999999997335 ) ) ;
#2806 = DIRECTION ( 'NONE',  ( -1.000000000000000000, 0.000000000000000000, -0.000000000000000000 ) ) ;
#2807 = LINE ( 'NONE', #675, #5578 ) ;
#2808 = PLANE ( 'NONE',  #5897 ) ;
#2809 = CARTESIAN_POINT ( 'NONE',  ( -1.776161133969892392, 0.5362000000000050060, 0.4749999999999997558 ) ) ;
#2810 = EDGE_CURVE ( 'NONE', #1411, #3088, #3762, .T. ) ;
#2811 = VECTOR ( 'NONE', #5027, 1000.000000000000114 ) ;
#2812 = ORIENTED_EDGE ( 'NONE', *, *, #58, .T. ) ;
#2813 = EDGE_CURVE ( 'NONE', #3516, #5123, #2566, .T. ) ;
#2814 = ORIENTED_EDGE ( 'NONE', *, *, #7026, .F. ) ;
#2815 = CARTESIAN_POINT ( 'NONE',  ( -1.776161133969892392, 0.5362000000000050060, -1.775000000000000133 ) ) ;
#2816 = LINE ( 'NONE', #5640, #628 ) ;
#2817 = AXIS2_PLACEMENT_3D ( 'NONE', #5971, #6548, #3307 ) ;
#2818 = DIRECTION ( 'NONE',  ( 1.000000000000000000, 0.000000000000000000, 0.000000000000000000 ) ) ;
#2819 = CARTESIAN_POINT ( 'NONE',  ( 1.776161133969892392, 0.7161999999999913991, 1.474999999999999645 ) ) ;
#2820 = VERTEX_POINT ( 'NONE', #3691 ) ;
#2821 = DIRECTION ( 'NONE',  ( 1.000000000000000000, 0.000000000000000000, 0.000000000000000000 ) ) ;
#2822 = ORIENTED_EDGE ( 'NONE', *, *, #3087, .T. ) ;
#2823 = EDGE_CURVE ( 'NONE', #1794, #554, #4846, .T. ) ;
#2824 = EDGE_CURVE ( 'NONE', #5471, #4534, #3169, .T. ) ;
#2825 = AXIS2_PLACEMENT_3D ( 'NONE', #942, #3145, #6486 ) ;
#2826 = ADVANCED_FACE ( 'NONE', ( #506 ), #3151, .F. ) ;
#2827 = VECTOR ( 'NONE', #6374, 1000.000000000000000 ) ;
#2828 = PLANE ( 'NONE',  #2337 ) ;
#2829 = DIRECTION ( 'NONE',  ( 1.000000000000000000, 0.000000000000000000, -0.000000000000000000 ) ) ;
#2830 = VECTOR ( 'NONE', #5150, 1000.000000000000000 ) ;
#2831 = ORIENTED_EDGE ( 'NONE', *, *, #3125, .F. ) ;
#2832 = PLANE ( 'NONE',  #6735 ) ;
#2833 = ORIENTED_EDGE ( 'NONE', *, *, #6689, .F. ) ;
#2834 = EDGE_CURVE ( 'NONE', #3558, #4663, #1322, .T. ) ;
#2835 = DIRECTION ( 'NONE',  ( -1.000000000000000000, 0.000000000000000000, 0.000000000000000000 ) ) ;
#2836 = CARTESIAN_POINT ( 'NONE',  ( 0.7055000000000001270, 0.2999999999999999889, -1.422500000000000320 ) ) ;
#2837 = ORIENTED_EDGE ( 'NONE', *, *, #6364, .T. ) ;
#2838 = DIRECTION ( 'NONE',  ( -1.000000000000000000, 3.925976682163069868E-16, 0.000000000000000000 ) ) ;
#2839 = LINE ( 'NONE', #5070, #116 ) ;
#2840 = DIRECTION ( 'NONE',  ( -0.1736481776669313581, -0.9848077530122079093, 0.000000000000000000 ) ) ;
#2841 = DIRECTION ( 'NONE',  ( 0.000000000000000000, 0.000000000000000000, 1.000000000000000000 ) ) ;
#2842 = ORIENTED_EDGE ( 'NONE', *, *, #2996, .F. ) ;
#2843 = CARTESIAN_POINT ( 'NONE',  ( -2.063842636575949019, 0.4748065572667242162, 0.4749999999999997558 ) ) ;
#2844 = DIRECTION ( 'NONE',  ( 0.9986295347545742773, -0.05233595624293691656, 0.000000000000000000 ) ) ;
#2845 = CARTESIAN_POINT ( 'NONE',  ( 0.000000000000000000, 0.1523999999999999799, -1.422500000000000320 ) ) ;
#2846 = CARTESIAN_POINT ( 'NONE',  ( 2.192393151670311457, 0.01300689682525807585, 0.8249999999999997335 ) ) ;
#2847 = CARTESIAN_POINT ( 'NONE',  ( -2.201813623794039998, 0.1927602130810681935, -0.1750000000000002387 ) ) ;
#2848 = EDGE_CURVE ( 'NONE', #2523, #3580, #4364, .T. ) ;
#2849 = LINE ( 'NONE', #2145, #2741 ) ;
#2850 = CARTESIAN_POINT ( 'NONE',  ( 1.776161133969892392, 0.4240805465065236035, 1.474999999999999645 ) ) ;
#2851 = EDGE_CURVE ( 'NONE', #2639, #159, #4810, .T. ) ;
#2852 = LINE ( 'NONE', #5156, #2180 ) ;
#2853 = DIRECTION ( 'NONE',  ( -0.000000000000000000, -0.000000000000000000, -1.000000000000000000 ) ) ;
#2854 = LINE ( 'NONE', #6199, #921 ) ;
#2855 = LINE ( 'NONE', #4568, #228 ) ;
#2856 = EDGE_LOOP ( 'NONE', ( #3015, #1560, #788, #5176 ) ) ;
#2857 = ADVANCED_FACE ( 'NONE', ( #7144 ), #1625, .F. ) ;
#2858 = VECTOR ( 'NONE', #1375, 1000.000000000000000 ) ;
#2859 = DIRECTION ( 'NONE',  ( 0.9986295347545742773, 0.05233595624293797821, -0.000000000000000000 ) ) ;
#2860 = EDGE_CURVE ( 'NONE', #1377, #7040, #3189, .T. ) ;
#2861 = ORIENTED_EDGE ( 'NONE', *, *, #7074, .F. ) ;
#2862 = DIRECTION ( 'NONE',  ( -0.000000000000000000, -0.000000000000000000, -1.000000000000000000 ) ) ;
#2863 = EDGE_LOOP ( 'NONE', ( #4088, #2629, #7057, #4126 ) ) ;
#2864 = CARTESIAN_POINT ( 'NONE',  ( -2.440579527876272081, -9.062316430720066274E-18, 0.1749999999999998224 ) ) ;
#2865 = CARTESIAN_POINT ( 'NONE',  ( 0.000000000000000000, 0.1523999999999999799, 1.302499999999999769 ) ) ;
#2866 = VERTEX_POINT ( 'NONE', #2305 ) ;
#2867 = VECTOR ( 'NONE', #3854, 1000.000000000000000 ) ;
#2868 = DIRECTION ( 'NONE',  ( -1.000000000000000000, 0.000000000000000000, 0.000000000000000000 ) ) ;
#2869 = EDGE_CURVE ( 'NONE', #144, #4904, #6078, .T. ) ;
#2870 = VERTEX_POINT ( 'NONE', #2864 ) ;
#2871 = CARTESIAN_POINT ( 'NONE',  ( 0.9454999999999998961, 0.2999999999999999889, -1.772500000000000187 ) ) ;
#2872 = ORIENTED_EDGE ( 'NONE', *, *, #5790, .F. ) ;
#2873 = DIRECTION ( 'NONE',  ( 0.9986295347545742773, -0.05233595624293731902, 0.000000000000000000 ) ) ;
#2874 = DIRECTION ( 'NONE',  ( -1.000000000000000000, 0.000000000000000000, -0.000000000000000000 ) ) ;
#2875 = EDGE_CURVE ( 'NONE', #4425, #841, #4504, .T. ) ;
#2876 = ORIENTED_EDGE ( 'NONE', *, *, #6454, .T. ) ;
#2877 = VERTEX_POINT ( 'NONE', #5541 ) ;
#2878 = DIRECTION ( 'NONE',  ( -0.000000000000000000, 1.000000000000000000, -0.000000000000000000 ) ) ;
#2879 = CARTESIAN_POINT ( 'NONE',  ( -0.9455000000000007843, 0.1523999999999999799, 1.772499999999999964 ) ) ;
#2880 = DIRECTION ( 'NONE',  ( 1.000000000000000000, 0.000000000000000000, -0.000000000000000000 ) ) ;
#2881 = PRESENTATION_LAYER_ASSIGNMENT (  '', '', ( #97 ) ) ;
#2882 = CARTESIAN_POINT ( 'NONE',  ( 1.499999999999998890, 0.7161999999999871802, -2.019500000000007400 ) ) ;
#2883 = CARTESIAN_POINT ( 'NONE',  ( 2.450000000000000178, 0.1797533162558100084, 0.1749999999999998224 ) ) ;
#2884 = MECHANICAL_DESIGN_GEOMETRIC_PRESENTATION_REPRESENTATION (  '', ( #222 ), #7164 ) ;
#2885 = ORIENTED_EDGE ( 'NONE', *, *, #5615, .T. ) ;
#2886 = ORIENTED_EDGE ( 'NONE', *, *, #5383, .F. ) ;
#2887 = CARTESIAN_POINT ( 'NONE',  ( -1.500000000000001110, 0.5362000000000048949, 0.4749999999999997558 ) ) ;
#2888 = LINE ( 'NONE', #1813, #1651 ) ;
#2889 = LINE ( 'NONE', #716, #3696 ) ;
#2890 = CARTESIAN_POINT ( 'NONE',  ( -0.8254999999999999005, 0.2999999999999999889, 1.422499999999999876 ) ) ;
#2891 = ORIENTED_EDGE ( 'NONE', *, *, #1133, .F. ) ;
#2892 = VECTOR ( 'NONE', #5564, 1000.000000000000000 ) ;
#2893 = VECTOR ( 'NONE', #1083, 1000.000000000000114 ) ;
#2894 = AXIS2_PLACEMENT_3D ( 'NONE', #3028, #2993, #4130 ) ;
#2895 = DIRECTION ( 'NONE',  ( 0.000000000000000000, 0.000000000000000000, 1.000000000000000000 ) ) ;
#2896 = EDGE_CURVE ( 'NONE', #5286, #6789, #3977, .T. ) ;
#2897 = CLOSED_SHELL ( 'NONE', ( #4865, #4622, #2954, #1639, #3647, #6154, #34, #266, #5910, #6380, #6185, #3950, #6414, #2588 ) ) ;
#2898 =( NAMED_UNIT ( * ) SI_UNIT ( $, .STERADIAN. ) SOLID_ANGLE_UNIT ( ) );
#2899 = ORIENTED_EDGE ( 'NONE', *, *, #4089, .F. ) ;
#2900 = CARTESIAN_POINT ( 'NONE',  ( -2.097265395542184940, 0.2852566719800452288, -0.1750000000000002387 ) ) ;
#2901 = ORIENTED_EDGE ( 'NONE', *, *, #4606, .F. ) ;
#2902 = EDGE_CURVE ( 'NONE', #3664, #1794, #693, .T. ) ;
#2903 = VECTOR ( 'NONE', #2642, 1000.000000000000000 ) ;
#2904 = EDGE_CURVE ( 'NONE', #7034, #4943, #3900, .T. ) ;
#2905 = VERTEX_POINT ( 'NONE', #1340 ) ;
#2906 = CARTESIAN_POINT ( 'NONE',  ( 1.776161133969892392, 0.7161999999999913991, 1.124999999999999778 ) ) ;
#2907 = ORIENTED_EDGE ( 'NONE', *, *, #299, .F. ) ;
#2908 = DIRECTION ( 'NONE',  ( -0.000000000000000000, -0.000000000000000000, -1.000000000000000000 ) ) ;
#2909 = CARTESIAN_POINT ( 'NONE',  ( 1.776161133969892392, 0.4240805465065236035, 0.4749999999999997558 ) ) ;
#2910 = EDGE_CURVE ( 'NONE', #4286, #1565, #6388, .T. ) ;
#2911 = EDGE_CURVE ( 'NONE', #3462, #6499, #1830, .T. ) ;
#2912 = ORIENTED_EDGE ( 'NONE', *, *, #3296, .T. ) ;
#2913 = EDGE_LOOP ( 'NONE', ( #4461, #6554, #5968, #5291 ) ) ;
#2914 = AXIS2_PLACEMENT_3D ( 'NONE', #756, #2961, #2259 ) ;
#2915 = DIRECTION ( 'NONE',  ( 0.9986295347545742773, -0.05233595624293731902, 0.000000000000000000 ) ) ;
#2916 = LINE ( 'NONE', #2879, #6841 ) ;
#2917 = LINE ( 'NONE', #85, #2199 ) ;
#2918 = CARTESIAN_POINT ( 'NONE',  ( 0.7055000000000000160, 0.2999999999999999889, -1.772500000000000187 ) ) ;
#2919 = LINE ( 'NONE', #6301, #5937 ) ;
#2920 = CARTESIAN_POINT ( 'NONE',  ( -1.500000000000001110, 0.7161999999999915101, 1.774999999999999689 ) ) ;
#2921 = AXIS2_PLACEMENT_3D ( 'NONE', #3454, #233, #4092 ) ;
#2922 = ORIENTED_EDGE ( 'NONE', *, *, #1564, .T. ) ;
#2923 = CARTESIAN_POINT ( 'NONE',  ( 1.500000000000001110, 0.5362000000000048949, 0.1749999999999998224 ) ) ;
#2924 = LINE ( 'NONE', #6783, #4963 ) ;
#2925 = CARTESIAN_POINT ( 'NONE',  ( 1.500000000000001110, 0.5362000000000048949, -0.1750000000000002387 ) ) ;
#2926 = CARTESIAN_POINT ( 'NONE',  ( 2.207681502606056778, 0.3047260107602003942, 0.4749999999999997558 ) ) ;
#2927 = PLANE ( 'NONE',  #4142 ) ;
#2928 = ORIENTED_EDGE ( 'NONE', *, *, #3023, .F. ) ;
#2929 = VECTOR ( 'NONE', #4775, 1000.000000000000000 ) ;
#2930 = DIRECTION ( 'NONE',  ( 1.000000000000000000, 0.000000000000000000, -0.000000000000000000 ) ) ;
#2931 = DIRECTION ( 'NONE',  ( -0.000000000000000000, -0.000000000000000000, -1.000000000000000000 ) ) ;
#2932 = LINE ( 'NONE', #3573, #2320 ) ;
#2933 = DIRECTION ( 'NONE',  ( 0.9986295347545742773, -0.05233595624293691656, 0.000000000000000000 ) ) ;
#2934 = VECTOR ( 'NONE', #5382, 1000.000000000000000 ) ;
#2935 = ORIENTED_EDGE ( 'NONE', *, *, #5517, .F. ) ;
#2936 = DIRECTION ( 'NONE',  ( -0.000000000000000000, -0.000000000000000000, -1.000000000000000000 ) ) ;
#2937 = VERTEX_POINT ( 'NONE', #796 ) ;
#2938 = ADVANCED_FACE ( 'NONE', ( #260 ), #297, .T. ) ;
#2939 = AXIS2_PLACEMENT_3D ( 'NONE', #4192, #4583, #3514 ) ;
#2940 = EDGE_LOOP ( 'NONE', ( #3192, #456, #6686, #4656 ) ) ;
#2941 = EDGE_CURVE ( 'NONE', #6901, #2270, #4690, .T. ) ;
#2942 = LINE ( 'NONE', #5136, #6187 ) ;
#2943 = ORIENTED_EDGE ( 'NONE', *, *, #1756, .F. ) ;
#2944 = ORIENTED_EDGE ( 'NONE', *, *, #924, .T. ) ;
#2945 = DIRECTION ( 'NONE',  ( -0.000000000000000000, -0.000000000000000000, -1.000000000000000000 ) ) ;
#2946 = CARTESIAN_POINT ( 'NONE',  ( -1.776161133969892392, 0.5362000000000050060, 0.1749999999999998224 ) ) ;
#2947 = VECTOR ( 'NONE', #3436, 1000.000000000000000 ) ;
#2948 = EDGE_LOOP ( 'NONE', ( #4235, #2263, #1163, #7043, #2519, #4436, #1986, #4148, #3894, #1785, #6068, #4330, #1106, #6354, #22, #4506, #5687, #3144, #5330, #1459 ) ) ;
#2949 = ADVANCED_FACE ( 'NONE', ( #2454 ), #6422, .T. ) ;
#2950 = DIRECTION ( 'NONE',  ( -1.000000000000000000, 0.000000000000000000, 0.000000000000000000 ) ) ;
#2951 = LINE ( 'NONE', #5717, #4057 ) ;
#2952 = LINE ( 'NONE', #1219, #1432 ) ;
#2953 = SURFACE_STYLE_USAGE ( .BOTH. , #3491 ) ;
#2954 = ADVANCED_FACE ( 'NONE', ( #1936 ), #4143, .F. ) ;
#2955 = EDGE_LOOP ( 'NONE', ( #5480, #3719, #7113, #869 ) ) ;
#2956 = EDGE_LOOP ( 'NONE', ( #252, #6206, #6100, #3945 ) ) ;
#2957 = DIRECTION ( 'NONE',  ( 0.000000000000000000, 0.000000000000000000, 1.000000000000000000 ) ) ;
#2958 = CARTESIAN_POINT ( 'NONE',  ( 1.776161133969892392, 0.4240805465065236035, -0.8250000000000001776 ) ) ;
#2959 = ADVANCED_FACE ( 'NONE', ( #5169 ), #4577, .F. ) ;
#2960 = CARTESIAN_POINT ( 'NONE',  ( 2.440579527876272081, -9.062316430720066274E-18, 1.474999999999999645 ) ) ;
#2961 = DIRECTION ( 'NONE',  ( -0.000000000000000000, -0.000000000000000000, -1.000000000000000000 ) ) ;
#2962 = ORIENTED_EDGE ( 'NONE', *, *, #386, .F. ) ;
#2963 = DIRECTION ( 'NONE',  ( -0.000000000000000000, 1.000000000000000000, -0.000000000000000000 ) ) ;
#2964 = ORIENTED_EDGE ( 'NONE', *, *, #4630, .F. ) ;
#2965 = CARTESIAN_POINT ( 'NONE',  ( -1.920000000000000373, 0.2540000000000000036, -1.475000000000000089 ) ) ;
#2966 = ORIENTED_EDGE ( 'NONE', *, *, #872, .F. ) ;
#2967 =( NAMED_UNIT ( * ) PLANE_ANGLE_UNIT ( ) SI_UNIT ( $, .RADIAN. ) );
#2968 = CARTESIAN_POINT ( 'NONE',  ( -2.201813623794039998, 0.1927602130810681935, -0.4750000000000001443 ) ) ;
#2969 = CARTESIAN_POINT ( 'NONE',  ( 1.500000000000001110, 0.7161999999999915101, 1.124999999999999778 ) ) ;
#2970 = LINE ( 'NONE', #5170, #6744 ) ;
#2971 = ORIENTED_EDGE ( 'NONE', *, *, #4317, .F. ) ;
#2972 = ORIENTED_EDGE ( 'NONE', *, *, #956, .T. ) ;
#2973 = VECTOR ( 'NONE', #1021, 1000.000000000000000 ) ;
#2974 = DIRECTION ( 'NONE',  ( 1.000000000000000000, 0.000000000000000000, 2.306813132947881040E-16 ) ) ;
#2975 = ORIENTED_EDGE ( 'NONE', *, *, #5189, .F. ) ;
#2976 = UNCERTAINTY_MEASURE_WITH_UNIT (LENGTH_MEASURE( 1.000000000000000082E-05 ), #760, 'distance_accuracy_value', 'NONE');
#2977 = CARTESIAN_POINT ( 'NONE',  ( 1.500000000000001110, 0.7161999999999915101, -1.475000000000000089 ) ) ;
#2978 = ADVANCED_FACE ( 'NONE', ( #6352 ), #4623, .F. ) ;
#2979 = EDGE_LOOP ( 'NONE', ( #3739, #5908, #4342, #2487 ) ) ;
#2980 = FACE_OUTER_BOUND ( 'NONE', #209, .T. ) ;
#2981 = EDGE_CURVE ( 'NONE', #5928, #325, #2693, .T. ) ;
#2982 = DIRECTION ( 'NONE',  ( 1.000000000000000000, 0.000000000000000000, 0.000000000000000000 ) ) ;
#2983 = FACE_OUTER_BOUND ( 'NONE', #4476, .T. ) ;
#2984 = LINE ( 'NONE', #5184, #2802 ) ;
#2985 = CARTESIAN_POINT ( 'NONE',  ( 0.7054999999999991278, 0.2999999999999999889, 1.772500000000000631 ) ) ;
#2986 = EDGE_CURVE ( 'NONE', #1712, #3836, #2770, .T. ) ;
#2987 = EDGE_LOOP ( 'NONE', ( #1199, #188, #3636, #637 ) ) ;
#2988 = VERTEX_POINT ( 'NONE', #5563 ) ;
#2989 = DIRECTION ( 'NONE',  ( -1.000000000000000000, 0.000000000000000000, 0.000000000000000000 ) ) ;
#2990 = LINE ( 'NONE', #3562, #3402 ) ;
#2991 = EDGE_CURVE ( 'NONE', #3441, #7008, #52, .T. ) ;
#2992 = PRESENTATION_LAYER_ASSIGNMENT (  '', '', ( #6711 ) ) ;
#2993 = DIRECTION ( 'NONE',  ( 0.9848077530122079093, 0.1736481776669313581, -0.000000000000000000 ) ) ;
#2994 = CARTESIAN_POINT ( 'NONE',  ( -2.450000000000000178, 0.1797533162558100084, -0.8250000000000001776 ) ) ;
#2995 = ORIENTED_EDGE ( 'NONE', *, *, #4913, .F. ) ;
#2996 = EDGE_CURVE ( 'NONE', #2059, #4891, #4454, .T. ) ;
#2997 = VECTOR ( 'NONE', #2568, 1000.000000000000000 ) ;
#2998 = PRESENTATION_LAYER_ASSIGNMENT (  '', '', ( #222 ) ) ;
#2999 = DIRECTION ( 'NONE',  ( -0.000000000000000000, -0.000000000000000000, -1.000000000000000000 ) ) ;
#3000 = LINE ( 'NONE', #6887, #6033 ) ;
#3001 = VECTOR ( 'NONE', #1462, 1000.000000000000227 ) ;
#3002 = ORIENTED_EDGE ( 'NONE', *, *, #4552, .F. ) ;
#3003 = CARTESIAN_POINT ( 'NONE',  ( -1.776161133969892392, 0.7161999999999913991, 1.774999999999999689 ) ) ;
#3004 = VECTOR ( 'NONE', #3789, 1000.000000000000000 ) ;
#3005 = DIRECTION ( 'NONE',  ( 2.306813132947882026E-16, 0.000000000000000000, -1.000000000000000000 ) ) ;
#3006 = ORIENTED_EDGE ( 'NONE', *, *, #25, .F. ) ;
#3007 = CIRCLE ( 'NONE', #7162, 0.1121194534934814163 ) ;
#3008 = CLOSED_SHELL ( 'NONE', ( #972, #5249, #1444, #4705, #474, #7012, #5011, #2348, #906, #5404, #5177, #23, #4442, #895 ) ) ;
#3009 = VERTEX_POINT ( 'NONE', #2809 ) ;
#3010 = VECTOR ( 'NONE', #3284, 1000.000000000000000 ) ;
#3011 = DIRECTION ( 'NONE',  ( -1.000000000000000000, 0.000000000000000000, 0.000000000000000000 ) ) ;
#3012 = ORIENTED_EDGE ( 'NONE', *, *, #6148, .F. ) ;
#3013 = DIRECTION ( 'NONE',  ( -1.000000000000000000, 0.000000000000000000, 0.000000000000000000 ) ) ;
#3014 = COLOUR_RGB ( '',1.000000000000000000, 1.000000000000000000, 1.000000000000000000 ) ;
#3015 = ORIENTED_EDGE ( 'NONE', *, *, #4529, .F. ) ;
#3016 = VERTEX_POINT ( 'NONE', #5526 ) ;
#3017 = VECTOR ( 'NONE', #3819, 1000.000000000000000 ) ;
#3018 = ORIENTED_EDGE ( 'NONE', *, *, #2986, .T. ) ;
#3019 = CARTESIAN_POINT ( 'NONE',  ( -1.886577241033764230, 0.4435498852866789354, -0.4750000000000001443 ) ) ;
#3020 = CARTESIAN_POINT ( 'NONE',  ( -2.097265395542184940, 0.2852566719800450623, 0.4749999999999997558 ) ) ;
#3021 = DIRECTION ( 'NONE',  ( 0.000000000000000000, 0.000000000000000000, 1.000000000000000000 ) ) ;
#3022 = FILL_AREA_STYLE ('',( #5889 ) ) ;
#3023 = EDGE_CURVE ( 'NONE', #6134, #1712, #5870, .T. ) ;
#3024 = ORIENTED_EDGE ( 'NONE', *, *, #1091, .T. ) ;
#3025 = EDGE_LOOP ( 'NONE', ( #6386, #3587, #4336, #4058 ) ) ;
#3026 = CIRCLE ( 'NONE', #3943, 0.2921194534934675735 ) ;
#3027 = LINE ( 'NONE', #5299, #6191 ) ;
#3028 = CARTESIAN_POINT ( 'NONE',  ( 1.886577241033764230, 0.4435498852866788799, -1.475000000000000089 ) ) ;
#3029 = CARTESIAN_POINT ( 'NONE',  ( -1.776161133969892392, 0.4240805465065236035, -0.8250000000000001776 ) ) ;
#3030 = EDGE_CURVE ( 'NONE', #2602, #27, #1470, .T. ) ;
#3031 = AXIS2_PLACEMENT_3D ( 'NONE', #2621, #4860, #2207 ) ;
#3032 = EDGE_CURVE ( 'NONE', #5031, #779, #488, .T. ) ;
#3033 = VERTEX_POINT ( 'NONE', #370 ) ;
#3034 = LINE ( 'NONE', #4212, #4532 ) ;
#3035 = LINE ( 'NONE', #4178, #3453 ) ;
#3036 = LINE ( 'NONE', #2485, #6720 ) ;
#3037 = DIRECTION ( 'NONE',  ( -2.306813132947882026E-16, 0.000000000000000000, 1.000000000000000000 ) ) ;
#3038 = ORIENTED_EDGE ( 'NONE', *, *, #1297, .T. ) ;
#3039 = FACE_OUTER_BOUND ( 'NONE', #1052, .T. ) ;
#3040 = EDGE_CURVE ( 'NONE', #3147, #5962, #5360, .T. ) ;
#3041 = CARTESIAN_POINT ( 'NONE',  ( -1.500000000000001110, 0.7161999999999915101, 1.124999999999999778 ) ) ;
#3042 = VERTEX_POINT ( 'NONE', #4422 ) ;
#3043 = ADVANCED_FACE ( 'NONE', ( #2560 ), #4932, .T. ) ;
#3044 = AXIS2_PLACEMENT_3D ( 'NONE', #6278, #6168, #687 ) ;
#3045 = CARTESIAN_POINT ( 'NONE',  ( 1.500000000000001110, 0.5362000000000048949, 1.474999999999999645 ) ) ;
#3046 = VERTEX_POINT ( 'NONE', #4770 ) ;
#3047 = PLANE ( 'NONE',  #5769 ) ;
#3048 = VECTOR ( 'NONE', #1384, 1000.000000000000000 ) ;
#3049 = EDGE_CURVE ( 'NONE', #3832, #3133, #7160, .T. ) ;
#3050 = DIRECTION ( 'NONE',  ( -0.000000000000000000, -0.000000000000000000, -1.000000000000000000 ) ) ;
#3051 = ORIENTED_EDGE ( 'NONE', *, *, #1125, .T. ) ;
#3052 = VECTOR ( 'NONE', #5069, 1000.000000000000000 ) ;
#3053 = ORIENTED_EDGE ( 'NONE', *, *, #2904, .T. ) ;
#3054 = PRESENTATION_LAYER_ASSIGNMENT (  '', '', ( #2110 ) ) ;
#3055 = DIRECTION ( 'NONE',  ( 0.05233595624293731902, -0.9986295347545742773, 0.000000000000000000 ) ) ;
#3056 = CARTESIAN_POINT ( 'NONE',  ( -2.450000000000000178, 0.1797533162558100084, 1.474999999999999645 ) ) ;
#3057 = VERTEX_POINT ( 'NONE', #2013 ) ;
#3058 = VERTEX_POINT ( 'NONE', #4384 ) ;
#3059 = VECTOR ( 'NONE', #2176, 1000.000000000000000 ) ;
#3060 = LINE ( 'NONE', #882, #6718 ) ;
#3061 = CARTESIAN_POINT ( 'NONE',  ( 2.440579527876272081, -9.062316430720066274E-18, 1.774999999999999689 ) ) ;
#3062 = CARTESIAN_POINT ( 'NONE',  ( 1.776161133969892392, 0.4240805465065236035, -0.4750000000000001443 ) ) ;
#3063 = ORIENTED_EDGE ( 'NONE', *, *, #782, .F. ) ;
#3064 = CARTESIAN_POINT ( 'NONE',  ( -0.7055000000000000160, 0.2999999999999999889, -1.772500000000000409 ) ) ;
#3065 = CARTESIAN_POINT ( 'NONE',  ( 1.776161133969892392, 0.7161999999999913991, 0.4749999999999997558 ) ) ;
#3066 = FILL_AREA_STYLE ('',( #1498 ) ) ;
#3067 = LINE ( 'NONE', #2479, #5812 ) ;
#3068 = ORIENTED_EDGE ( 'NONE', *, *, #1319, .F. ) ;
#3069 = CARTESIAN_POINT ( 'NONE',  ( -1.500000000000001110, 0.7161999999999915101, 1.774999999999999689 ) ) ;
#3070 = ADVANCED_FACE ( 'NONE', ( #6627 ), #3309, .F. ) ;
#3071 = ORIENTED_EDGE ( 'NONE', *, *, #3649, .F. ) ;
#3072 = DIRECTION ( 'NONE',  ( -1.000000000000000000, 0.000000000000000000, -0.000000000000000000 ) ) ;
#3073 = LINE ( 'NONE', #1365, #3712 ) ;
#3074 = CARTESIAN_POINT ( 'NONE',  ( 2.450000000000000178, 0.1797533162558100084, -0.1750000000000002387 ) ) ;
#3075 = VERTEX_POINT ( 'NONE', #9 ) ;
#3076 = DIRECTION ( 'NONE',  ( -0.000000000000000000, -0.000000000000000000, -1.000000000000000000 ) ) ;
#3077 = CARTESIAN_POINT ( 'NONE',  ( 0.8255000000000001226, 0.2999999999999999889, 1.422499999999999876 ) ) ;
#3078 = CARTESIAN_POINT ( 'NONE',  ( -1.500000000000001110, 0.7161999999999915101, 0.8249999999999997335 ) ) ;
#3079 = ORIENTED_EDGE ( 'NONE', *, *, #3176, .F. ) ;
#3080 = CARTESIAN_POINT ( 'NONE',  ( 1.776161133969892392, 0.4240805465065236035, 1.474999999999999645 ) ) ;
#3081 = ORIENTED_EDGE ( 'NONE', *, *, #4703, .F. ) ;
#3082 =( NAMED_UNIT ( * ) PLANE_ANGLE_UNIT ( ) SI_UNIT ( $, .RADIAN. ) );
#3083 = FACE_OUTER_BOUND ( 'NONE', #2675, .T. ) ;
#3084 = DIRECTION ( 'NONE',  ( -0.000000000000000000, 1.000000000000000000, -0.000000000000000000 ) ) ;
#3085 = CARTESIAN_POINT ( 'NONE',  ( 2.192393151670311457, 0.01300689682525807585, 1.774999999999999689 ) ) ;
#3086 = ORIENTED_EDGE ( 'NONE', *, *, #4927, .T. ) ;
#3087 = EDGE_CURVE ( 'NONE', #6993, #153, #6668, .T. ) ;
#3088 = VERTEX_POINT ( 'NONE', #2359 ) ;
#3089 = VECTOR ( 'NONE', #7089, 1000.000000000000000 ) ;
#3090 = SURFACE_STYLE_FILL_AREA ( #880 ) ;
#3091 = ORIENTED_EDGE ( 'NONE', *, *, #3736, .T. ) ;
#3092 = LINE ( 'NONE', #4673, #4953 ) ;
#3093 = LINE ( 'NONE', #731, #6192 ) ;
#3094 = CYLINDRICAL_SURFACE ( 'NONE', #4828, 0.2921194534934675735 ) ;
#3095 = VECTOR ( 'NONE', #4352, 1000.000000000000114 ) ;
#3096 = ORIENTED_EDGE ( 'NONE', *, *, #5278, .T. ) ;
#3097 = DIRECTION ( 'NONE',  ( 1.000000000000000000, 0.000000000000000000, 0.000000000000000000 ) ) ;
#3098 = CARTESIAN_POINT ( 'NONE',  ( 2.440579527876272081, -9.062316430720066274E-18, -0.4750000000000001443 ) ) ;
#3099 = CARTESIAN_POINT ( 'NONE',  ( 2.207681502606056778, 0.3047260107602003942, 0.1749999999999998224 ) ) ;
#3100 = CARTESIAN_POINT ( 'NONE',  ( 0.9454999999999998961, 0.1523999999999999799, -1.772500000000000187 ) ) ;
#3101 = EDGE_LOOP ( 'NONE', ( #6543, #1841, #2613, #2886 ) ) ;
#3102 = DIRECTION ( 'NONE',  ( -0.000000000000000000, 1.000000000000000000, -0.000000000000000000 ) ) ;
#3103 = CARTESIAN_POINT ( 'NONE',  ( -1.150000000000001021, 1.100000000000000089, -1.669500000000007311 ) ) ;
#3104 = CARTESIAN_POINT ( 'NONE',  ( 2.207681502606056778, 0.3047260107602003942, 0.8249999999999997335 ) ) ;
#3105 = DIRECTION ( 'NONE',  ( -0.000000000000000000, 1.000000000000000000, -0.000000000000000000 ) ) ;
#3106 = DIRECTION ( 'NONE',  ( 0.05233595624293731902, -0.9986295347545742773, 0.000000000000000000 ) ) ;
#3107 = ORIENTED_EDGE ( 'NONE', *, *, #2227, .F. ) ;
#3108 =( GEOMETRIC_REPRESENTATION_CONTEXT ( 3 ) GLOBAL_UNCERTAINTY_ASSIGNED_CONTEXT ( ( #1447 ) ) GLOBAL_UNIT_ASSIGNED_CONTEXT ( ( #480, #6038, #6579 ) ) REPRESENTATION_CONTEXT ( 'NONE', 'WORKASPACE' ) );
#3109 = VECTOR ( 'NONE', #255, 1000.000000000000000 ) ;
#3110 = EDGE_CURVE ( 'NONE', #3057, #6897, #3422, .T. ) ;
#3111 = LINE ( 'NONE', #3724, #2929 ) ;
#3112 = ORIENTED_EDGE ( 'NONE', *, *, #5068, .T. ) ;
#3113 = AXIS2_PLACEMENT_3D ( 'NONE', #1650, #3859, #3318 ) ;
#3114 =( NAMED_UNIT ( * ) PLANE_ANGLE_UNIT ( ) SI_UNIT ( $, .RADIAN. ) );
#3115 = LINE ( 'NONE', #3727, #138 ) ;
#3116 = DIRECTION ( 'NONE',  ( 1.000000000000000000, -3.925976682163069868E-16, -0.000000000000000000 ) ) ;
#3117 = ORIENTED_EDGE ( 'NONE', *, *, #5697, .T. ) ;
#3118 = ADVANCED_FACE ( 'NONE', ( #1808 ), #5749, .F. ) ;
#3119 = VECTOR ( 'NONE', #6129, 1000.000000000000000 ) ;
#3120 = ADVANCED_FACE ( 'NONE', ( #6151 ), #3455, .F. ) ;
#3121 = ORIENTED_EDGE ( 'NONE', *, *, #2046, .T. ) ;
#3122 = AXIS2_PLACEMENT_3D ( 'NONE', #6913, #5786, #1927 ) ;
#3123 = VECTOR ( 'NONE', #4654, 1000.000000000000000 ) ;
#3124 = ORIENTED_EDGE ( 'NONE', *, *, #1382, .T. ) ;
#3125 = EDGE_CURVE ( 'NONE', #1684, #2905, #5674, .T. ) ;
#3126 = CARTESIAN_POINT ( 'NONE',  ( 0.9454999999999991189, 0.1523999999999999799, 1.772500000000000631 ) ) ;
#3127 = DIRECTION ( 'NONE',  ( 1.000000000000000000, 0.000000000000000000, 0.000000000000000000 ) ) ;
#3128 = EDGE_CURVE ( 'NONE', #609, #6993, #2952, .T. ) ;
#3129 = EDGE_CURVE ( 'NONE', #6313, #4562, #4559, .T. ) ;
#3130 = VERTEX_POINT ( 'NONE', #6189 ) ;
#3131 = VECTOR ( 'NONE', #6961, 1000.000000000000000 ) ;
#3132 = AXIS2_PLACEMENT_3D ( 'NONE', #2185, #5415, #5496 ) ;
#3133 = VERTEX_POINT ( 'NONE', #2883 ) ;
#3134 = CARTESIAN_POINT ( 'NONE',  ( 2.207681502606056778, 0.3047260107602003942, 1.124999999999999778 ) ) ;
#3135 = DIRECTION ( 'NONE',  ( -0.1039620511844946416, 0.9891328443778545365, 0.1039620511844940726 ) ) ;
#3136 = CARTESIAN_POINT ( 'NONE',  ( 2.207681502606056778, 0.3047260107602003942, -0.4750000000000001443 ) ) ;
#3137 = CARTESIAN_POINT ( 'NONE',  ( 2.063842636575948575, 0.4748065572667239942, 0.4749999999999997558 ) ) ;
#3138 = CARTESIAN_POINT ( 'NONE',  ( 2.440579527876272081, -9.062316430720066274E-18, 1.474999999999999645 ) ) ;
#3139 = EDGE_LOOP ( 'NONE', ( #6826, #3301, #1389, #2694, #6894, #6862, #7022, #5199, #2494, #594, #5448, #6488 ) ) ;
#3140 = DIRECTION ( 'NONE',  ( -1.000000000000000000, 0.000000000000000000, 0.000000000000000000 ) ) ;
#3141 = FACE_OUTER_BOUND ( 'NONE', #1058, .T. ) ;
#3142 = LINE ( 'NONE', #939, #4042 ) ;
#3143 = AXIS2_PLACEMENT_3D ( 'NONE', #6881, #2442, #4208 ) ;
#3144 = ORIENTED_EDGE ( 'NONE', *, *, #3208, .T. ) ;
#3145 = DIRECTION ( 'NONE',  ( 0.05233595624293691656, 0.9986295347545742773, -0.000000000000000000 ) ) ;
#3146 = CARTESIAN_POINT ( 'NONE',  ( -2.192393151670311457, 0.01300689682525818514, 0.4749999999999997558 ) ) ;
#3147 = VERTEX_POINT ( 'NONE', #2324 ) ;
#3148 = AXIS2_PLACEMENT_3D ( 'NONE', #4233, #1321, #2982 ) ;
#3149 = FILL_AREA_STYLE ('',( #2603 ) ) ;
#3150 = DIRECTION ( 'NONE',  ( -1.000000000000000000, -3.925976682163069868E-16, -0.000000000000000000 ) ) ;
#3151 = PLANE ( 'NONE',  #6533 ) ;
#3152 = ORIENTED_EDGE ( 'NONE', *, *, #3550, .T. ) ;
#3153 = EDGE_CURVE ( 'NONE', #658, #3395, #4523, .T. ) ;
#3154 = DIRECTION ( 'NONE',  ( 0.9986295347545742773, 0.05233595624293797821, -0.000000000000000000 ) ) ;
#3155 = ORIENTED_EDGE ( 'NONE', *, *, #6724, .T. ) ;
#3157 = ADVANCED_FACE ( 'NONE', ( #6222 ), #6838, .F. ) ;
#3156 = VECTOR ( 'NONE', #6126, 1000.000000000000000 ) ;
#3158 = VERTEX_POINT ( 'NONE', #234 ) ;
#3159 = CARTESIAN_POINT ( 'NONE',  ( 0.9454999999999997851, 0.2999999999999999889, -1.302500000000000213 ) ) ;
#3160 = FACE_OUTER_BOUND ( 'NONE', #1241, .T. ) ;
#3161 = VECTOR ( 'NONE', #4564, 1000.000000000000000 ) ;
#3162 = VERTEX_POINT ( 'NONE', #2433 ) ;
#3163 = AXIS2_PLACEMENT_3D ( 'NONE', #1906, #5768, #803 ) ;
#3164 = EDGE_LOOP ( 'NONE', ( #5172, #1191, #5701, #6928 ) ) ;
#3165 = EDGE_CURVE ( 'NONE', #5367, #7109, #1919, .T. ) ;
#3166 = ORIENTED_EDGE ( 'NONE', *, *, #4668, .F. ) ;
#3167 = CARTESIAN_POINT ( 'NONE',  ( 1.500000000000001110, 0.7161999999999915101, 1.774999999999999689 ) ) ;
#3168 = DIRECTION ( 'NONE',  ( 1.000000000000000000, 3.925976682163069868E-16, 0.000000000000000000 ) ) ;
#3169 = CIRCLE ( 'NONE', #4541, 0.2921194534934675735 ) ;
#3170 = DIRECTION ( 'NONE',  ( -1.000000000000000000, 0.000000000000000000, -0.000000000000000000 ) ) ;
#3171 =( LENGTH_UNIT ( ) NAMED_UNIT ( * ) SI_UNIT ( .MILLI., .METRE. ) );
#3172 = CARTESIAN_POINT ( 'NONE',  ( -2.207681502606056778, 0.3047260107602003942, 1.474999999999999645 ) ) ;
#3173 = EDGE_CURVE ( 'NONE', #5271, #2369, #6436, .T. ) ;
#3174 = LINE ( 'NONE', #891, #3346 ) ;
#3175 = VECTOR ( 'NONE', #5135, 1000.000000000000000 ) ;
#3176 = EDGE_CURVE ( 'NONE', #4918, #954, #2507, .T. ) ;
#3177 = ORIENTED_EDGE ( 'NONE', *, *, #2678, .F. ) ;
#3178 = ADVANCED_FACE ( 'NONE', ( #922 ), #1354, .F. ) ;
#3179 = CARTESIAN_POINT ( 'NONE',  ( -2.097265395542184940, 0.2852566719800452288, -0.8250000000000001776 ) ) ;
#3180 = DIRECTION ( 'NONE',  ( 1.000000000000000000, 0.000000000000000000, 0.000000000000000000 ) ) ;
#3181 = DIRECTION ( 'NONE',  ( 0.1736481776669313581, -0.9848077530122079093, 0.000000000000000000 ) ) ;
#3182 = VERTEX_POINT ( 'NONE', #5263 ) ;
#3183 = EDGE_LOOP ( 'NONE', ( #6464, #4871, #2469, #6215 ) ) ;
#3184 = DIRECTION ( 'NONE',  ( -0.000000000000000000, -0.000000000000000000, -1.000000000000000000 ) ) ;
#3185 = ORIENTED_EDGE ( 'NONE', *, *, #3302, .T. ) ;
#3186 = CARTESIAN_POINT ( 'NONE',  ( 0.8255000000000001226, 0.1523999999999999799, -1.302500000000000213 ) ) ;
#3187 = CARTESIAN_POINT ( 'NONE',  ( 0.000000000000000000, 0.1523999999999999799, 1.979160994505027249 ) ) ;
#3188 = CARTESIAN_POINT ( 'NONE',  ( -2.440579527876272081, -9.062316430720066274E-18, 0.8249999999999997335 ) ) ;
#3189 = LINE ( 'NONE', #5395, #1098 ) ;
#3190 = VERTEX_POINT ( 'NONE', #4789 ) ;
#3191 = UNCERTAINTY_MEASURE_WITH_UNIT (LENGTH_MEASURE( 1.000000000000000082E-05 ), #3774, 'distance_accuracy_value', 'NONE');
#3192 = ORIENTED_EDGE ( 'NONE', *, *, #3995, .T. ) ;
#3193 = ORIENTED_EDGE ( 'NONE', *, *, #7154, .T. ) ;
#3194 = FACE_OUTER_BOUND ( 'NONE', #1016, .T. ) ;
#3195 = CARTESIAN_POINT ( 'NONE',  ( 1.776161133969892392, 0.7161999999999913991, 0.1749999999999998224 ) ) ;
#3196 = ORIENTED_EDGE ( 'NONE', *, *, #4921, .F. ) ;
#3197 = VERTEX_POINT ( 'NONE', #388 ) ;
#3198 = PLANE ( 'NONE',  #1373 ) ;
#3199 = ORIENTED_EDGE ( 'NONE', *, *, #1779, .F. ) ;
#3200 = AXIS2_PLACEMENT_3D ( 'NONE', #3449, #876, #1905 ) ;
#3201 = EDGE_CURVE ( 'NONE', #5396, #1482, #4752, .T. ) ;
#3202 = VERTEX_POINT ( 'NONE', #883 ) ;
#3203 = DIRECTION ( 'NONE',  ( -0.000000000000000000, 1.000000000000000000, -0.000000000000000000 ) ) ;
#3204 = LINE ( 'NONE', #5373, #6299 ) ;
#3205 = LINE ( 'NONE', #6441, #5554 ) ;
#3206 = CARTESIAN_POINT ( 'NONE',  ( -2.192393151670311457, 0.01300689682525807585, -1.475000000000000089 ) ) ;
#3207 = AXIS2_PLACEMENT_3D ( 'NONE', #4892, #2245, #1070 ) ;
#3208 = EDGE_CURVE ( 'NONE', #272, #2447, #4712, .T. ) ;
#3209 = EDGE_CURVE ( 'NONE', #2028, #844, #6873, .T. ) ;
#3210 = FILL_AREA_STYLE ('',( #4213 ) ) ;
#3211 = CARTESIAN_POINT ( 'NONE',  ( -2.097265395542184940, 0.2852566719800450623, -1.475000000000000089 ) ) ;
#3212 = EDGE_LOOP ( 'NONE', ( #7155, #1030, #1166, #765 ) ) ;
#3213 = CARTESIAN_POINT ( 'NONE',  ( -0.7055000000000006821, 0.1523999999999999799, 1.422499999999999876 ) ) ;
#3214 = ORIENTED_EDGE ( 'NONE', *, *, #5927, .T. ) ;
#3215 = EDGE_CURVE ( 'NONE', #6719, #1085, #3556, .T. ) ;
#3216 = EDGE_CURVE ( 'NONE', #4757, #1159, #6404, .T. ) ;
#3217 = ADVANCED_FACE ( 'NONE', ( #4124 ), #6907, .T. ) ;
#3218 = DIRECTION ( 'NONE',  ( -0.000000000000000000, -0.000000000000000000, -1.000000000000000000 ) ) ;
#3219 = ORIENTED_EDGE ( 'NONE', *, *, #780, .F. ) ;
#3220 = CARTESIAN_POINT ( 'NONE',  ( 2.207681502606056778, 0.3047260107602003942, 1.124999999999999778 ) ) ;
#3221 = VECTOR ( 'NONE', #3973, 1000.000000000000000 ) ;
#3222 = ORIENTED_EDGE ( 'NONE', *, *, #4306, .F. ) ;
#3223 = DIRECTION ( 'NONE',  ( 1.000000000000000000, 0.000000000000000000, 0.000000000000000000 ) ) ;
#3224 = ORIENTED_EDGE ( 'NONE', *, *, #6712, .F. ) ;
#3226 = EDGE_LOOP ( 'NONE', ( #4889, #6785, #4059, #3002 ) ) ;
#3225 = VECTOR ( 'NONE', #2026, 1000.000000000000000 ) ;
#3227 = VERTEX_POINT ( 'NONE', #3594 ) ;
#3228 = DIRECTION ( 'NONE',  ( 0.000000000000000000, 0.000000000000000000, 1.000000000000000000 ) ) ;
#3229 = FACE_OUTER_BOUND ( 'NONE', #4153, .T. ) ;
#3230 = EDGE_LOOP ( 'NONE', ( #914, #4388, #158, #2253 ) ) ;
#3231 = CARTESIAN_POINT ( 'NONE',  ( -2.192393151670311457, 0.01300689682525807585, 1.124999999999999778 ) ) ;
#3232 = VECTOR ( 'NONE', #7053, 1000.000000000000000 ) ;
#3233 = VERTEX_POINT ( 'NONE', #5817 ) ;
#3234 = ORIENTED_EDGE ( 'NONE', *, *, #6722, .T. ) ;
#3235 = CARTESIAN_POINT ( 'NONE',  ( -2.450000000000000178, 0.1797533162558100084, -1.475000000000000089 ) ) ;
#3236 = DIRECTION ( 'NONE',  ( -0.000000000000000000, -0.000000000000000000, -1.000000000000000000 ) ) ;
#3237 = LINE ( 'NONE', #4418, #3398 ) ;
#3238 = CARTESIAN_POINT ( 'NONE',  ( 1.500000000000001110, 0.7161999999999915101, 1.774999999999999689 ) ) ;
#3239 = CARTESIAN_POINT ( 'NONE',  ( -0.7055000000000003491, 0.2999999999999999889, -1.627456665294731038E-16 ) ) ;
#3240 = EDGE_CURVE ( 'NONE', #4590, #374, #851, .T. ) ;
#3241 = CIRCLE ( 'NONE', #122, 0.1121194534934809861 ) ;
#3242 = ORIENTED_EDGE ( 'NONE', *, *, #3426, .T. ) ;
#3243 = ORIENTED_EDGE ( 'NONE', *, *, #3952, .T. ) ;
#3244 = CARTESIAN_POINT ( 'NONE',  ( -2.192393151670311457, 0.01300689682525818514, 1.124999999999999778 ) ) ;
#3245 = CARTESIAN_POINT ( 'NONE',  ( 2.207681502606056778, 0.3047260107602003942, 1.774999999999999689 ) ) ;
#3246 = EDGE_CURVE ( 'NONE', #368, #3765, #3093, .T. ) ;
#3247 = VECTOR ( 'NONE', #2561, 1000.000000000000000 ) ;
#3248 = FACE_OUTER_BOUND ( 'NONE', #6840, .T. ) ;
#3249 = VERTEX_POINT ( 'NONE', #149 ) ;
#3250 = DIRECTION ( 'NONE',  ( -1.000000000000000000, 0.000000000000000000, 0.000000000000000000 ) ) ;
#3251 = VERTEX_POINT ( 'NONE', #799 ) ;
#3252 = VECTOR ( 'NONE', #6740, 1000.000000000000000 ) ;
#3253 = CARTESIAN_POINT ( 'NONE',  ( 2.440579527876272081, -9.062316430720066274E-18, 1.124999999999999778 ) ) ;
#3254 = EDGE_CURVE ( 'NONE', #6590, #6437, #6892, .T. ) ;
#3255 = ORIENTED_EDGE ( 'NONE', *, *, #566, .F. ) ;
#3256 = LINE ( 'NONE', #2706, #7085 ) ;
#3257 = EDGE_LOOP ( 'NONE', ( #7178, #5413, #6621, #103 ) ) ;
#3258 = CARTESIAN_POINT ( 'NONE',  ( -2.207681502606056778, 0.3047260107602003942, -1.475000000000000089 ) ) ;
#3259 = DIRECTION ( 'NONE',  ( 1.000000000000000000, -0.000000000000000000, 0.000000000000000000 ) ) ;
#3260 = ORIENTED_EDGE ( 'NONE', *, *, #5830, .F. ) ;
#3261 = ADVANCED_FACE ( 'NONE', ( #1268 ), #4080, .T. ) ;
#3262 = CARTESIAN_POINT ( 'NONE',  ( 0.8255000000000001226, 0.1523999999999999799, 1.302500000000000657 ) ) ;
#3263 = AXIS2_PLACEMENT_3D ( 'NONE', #2653, #1139, #6043 ) ;
#3264 = ORIENTED_EDGE ( 'NONE', *, *, #4535, .T. ) ;
#3265 = EDGE_CURVE ( 'NONE', #2428, #5511, #1204, .T. ) ;
#3266 = ORIENTED_EDGE ( 'NONE', *, *, #1944, .T. ) ;
#3267 = EDGE_LOOP ( 'NONE', ( #5326, #5492, #6001, #2027 ) ) ;
#3268 = CYLINDRICAL_SURFACE ( 'NONE', #3835, 0.1749999999999998224 ) ;
#3269 = VECTOR ( 'NONE', #4572, 1000.000000000000000 ) ;
#3270 = CARTESIAN_POINT ( 'NONE',  ( 2.450000000000000178, 0.1797533162558100084, -0.1750000000000002387 ) ) ;
#3271 = ORIENTED_EDGE ( 'NONE', *, *, #6245, .F. ) ;
#3272 = VECTOR ( 'NONE', #485, 1000.000000000000000 ) ;
#3273 = CARTESIAN_POINT ( 'NONE',  ( 2.440579527876272081, -9.062316430720066274E-18, 0.1749999999999998224 ) ) ;
#3274 = CARTESIAN_POINT ( 'NONE',  ( -2.097265395542184940, 0.2852566719800450623, 0.4749999999999997558 ) ) ;
#3275 = CARTESIAN_POINT ( 'NONE',  ( 2.207681502606056778, 0.3047260107602003942, -1.475000000000000089 ) ) ;
#3276 = AXIS2_PLACEMENT_3D ( 'NONE', #1263, #6754, #5132 ) ;
#3277 = DIRECTION ( 'NONE',  ( -0.000000000000000000, 1.000000000000000000, -0.000000000000000000 ) ) ;
#3278 = CARTESIAN_POINT ( 'NONE',  ( -1.776161133969892392, 0.4240805465065236035, -1.775000000000000133 ) ) ;
#3279 = VECTOR ( 'NONE', #4767, 1000.000000000000000 ) ;
#3280 = CIRCLE ( 'NONE', #3852, 0.2921194534934677955 ) ;
#3281 = ORIENTED_EDGE ( 'NONE', *, *, #6580, .F. ) ;
#3282 = CARTESIAN_POINT ( 'NONE',  ( 2.440579527876272081, -9.062316430720066274E-18, 0.4749999999999997558 ) ) ;
#3283 = PLANE ( 'NONE',  #6652 ) ;
#3284 = DIRECTION ( 'NONE',  ( -2.306813132947882026E-16, 0.000000000000000000, 1.000000000000000000 ) ) ;
#3285 = FACE_OUTER_BOUND ( 'NONE', #1287, .T. ) ;
#3286 = EDGE_LOOP ( 'NONE', ( #5518, #2437, #6690, #2761 ) ) ;
#3287 = FACE_OUTER_BOUND ( 'NONE', #2150, .T. ) ;
#3288 = DIRECTION ( 'NONE',  ( -0.1039620511844944889, 0.9891328443778546475, -0.1039620511844939338 ) ) ;
#3289 = VERTEX_POINT ( 'NONE', #187 ) ;
#3290 = VECTOR ( 'NONE', #4437, 1000.000000000000000 ) ;
#3291 = ADVANCED_FACE ( 'NONE', ( #5739 ), #1344, .F. ) ;
#3292 = DIRECTION ( 'NONE',  ( 0.000000000000000000, 0.000000000000000000, 1.000000000000000000 ) ) ;
#3293 = ADVANCED_FACE ( 'NONE', ( #2458 ), #4662, .F. ) ;
#3294 = ORIENTED_EDGE ( 'NONE', *, *, #3728, .F. ) ;
#3295 = ORIENTED_EDGE ( 'NONE', *, *, #5977, .F. ) ;
#3296 = EDGE_CURVE ( 'NONE', #1307, #3782, #6758, .T. ) ;
#3297 = EDGE_CURVE ( 'NONE', #2452, #1993, #1836, .T. ) ;
#3298 = ORIENTED_EDGE ( 'NONE', *, *, #3481, .F. ) ;
#3299 = DIRECTION ( 'NONE',  ( -0.000000000000000000, -0.000000000000000000, -1.000000000000000000 ) ) ;
#3300 = FACE_OUTER_BOUND ( 'NONE', #2567, .T. ) ;
#3301 = ORIENTED_EDGE ( 'NONE', *, *, #1694, .F. ) ;
#3302 = EDGE_CURVE ( 'NONE', #2193, #3158, #5101, .T. ) ;
#3303 = VERTEX_POINT ( 'NONE', #6246 ) ;
#3304 = EDGE_LOOP ( 'NONE', ( #4468, #3617, #645, #568 ) ) ;
#3305 = CARTESIAN_POINT ( 'NONE',  ( -1.776161133969892392, 0.5362000000000050060, 1.774999999999999689 ) ) ;
#3306 = CARTESIAN_POINT ( 'NONE',  ( -1.500000000000001110, 0.5362000000000048949, -0.8250000000000001776 ) ) ;
#3307 = DIRECTION ( 'NONE',  ( -1.000000000000000000, 0.000000000000000000, 0.000000000000000000 ) ) ;
#3308 = CARTESIAN_POINT ( 'NONE',  ( 1.500000000000001110, 0.7161999999999915101, -0.8250000000000001776 ) ) ;
#3309 = PLANE ( 'NONE',  #5958 ) ;
#3310 = VERTEX_POINT ( 'NONE', #4043 ) ;
#3311 = ORIENTED_EDGE ( 'NONE', *, *, #4843, .T. ) ;
#3312 = LINE ( 'NONE', #5528, #3778 ) ;
#3313 = CARTESIAN_POINT ( 'NONE',  ( -0.7055000000000006821, 0.1523999999999999799, 1.422499999999999876 ) ) ;
#3314 = VECTOR ( 'NONE', #1566, 1000.000000000000000 ) ;
#3315 = DIRECTION ( 'NONE',  ( 0.000000000000000000, 1.000000000000000000, 0.000000000000000000 ) ) ;
#3316 = DIRECTION ( 'NONE',  ( 0.9986295347545742773, 0.05233595624293731902, 0.000000000000000000 ) ) ;
#3317 = ORIENTED_EDGE ( 'NONE', *, *, #5380, .T. ) ;
#3318 = DIRECTION ( 'NONE',  ( 1.000000000000000000, 0.000000000000000000, 0.000000000000000000 ) ) ;
#3319 = ORIENTED_EDGE ( 'NONE', *, *, #790, .T. ) ;
#3320 = CARTESIAN_POINT ( 'NONE',  ( -2.192393151670311457, 0.01300689682525818514, -1.475000000000000089 ) ) ;
#3321 = EDGE_LOOP ( 'NONE', ( #6865, #6660, #1584, #5162 ) ) ;
#3322 = PRESENTATION_STYLE_ASSIGNMENT (( #3898 ) ) ;
#3323 = SURFACE_STYLE_USAGE ( .BOTH. , #4435 ) ;
#3324 = ORIENTED_EDGE ( 'NONE', *, *, #107, .T. ) ;
#3325 = LINE ( 'NONE', #2789, #5470 ) ;
#3326 = DIRECTION ( 'NONE',  ( 0.000000000000000000, -1.000000000000000000, 0.000000000000000000 ) ) ;
#3327 = ORIENTED_EDGE ( 'NONE', *, *, #3352, .T. ) ;
#3328 = ADVANCED_FACE ( 'NONE', ( #4509 ), #5065, .T. ) ;
#3329 = VECTOR ( 'NONE', #6966, 1000.000000000000000 ) ;
#3330 = ORIENTED_EDGE ( 'NONE', *, *, #3216, .T. ) ;
#3331 = CARTESIAN_POINT ( 'NONE',  ( -2.063842636575949019, 0.4748065572667242162, 0.1749999999999998224 ) ) ;
#3332 = EDGE_CURVE ( 'NONE', #1993, #3607, #1797, .T. ) ;
#3333 = CYLINDRICAL_SURFACE ( 'NONE', #6996, 0.2921194534934675735 ) ;
#3334 = EDGE_LOOP ( 'NONE', ( #2812, #2065, #6390, #3091 ) ) ;
#3335 = ORIENTED_EDGE ( 'NONE', *, *, #6698, .T. ) ;
#3336 = DIRECTION ( 'NONE',  ( 0.000000000000000000, 0.000000000000000000, 1.000000000000000000 ) ) ;
#3337 = EDGE_CURVE ( 'NONE', #2594, #585, #4110, .T. ) ;
#3338 = VECTOR ( 'NONE', #1776, 1000.000000000000000 ) ;
#3339 = PRESENTATION_LAYER_ASSIGNMENT (  '', '', ( #802 ) ) ;
#3340 = EDGE_LOOP ( 'NONE', ( #5567, #4229, #2576, #4649 ) ) ;
#3341 = ORIENTED_EDGE ( 'NONE', *, *, #4089, .T. ) ;
#3342 = DIRECTION ( 'NONE',  ( -0.1736481776669313026, -0.9848077530122080203, -0.000000000000000000 ) ) ;
#3343 = LINE ( 'NONE', #2355, #631 ) ;
#3344 = EDGE_CURVE ( 'NONE', #5811, #6522, #1938, .T. ) ;
#3345 = VECTOR ( 'NONE', #508, 1000.000000000000000 ) ;
#3346 = VECTOR ( 'NONE', #421, 1000.000000000000114 ) ;
#3347 = ADVANCED_FACE ( 'NONE', ( #984 ), #373, .T. ) ;
#3348 = DIRECTION ( 'NONE',  ( -0.05233595624293691656, 0.9986295347545742773, 0.000000000000000000 ) ) ;
#3349 = DIRECTION ( 'NONE',  ( 0.05233595624293796433, 0.9986295347545741663, 0.000000000000000000 ) ) ;
#3350 = FACE_OUTER_BOUND ( 'NONE', #4847, .T. ) ;
#3351 = FACE_OUTER_BOUND ( 'NONE', #5954, .T. ) ;
#3352 = EDGE_CURVE ( 'NONE', #2594, #2221, #6645, .T. ) ;
#3353 = CLOSED_SHELL ( 'NONE', ( #5924, #1909, #1833, #4987, #3641, #3650, #3386, #2272, #3157, #3376, #14, #295, #1394, #597 ) ) ;
#3354 = EDGE_LOOP ( 'NONE', ( #2583, #846, #5371, #3743 ) ) ;
#3355 = VECTOR ( 'NONE', #2818, 1000.000000000000000 ) ;
#3356 = DIRECTION ( 'NONE',  ( 0.000000000000000000, 0.000000000000000000, 1.000000000000000000 ) ) ;
#3357 = EDGE_CURVE ( 'NONE', #5959, #1684, #7099, .T. ) ;
#3358 = DIRECTION ( 'NONE',  ( 1.000000000000000000, 3.925976682163069868E-16, 0.000000000000000000 ) ) ;
#3359 = PLANE ( 'NONE',  #1280 ) ;
#3360 = ORIENTED_EDGE ( 'NONE', *, *, #5654, .F. ) ;
#3361 = CYLINDRICAL_SURFACE ( 'NONE', #6601, 0.2921194534934677955 ) ;
#3362 = AXIS2_PLACEMENT_3D ( 'NONE', #2674, #2157, #3763 ) ;
#3363 = VECTOR ( 'NONE', #5290, 1000.000000000000000 ) ;
#3364 = DIRECTION ( 'NONE',  ( -0.000000000000000000, -0.000000000000000000, -1.000000000000000000 ) ) ;
#3365 = VERTEX_POINT ( 'NONE', #6453 ) ;
#3366 = AXIS2_PLACEMENT_3D ( 'NONE', #4567, #3967, #682 ) ;
#3367 = DIRECTION ( 'NONE',  ( -1.000000000000000000, 3.925976682163069868E-16, 0.000000000000000000 ) ) ;
#3368 =( NAMED_UNIT ( * ) SI_UNIT ( $, .STERADIAN. ) SOLID_ANGLE_UNIT ( ) );
#3369 = LINE ( 'NONE', #5617, #2083 ) ;
#3370 = ORIENTED_EDGE ( 'NONE', *, *, #2672, .F. ) ;
#3371 = PLANE ( 'NONE',  #3474 ) ;
#3372 = EDGE_LOOP ( 'NONE', ( #2907, #2353, #1593, #7114 ) ) ;
#3373 = DIRECTION ( 'NONE',  ( 1.000000000000000000, -0.000000000000000000, 0.000000000000000000 ) ) ;
#3374 = VECTOR ( 'NONE', #5951, 1000.000000000000000 ) ;
#3375 = EDGE_LOOP ( 'NONE', ( #4415, #6820, #5059, #2344 ) ) ;
#3376 = ADVANCED_FACE ( 'NONE', ( #7033 ), #1474, .F. ) ;
#3377 = DIRECTION ( 'NONE',  ( -0.000000000000000000, -0.000000000000000000, -1.000000000000000000 ) ) ;
#3378 = VECTOR ( 'NONE', #4786, 1000.000000000000114 ) ;
#3379 = CARTESIAN_POINT ( 'NONE',  ( -1.886577241033764230, 0.4435498852866788799, -0.1750000000000002387 ) ) ;
#3380 = CARTESIAN_POINT ( 'NONE',  ( -1.886577241033764230, 0.4435498852866789354, 0.1749999999999998224 ) ) ;
#3381 = ADVANCED_FACE ( 'NONE', ( #840 ), #6428, .F. ) ;
#3382 = EDGE_LOOP ( 'NONE', ( #1082, #5438, #6175, #4474 ) ) ;
#3383 = ORIENTED_EDGE ( 'NONE', *, *, #6176, .T. ) ;
#3384 = DIRECTION ( 'NONE',  ( -0.000000000000000000, -0.000000000000000000, -1.000000000000000000 ) ) ;
#3385 = DIRECTION ( 'NONE',  ( -1.000000000000000000, 0.000000000000000000, 0.000000000000000000 ) ) ;
#3386 = ADVANCED_FACE ( 'NONE', ( #331 ), #4735, .F. ) ;
#3387 = LINE ( 'NONE', #2283, #625 ) ;
#3388 = DIRECTION ( 'NONE',  ( -1.000000000000000000, 0.000000000000000000, 0.000000000000000000 ) ) ;
#3389 = DIRECTION ( 'NONE',  ( 1.000000000000000000, 0.000000000000000000, 0.000000000000000000 ) ) ;
#3390 =( NAMED_UNIT ( * ) PLANE_ANGLE_UNIT ( ) SI_UNIT ( $, .RADIAN. ) );
#3391 = ADVANCED_FACE ( 'NONE', ( #5843 ), #1979, .F. ) ;
#3392 = VERTEX_POINT ( 'NONE', #6927 ) ;
#3393 = VECTOR ( 'NONE', #3936, 1000.000000000000000 ) ;
#3394 = VERTEX_POINT ( 'NONE', #3045 ) ;
#3395 = VERTEX_POINT ( 'NONE', #2492 ) ;
#3396 = CARTESIAN_POINT ( 'NONE',  ( -1.776161133969892392, 0.5362000000000050060, -0.8250000000000001776 ) ) ;
#3397 = DIRECTION ( 'NONE',  ( -6.920439398843643121E-16, 0.000000000000000000, 1.000000000000000000 ) ) ;
#3398 = VECTOR ( 'NONE', #2138, 1000.000000000000000 ) ;
#3399 = EDGE_CURVE ( 'NONE', #4292, #5152, #1511, .T. ) ;
#3400 = CARTESIAN_POINT ( 'NONE',  ( -1.776161133969892392, 0.5362000000000050060, 0.4749999999999997558 ) ) ;
#3401 = DIRECTION ( 'NONE',  ( 1.000000000000000000, -3.925976682163069868E-16, -0.000000000000000000 ) ) ;
#3402 = VECTOR ( 'NONE', #930, 1000.000000000000000 ) ;
#3403 = EDGE_LOOP ( 'NONE', ( #2962, #2475, #3962, #5461, #3255, #1223, #3219, #2041, #2076, #6496, #4579, #4405 ) ) ;
#3404 = AXIS2_PLACEMENT_3D ( 'NONE', #5365, #2753, #5513 ) ;
#3405 = ADVANCED_FACE ( 'NONE', ( #6965 ), #4147, .T. ) ;
#3406 = DIRECTION ( 'NONE',  ( -0.000000000000000000, -0.000000000000000000, -1.000000000000000000 ) ) ;
#3407 =( NAMED_UNIT ( * ) PLANE_ANGLE_UNIT ( ) SI_UNIT ( $, .RADIAN. ) );
#3408 = VECTOR ( 'NONE', #6045, 1000.000000000000000 ) ;
#3409 = DIRECTION ( 'NONE',  ( 1.000000000000000000, 3.925976682163069868E-16, 0.000000000000000000 ) ) ;
#3410 = VERTEX_POINT ( 'NONE', #945 ) ;
#3411 = CARTESIAN_POINT ( 'NONE',  ( 0.000000000000000000, 0.1523999999999999799, -1.302500000000000213 ) ) ;
#3412 = EDGE_LOOP ( 'NONE', ( #4658, #549, #2928, #2022 ) ) ;
#3413 = DIRECTION ( 'NONE',  ( 2.306813132947881040E-16, 0.000000000000000000, 1.000000000000000000 ) ) ;
#3414 = DIRECTION ( 'NONE',  ( -0.000000000000000000, -0.000000000000000000, -1.000000000000000000 ) ) ;
#3415 = ORIENTED_EDGE ( 'NONE', *, *, #3684, .T. ) ;
#3416 = LINE ( 'NONE', #634, #1826 ) ;
#3417 = CARTESIAN_POINT ( 'NONE',  ( -2.097265395542184940, 0.2852566719800450623, -0.1750000000000002387 ) ) ;
#3418 = ORIENTED_EDGE ( 'NONE', *, *, #5421, .F. ) ;
#3419 = VERTEX_POINT ( 'NONE', #5912 ) ;
#3420 = DIRECTION ( 'NONE',  ( 0.9986295347545742773, -0.05233595624293691656, 0.000000000000000000 ) ) ;
#3421 = LINE ( 'NONE', #644, #5585 ) ;
#3422 = LINE ( 'NONE', #1708, #6659 ) ;
#3423 = CARTESIAN_POINT ( 'NONE',  ( 0.9454999999999997851, 0.2999999999999999889, -1.302500000000000213 ) ) ;
#3424 = DIRECTION ( 'NONE',  ( 0.000000000000000000, 0.000000000000000000, 1.000000000000000000 ) ) ;
#3425 = LINE ( 'NONE', #5020, #1724 ) ;
#3426 = EDGE_CURVE ( 'NONE', #5504, #1342, #3111, .T. ) ;
#3427 = ORIENTED_EDGE ( 'NONE', *, *, #1423, .F. ) ;
#3428 = ORIENTED_EDGE ( 'NONE', *, *, #3871, .F. ) ;
#3429 = ADVANCED_FACE ( 'NONE', ( #6392 ), #6998, .T. ) ;
#3430 = VECTOR ( 'NONE', #887, 1000.000000000000114 ) ;
#3431 = PLANE ( 'NONE',  #6179 ) ;
#3432 = ORIENTED_EDGE ( 'NONE', *, *, #2440, .T. ) ;
#3433 = SURFACE_STYLE_FILL_AREA ( #6204 ) ;
#3434 = ORIENTED_EDGE ( 'NONE', *, *, #690, .F. ) ;
#3435 = ADVANCED_FACE ( 'NONE', ( #4838 ), #1903, .F. ) ;
#3436 = DIRECTION ( 'NONE',  ( 2.306813132947881040E-16, 0.000000000000000000, -1.000000000000000000 ) ) ;
#3437 = DIRECTION ( 'NONE',  ( -0.9986295347545742773, 0.05233595624293731902, 0.000000000000000000 ) ) ;
#3438 = ORIENTED_EDGE ( 'NONE', *, *, #2860, .F. ) ;
#3439 = VECTOR ( 'NONE', #1186, 1000.000000000000000 ) ;
#3440 = CARTESIAN_POINT ( 'NONE',  ( 0.8255000000000001226, 0.2999999999999999889, 1.422499999999999876 ) ) ;
#3441 = VERTEX_POINT ( 'NONE', #5422 ) ;
#3442 = CARTESIAN_POINT ( 'NONE',  ( -2.440579527876272081, -9.062316430720066274E-18, 0.8249999999999997335 ) ) ;
#3443 = ORIENTED_EDGE ( 'NONE', *, *, #378, .F. ) ;
#3444 = VERTEX_POINT ( 'NONE', #4294 ) ;
#3445 = DIRECTION ( 'NONE',  ( -2.306813132947881040E-16, 0.000000000000000000, 1.000000000000000000 ) ) ;
#3446 = CARTESIAN_POINT ( 'NONE',  ( 1.776161133969892392, 0.4240805465065236035, 0.4749999999999997558 ) ) ;
#3447 = ORIENTED_EDGE ( 'NONE', *, *, #2910, .F. ) ;
#3448 = ORIENTED_EDGE ( 'NONE', *, *, #4228, .F. ) ;
#3449 = CARTESIAN_POINT ( 'NONE',  ( -1.776161133969892392, 0.4240805465065236035, 0.1749999999999998224 ) ) ;
#3450 = CARTESIAN_POINT ( 'NONE',  ( 0.9454999999999997851, 0.1523999999999999799, -1.302500000000000213 ) ) ;
#3451 = DIRECTION ( 'NONE',  ( 1.000000000000000000, 0.000000000000000000, 0.000000000000000000 ) ) ;
#3452 = LINE ( 'NONE', #6835, #139 ) ;
#3453 = VECTOR ( 'NONE', #292, 1000.000000000000227 ) ;
#3454 = CARTESIAN_POINT ( 'NONE',  ( -0.8254999999999999005, 0.1523999999999999799, 1.302499999999999769 ) ) ;
#3455 = CYLINDRICAL_SURFACE ( 'NONE', #168, 0.1121194534934814163 ) ;
#3456 = AXIS2_PLACEMENT_3D ( 'NONE', #1647, #3856, #3889 ) ;
#3457 = SURFACE_STYLE_FILL_AREA ( #5084 ) ;
#3458 = AXIS2_PLACEMENT_3D ( 'NONE', #4015, #3951, #737 ) ;
#3459 = DIRECTION ( 'NONE',  ( -3.925976682163069868E-16, -1.000000000000000000, 0.000000000000000000 ) ) ;
#3460 = ADVANCED_FACE ( 'NONE', ( #1686 ), #2118, .F. ) ;
#3461 = CYLINDRICAL_SURFACE ( 'NONE', #109, 0.1121194534934814163 ) ;
#3462 = VERTEX_POINT ( 'NONE', #4433 ) ;
#3463 = VECTOR ( 'NONE', #4826, 1000.000000000000000 ) ;
#3464 = AXIS2_PLACEMENT_3D ( 'NONE', #3136, #4859, #3668 ) ;
#3465 = ADVANCED_FACE ( 'NONE', ( #7174 ), #2191, .F. ) ;
#3466 = DIRECTION ( 'NONE',  ( 0.9986295347545742773, 0.05233595624293731902, 0.000000000000000000 ) ) ;
#3467 = ORIENTED_EDGE ( 'NONE', *, *, #6006, .F. ) ;
#3468 = DIRECTION ( 'NONE',  ( -1.000000000000000000, 0.000000000000000000, 0.000000000000000000 ) ) ;
#3469 = AXIS2_PLACEMENT_3D ( 'NONE', #7006, #4785, #6536 ) ;
#3470 = EDGE_CURVE ( 'NONE', #4197, #4908, #3863, .T. ) ;
#3471 = VERTEX_POINT ( 'NONE', #6604 ) ;
#3472 = DIRECTION ( 'NONE',  ( -0.1736481776669313026, -0.9848077530122080203, -0.000000000000000000 ) ) ;
#3473 = ORIENTED_EDGE ( 'NONE', *, *, #5561, .F. ) ;
#3474 = AXIS2_PLACEMENT_3D ( 'NONE', #5583, #69, #623 ) ;
#3475 = CIRCLE ( 'NONE', #367, 0.1121194534934814163 ) ;
#3476 = ORIENTED_EDGE ( 'NONE', *, *, #391, .T. ) ;
#3477 = EDGE_CURVE ( 'NONE', #5362, #3441, #6563, .T. ) ;
#3478 = LINE ( 'NONE', #5038, #5597 ) ;
#3479 = CARTESIAN_POINT ( 'NONE',  ( 0.7055000000000003491, 0.2999999999999999889, -1.627456665294731531E-16 ) ) ;
#3480 = CARTESIAN_POINT ( 'NONE',  ( 2.097265395542184940, 0.2852566719800452844, 0.8249999999999997335 ) ) ;
#3481 = EDGE_CURVE ( 'NONE', #1556, #615, #4872, .T. ) ;
#3482 = ORIENTED_EDGE ( 'NONE', *, *, #2499, .T. ) ;
#3483 = EDGE_CURVE ( 'NONE', #1161, #4906, #3499, .T. ) ;
#3484 = VECTOR ( 'NONE', #3748, 1000.000000000000114 ) ;
#3485 = FILL_AREA_STYLE_COLOUR ( '', #1541 ) ;
#3486 = VECTOR ( 'NONE', #5914, 1000.000000000000227 ) ;
#3487 = EDGE_CURVE ( 'NONE', #4446, #4769, #618, .T. ) ;
#3488 = LINE ( 'NONE', #744, #5120 ) ;
#3489 = CARTESIAN_POINT ( 'NONE',  ( 2.192393151670311457, 0.01300689682525807585, 1.474999999999999645 ) ) ;
#3490 = LINE ( 'NONE', #748, #691 ) ;
#3491 = SURFACE_SIDE_STYLE ('',( #1286 ) ) ;
#3492 = VECTOR ( 'NONE', #3389, 1000.000000000000000 ) ;
#3493 = ORIENTED_EDGE ( 'NONE', *, *, #3110, .F. ) ;
#3494 = LINE ( 'NONE', #1889, #82 ) ;
#3495 = DIRECTION ( 'NONE',  ( 0.000000000000000000, 0.000000000000000000, 1.000000000000000000 ) ) ;
#3496 = LINE ( 'NONE', #3997, #932 ) ;
#3497 = CARTESIAN_POINT ( 'NONE',  ( 1.438270008555861956, -0.05112163635556774000, -1.957770008555870689 ) ) ;
#3498 = EDGE_LOOP ( 'NONE', ( #6359, #3418, #941, #5209 ) ) ;
#3499 = CIRCLE ( 'NONE', #1195, 0.1121194534934814163 ) ;
#3500 = VECTOR ( 'NONE', #6219, 1000.000000000000000 ) ;
#3501 = DIRECTION ( 'NONE',  ( -0.000000000000000000, -0.000000000000000000, -1.000000000000000000 ) ) ;
#3502 = CARTESIAN_POINT ( 'NONE',  ( -1.150000000000001021, 1.080000000000000071, -1.494500000000007489 ) ) ;
#3503 = AXIS2_PLACEMENT_3D ( 'NONE', #3245, #4980, #1009 ) ;
#3504 = ORIENTED_EDGE ( 'NONE', *, *, #1171, .T. ) ;
#3505 = DIRECTION ( 'NONE',  ( -1.000000000000000000, 0.000000000000000000, 0.000000000000000000 ) ) ;
#3506 = ORIENTED_EDGE ( 'NONE', *, *, #1816, .T. ) ;
#3508 = EDGE_CURVE ( 'NONE', #2551, #6250, #2786, .T. ) ;
#3507 = VECTOR ( 'NONE', #2838, 1000.000000000000000 ) ;
#3509 = VECTOR ( 'NONE', #3847, 1000.000000000000000 ) ;
#3510 = ADVANCED_FACE ( 'NONE', ( #7070 ), #2828, .F. ) ;
#3511 = AXIS2_PLACEMENT_3D ( 'NONE', #1852, #3959, #4488 ) ;
#3512 = DIRECTION ( 'NONE',  ( 0.000000000000000000, 0.000000000000000000, -1.000000000000000000 ) ) ;
#3513 = VERTEX_POINT ( 'NONE', #6021 ) ;
#3514 = DIRECTION ( 'NONE',  ( -0.1736481776669313581, -0.9848077530122079093, 0.000000000000000000 ) ) ;
#3515 = EDGE_LOOP ( 'NONE', ( #3330, #2266, #5573, #3341 ) ) ;
#3516 = VERTEX_POINT ( 'NONE', #6643 ) ;
#3517 = EDGE_CURVE ( 'NONE', #4918, #2097, #2228, .T. ) ;
#3518 = DIRECTION ( 'NONE',  ( 1.000000000000000000, 0.000000000000000000, -0.000000000000000000 ) ) ;
#3519 = DIRECTION ( 'NONE',  ( 0.000000000000000000, 0.000000000000000000, 1.000000000000000000 ) ) ;
#3520 = EDGE_LOOP ( 'NONE', ( #991, #217, #2775, #2132 ) ) ;
#3521 = ORIENTED_EDGE ( 'NONE', *, *, #4399, .T. ) ;
#3522 = CARTESIAN_POINT ( 'NONE',  ( -1.776161133969892392, 0.7161999999999913991, -0.1750000000000002387 ) ) ;
#3523 = EDGE_CURVE ( 'NONE', #1628, #728, #5460, .T. ) ;
#3524 = DIRECTION ( 'NONE',  ( -0.000000000000000000, -0.000000000000000000, -1.000000000000000000 ) ) ;
#3525 = EDGE_CURVE ( 'NONE', #4197, #3589, #1087, .T. ) ;
#3526 = ORIENTED_EDGE ( 'NONE', *, *, #690, .T. ) ;
#3527 = EDGE_LOOP ( 'NONE', ( #2912, #4121, #5440, #4103 ) ) ;
#3528 = DIRECTION ( 'NONE',  ( -0.000000000000000000, -0.000000000000000000, -1.000000000000000000 ) ) ;
#3529 = LINE ( 'NONE', #4128, #4890 ) ;
#3530 = CARTESIAN_POINT ( 'NONE',  ( 0.000000000000000000, 0.2999999999999999889, 1.302500000000000657 ) ) ;
#3531 = DIRECTION ( 'NONE',  ( 0.05233595624293731902, -0.9986295347545742773, 0.000000000000000000 ) ) ;
#3532 = DIRECTION ( 'NONE',  ( -0.000000000000000000, 1.000000000000000000, -0.000000000000000000 ) ) ;
#3533 = EDGE_LOOP ( 'NONE', ( #7077, #4582, #6787, #6058 ) ) ;
#3534 = ORIENTED_EDGE ( 'NONE', *, *, #7082, .F. ) ;
#3535 = CARTESIAN_POINT ( 'NONE',  ( 0.000000000000000000, 0.2999999999999999889, 1.772500000000000631 ) ) ;
#3536 = PRESENTATION_STYLE_ASSIGNMENT (( #143 ) ) ;
#3537 = EDGE_LOOP ( 'NONE', ( #979, #2460, #5921, #5712 ) ) ;
#3538 = DIRECTION ( 'NONE',  ( 0.9986295347545742773, -0.05233595624293691656, 0.000000000000000000 ) ) ;
#3539 = ORIENTED_EDGE ( 'NONE', *, *, #1961, .F. ) ;
#3540 = DIRECTION ( 'NONE',  ( 1.000000000000000000, 0.000000000000000000, -0.000000000000000000 ) ) ;
#3541 = VERTEX_POINT ( 'NONE', #3253 ) ;
#3542 = VECTOR ( 'NONE', #4823, 1000.000000000000114 ) ;
#3543 = CARTESIAN_POINT ( 'NONE',  ( -2.097265395542184940, 0.2852566719800452288, 0.1749999999999998224 ) ) ;
#3544 = CARTESIAN_POINT ( 'NONE',  ( 1.776161133969892392, 0.7161999999999913991, -0.8250000000000001776 ) ) ;
#3545 = ORIENTED_EDGE ( 'NONE', *, *, #2016, .F. ) ;
#3546 = EDGE_CURVE ( 'NONE', #3392, #6429, #4525, .T. ) ;
#3547 = DIRECTION ( 'NONE',  ( 1.000000000000000000, 0.000000000000000000, 6.920439398843643121E-16 ) ) ;
#3548 = LINE ( 'NONE', #4016, #544 ) ;
#3549 = VERTEX_POINT ( 'NONE', #5502 ) ;
#3550 = EDGE_CURVE ( 'NONE', #2415, #976, #535, .T. ) ;
#3551 = ORIENTED_EDGE ( 'NONE', *, *, #4026, .F. ) ;
#3552 = FILL_AREA_STYLE_COLOUR ( '', #3014 ) ;
#3553 = FACE_OUTER_BOUND ( 'NONE', #6226, .T. ) ;
#3554 = CARTESIAN_POINT ( 'NONE',  ( 1.776161133969892392, 0.5362000000000048949, 1.774999999999999689 ) ) ;
#3555 = CARTESIAN_POINT ( 'NONE',  ( -1.886577241033764230, 0.4435498852866788799, -1.775000000000000133 ) ) ;
#3556 = LINE ( 'NONE', #5777, #5251 ) ;
#3557 = CARTESIAN_POINT ( 'NONE',  ( -2.207681502606056778, 0.3047260107602003942, -1.475000000000000089 ) ) ;
#3558 = VERTEX_POINT ( 'NONE', #3320 ) ;
#3559 = ORIENTED_EDGE ( 'NONE', *, *, #6646, .T. ) ;
#3560 = EDGE_CURVE ( 'NONE', #5102, #5986, #5537, .T. ) ;
#3561 = CARTESIAN_POINT ( 'NONE',  ( 2.207681502606056778, 0.3047260107602003942, -0.8250000000000001776 ) ) ;
#3562 = CARTESIAN_POINT ( 'NONE',  ( -2.192393151670311457, 0.01300689682525818514, -0.8250000000000001776 ) ) ;
#3563 = PLANE ( 'NONE',  #1497 ) ;
#3564 = CARTESIAN_POINT ( 'NONE',  ( 1.500000000000001110, 0.7161999999999915101, 1.774999999999999689 ) ) ;
#3565 = EDGE_CURVE ( 'NONE', #954, #7117, #1157, .T. ) ;
#3566 = DIRECTION ( 'NONE',  ( -0.000000000000000000, -0.000000000000000000, -1.000000000000000000 ) ) ;
#3567 = CARTESIAN_POINT ( 'NONE',  ( -2.192393151670311457, 0.01300689682525818514, -0.4750000000000001443 ) ) ;
#3568 = AXIS2_PLACEMENT_3D ( 'NONE', #775, #5081, #5012 ) ;
#3569 = VECTOR ( 'NONE', #6238, 1000.000000000000000 ) ;
#3570 = ADVANCED_FACE ( 'NONE', ( #2373 ), #1757, .F. ) ;
#3571 = VERTEX_POINT ( 'NONE', #1864 ) ;
#3572 = CARTESIAN_POINT ( 'NONE',  ( 1.776161133969892392, 0.7161999999999913991, -1.475000000000000089 ) ) ;
#3573 = CARTESIAN_POINT ( 'NONE',  ( -0.7055000000000006821, 0.1523999999999999799, 1.422499999999999876 ) ) ;
#3574 = VECTOR ( 'NONE', #1183, 1000.000000000000000 ) ;
#3575 = ORIENTED_EDGE ( 'NONE', *, *, #1907, .F. ) ;
#3576 = CYLINDRICAL_SURFACE ( 'NONE', #3276, 0.2921194534934675735 ) ;
#3577 = VECTOR ( 'NONE', #627, 1000.000000000000000 ) ;
#3578 = DIRECTION ( 'NONE',  ( 0.000000000000000000, 0.000000000000000000, 1.000000000000000000 ) ) ;
#3579 = CARTESIAN_POINT ( 'NONE',  ( 1.776161133969892392, 0.5362000000000048949, 0.4749999999999997558 ) ) ;
#3580 = VERTEX_POINT ( 'NONE', #5761 ) ;
#3581 = DIRECTION ( 'NONE',  ( -1.000000000000000000, 0.000000000000000000, 0.000000000000000000 ) ) ;
#3582 = ORIENTED_EDGE ( 'NONE', *, *, #3638, .T. ) ;
#3583 = SURFACE_STYLE_FILL_AREA ( #3149 ) ;
#3584 = DIRECTION ( 'NONE',  ( 0.000000000000000000, 0.000000000000000000, 1.000000000000000000 ) ) ;
#3585 = DIRECTION ( 'NONE',  ( 2.306813132947881040E-16, 0.000000000000000000, -1.000000000000000000 ) ) ;
#3586 = AXIS2_PLACEMENT_3D ( 'NONE', #6615, #1338, #3468 ) ;
#3587 = ORIENTED_EDGE ( 'NONE', *, *, #2419, .F. ) ;
#3588 = VECTOR ( 'NONE', #764, 1000.000000000000000 ) ;
#3589 = VERTEX_POINT ( 'NONE', #4537 ) ;
#3590 = DIRECTION ( 'NONE',  ( 0.9986295347545742773, 0.05233595624293731902, 0.000000000000000000 ) ) ;
#3591 = CARTESIAN_POINT ( 'NONE',  ( 2.192393151670311457, 0.01300689682525807585, -0.8250000000000001776 ) ) ;
#3592 = EDGE_LOOP ( 'NONE', ( #5612, #2192, #201, #2552, #3639, #6620, #4166, #47, #2861, #6169, #652, #4834 ) ) ;
#3593 = CARTESIAN_POINT ( 'NONE',  ( 1.886577241033764230, 0.4435498852866788799, -0.8250000000000001776 ) ) ;
#3594 = CARTESIAN_POINT ( 'NONE',  ( -1.920000000000000373, 0.2540000000000000036, 1.474999999999999645 ) ) ;
#3595 = CARTESIAN_POINT ( 'NONE',  ( 1.776161133969892392, 0.7161999999999913991, 0.8249999999999997335 ) ) ;
#3596 = ADVANCED_FACE ( 'NONE', ( #210 ), #1193, .T. ) ;
#3597 = EDGE_CURVE ( 'NONE', #2038, #1008, #4070, .T. ) ;
#3598 = ORIENTED_EDGE ( 'NONE', *, *, #54, .T. ) ;
#3599 = VECTOR ( 'NONE', #408, 1000.000000000000000 ) ;
#3600 = LINE ( 'NONE', #314, #2502 ) ;
#3601 = CARTESIAN_POINT ( 'NONE',  ( 1.776161133969892392, 0.5362000000000048949, -1.475000000000000089 ) ) ;
#3602 = CARTESIAN_POINT ( 'NONE',  ( 2.097265395542184940, 0.2852566719800452844, 1.124999999999999778 ) ) ;
#3603 = VECTOR ( 'NONE', #5935, 1000.000000000000000 ) ;
#3604 = VERTEX_POINT ( 'NONE', #1296 ) ;
#3605 = CYLINDRICAL_SURFACE ( 'NONE', #352, 0.1121194534934814163 ) ;
#3606 = EDGE_CURVE ( 'NONE', #13, #3395, #2334, .T. ) ;
#3607 = VERTEX_POINT ( 'NONE', #2265 ) ;
#3608 = DIRECTION ( 'NONE',  ( 1.000000000000000000, -3.925976682163069868E-16, -0.000000000000000000 ) ) ;
#3609 = ORIENTED_EDGE ( 'NONE', *, *, #547, .T. ) ;
#3610 = CARTESIAN_POINT ( 'NONE',  ( -0.9454999999999997851, 0.1523999999999999799, -1.302500000000000213 ) ) ;
#3611 = CARTESIAN_POINT ( 'NONE',  ( 2.207681502606056778, 0.3047260107602003942, -1.775000000000000133 ) ) ;
#3612 = VERTEX_POINT ( 'NONE', #6317 ) ;
#3613 = EDGE_CURVE ( 'NONE', #3664, #2361, #4003, .T. ) ;
#3614 = VECTOR ( 'NONE', #2619, 1000.000000000000000 ) ;
#3615 = VECTOR ( 'NONE', #6491, 1000.000000000000000 ) ;
#3616 = DIRECTION ( 'NONE',  ( -0.05233595624293691656, 0.9986295347545742773, 0.000000000000000000 ) ) ;
#3617 = ORIENTED_EDGE ( 'NONE', *, *, #2080, .F. ) ;
#3618 = FILL_AREA_STYLE ('',( #5320 ) ) ;
#3619 = FACE_OUTER_BOUND ( 'NONE', #1439, .T. ) ;
#3620 = EDGE_LOOP ( 'NONE', ( #383, #4808 ) ) ;
#3621 = VECTOR ( 'NONE', #6387, 1000.000000000000114 ) ;
#3622 = ORIENTED_EDGE ( 'NONE', *, *, #4423, .F. ) ;
#3623 = CARTESIAN_POINT ( 'NONE',  ( 1.776161133969892392, 0.4240805465065236035, 1.124999999999999778 ) ) ;
#3624 = ORIENTED_EDGE ( 'NONE', *, *, #1907, .T. ) ;
#3625 = AXIS2_PLACEMENT_3D ( 'NONE', #713, #1324, #5186 ) ;
#3626 = CARTESIAN_POINT ( 'NONE',  ( 1.438270008555862178, 1.303521636355566837, 1.957770008555857144 ) ) ;
#3627 = DIRECTION ( 'NONE',  ( 0.05233595624293796433, 0.9986295347545741663, 0.000000000000000000 ) ) ;
#3628 =( NAMED_UNIT ( * ) PLANE_ANGLE_UNIT ( ) SI_UNIT ( $, .RADIAN. ) );
#3629 = ORIENTED_EDGE ( 'NONE', *, *, #163, .F. ) ;
#3630 = ORIENTED_EDGE ( 'NONE', *, *, #1781, .T. ) ;
#3631 = CARTESIAN_POINT ( 'NONE',  ( 1.886577241033764230, 0.4435498852866788799, 1.124999999999999778 ) ) ;
#3632 = CARTESIAN_POINT ( 'NONE',  ( 1.438270008555861956, 1.303521636355567948, -1.957770008555870689 ) ) ;
#3633 = EDGE_LOOP ( 'NONE', ( #4991, #1811, #5041, #5832 ) ) ;
#3634 = DIRECTION ( 'NONE',  ( 1.000000000000000000, 0.000000000000000000, 0.000000000000000000 ) ) ;
#3635 = DIRECTION ( 'NONE',  ( 0.000000000000000000, 0.000000000000000000, 1.000000000000000000 ) ) ;
#3636 = ORIENTED_EDGE ( 'NONE', *, *, #4311, .F. ) ;
#3637 = PLANE ( 'NONE',  #4257 ) ;
#3638 = EDGE_CURVE ( 'NONE', #4663, #1088, #5728, .T. ) ;
#3639 = ORIENTED_EDGE ( 'NONE', *, *, #5711, .F. ) ;
#3640 = CARTESIAN_POINT ( 'NONE',  ( -1.500000000000001110, 0.7161999999999915101, -1.475000000000000089 ) ) ;
#3641 = ADVANCED_FACE ( 'NONE', ( #178 ), #4462, .F. ) ;
#3642 = CARTESIAN_POINT ( 'NONE',  ( -1.776161133969892392, 0.7161999999999915101, -0.8250000000000001776 ) ) ;
#3643 = DIRECTION ( 'NONE',  ( -0.000000000000000000, -0.000000000000000000, -1.000000000000000000 ) ) ;
#3644 = DIRECTION ( 'NONE',  ( 1.000000000000000000, -3.925976682163069868E-16, -0.000000000000000000 ) ) ;
#3645 = CARTESIAN_POINT ( 'NONE',  ( 0.9454999999999995630, 0.2999999999999999889, 2.181091817202221452E-16 ) ) ;
#3646 = ORIENTED_EDGE ( 'NONE', *, *, #4242, .T. ) ;
#3647 = ADVANCED_FACE ( 'NONE', ( #1337 ), #6202, .F. ) ;
#3648 = CARTESIAN_POINT ( 'NONE',  ( -1.776161133969892392, 0.4240805465065236035, -0.8250000000000001776 ) ) ;
#3649 = EDGE_CURVE ( 'NONE', #2866, #2562, #4033, .T. ) ;
#3650 = ADVANCED_FACE ( 'NONE', ( #141 ), #3431, .F. ) ;
#3651 = SURFACE_STYLE_FILL_AREA ( #6619 ) ;
#3652 = DIRECTION ( 'NONE',  ( -0.000000000000000000, -0.000000000000000000, -1.000000000000000000 ) ) ;
#3653 = FACE_OUTER_BOUND ( 'NONE', #1229, .T. ) ;
#3654 = FACE_OUTER_BOUND ( 'NONE', #2018, .T. ) ;
#3655 = ORIENTED_EDGE ( 'NONE', *, *, #6807, .T. ) ;
#3656 = ADVANCED_FACE ( 'NONE', ( #5688 ), #1231, .F. ) ;
#3657 = CARTESIAN_POINT ( 'NONE',  ( 2.097265395542184940, 0.2852566719800452844, -0.1750000000000002387 ) ) ;
#3658 = ORIENTED_EDGE ( 'NONE', *, *, #2508, .T. ) ;
#3659 = AXIS2_PLACEMENT_3D ( 'NONE', #4644, #283, #2364 ) ;
#3660 = CARTESIAN_POINT ( 'NONE',  ( 1.886577241033764230, 0.4435498852866788799, 1.774999999999999689 ) ) ;
#3661 = FACE_OUTER_BOUND ( 'NONE', #2856, .T. ) ;
#3662 = DIRECTION ( 'NONE',  ( 1.000000000000000000, -3.925976682163069868E-16, -0.000000000000000000 ) ) ;
#3663 = DIRECTION ( 'NONE',  ( 0.9986295347545742773, 0.05233595624293691656, -0.000000000000000000 ) ) ;
#3664 = VERTEX_POINT ( 'NONE', #6751 ) ;
#3665 = ORIENTED_EDGE ( 'NONE', *, *, #6688, .F. ) ;
#3666 = FACE_OUTER_BOUND ( 'NONE', #3382, .T. ) ;
#3667 = CARTESIAN_POINT ( 'NONE',  ( -2.192393151670311457, 0.01300689682525807585, 0.4749999999999997558 ) ) ;
#3668 = DIRECTION ( 'NONE',  ( 1.000000000000000000, 0.000000000000000000, 0.000000000000000000 ) ) ;
#3669 = DIRECTION ( 'NONE',  ( 0.05233595624293796433, -0.9986295347545741663, -0.000000000000000000 ) ) ;
#3670 = LINE ( 'NONE', #3138, #4610 ) ;
#3671 = AXIS2_PLACEMENT_3D ( 'NONE', #1758, #5691, #4035 ) ;
#3672 = ORIENTED_EDGE ( 'NONE', *, *, #1920, .F. ) ;
#3673 = CARTESIAN_POINT ( 'NONE',  ( -0.8254999999999999005, 0.2999999999999999889, 1.422499999999999876 ) ) ;
#3674 = EDGE_CURVE ( 'NONE', #27, #202, #5056, .T. ) ;
#3675 = CARTESIAN_POINT ( 'NONE',  ( -1.500000000000001110, 0.7161999999999915101, -1.475000000000000089 ) ) ;
#3676 = SURFACE_STYLE_USAGE ( .BOTH. , #6013 ) ;
#3677 = DIRECTION ( 'NONE',  ( 1.000000000000000000, 0.000000000000000000, 0.000000000000000000 ) ) ;
#3678 = ORIENTED_EDGE ( 'NONE', *, *, #2773, .T. ) ;
#3679 = DIRECTION ( 'NONE',  ( 1.000000000000000000, 0.000000000000000000, 0.000000000000000000 ) ) ;
#3680 = CARTESIAN_POINT ( 'NONE',  ( -0.8254999999999999005, 0.1523999999999999799, -1.302500000000000213 ) ) ;
#3681 = ORIENTED_EDGE ( 'NONE', *, *, #111, .F. ) ;
#3682 = STYLED_ITEM ( 'NONE', ( #3322 ), #1901 ) ;
#3683 = VECTOR ( 'NONE', #7095, 1000.000000000000227 ) ;
#3684 = EDGE_CURVE ( 'NONE', #695, #6655, #2575, .T. ) ;
#3685 = CARTESIAN_POINT ( 'NONE',  ( -1.500000000000001110, 0.7161999999999915101, -0.8250000000000001776 ) ) ;
#3686 = EDGE_CURVE ( 'NONE', #2792, #1122, #1258, .T. ) ;
#3687 = AXIS2_PLACEMENT_3D ( 'NONE', #849, #2470, #1420 ) ;
#3688 = ORIENTED_EDGE ( 'NONE', *, *, #5389, .T. ) ;
#3689 = CIRCLE ( 'NONE', #6606, 0.2921194534934675735 ) ;
#3690 = DIRECTION ( 'NONE',  ( -0.000000000000000000, -0.000000000000000000, -1.000000000000000000 ) ) ;
#3691 = CARTESIAN_POINT ( 'NONE',  ( -1.776161133969892392, 0.7161999999999915101, -0.4750000000000001443 ) ) ;
#3692 = ORIENTED_EDGE ( 'NONE', *, *, #4009, .F. ) ;
#3693 = EDGE_CURVE ( 'NONE', #2792, #2008, #6956, .T. ) ;
#3694 = VECTOR ( 'NONE', #1431, 1000.000000000000000 ) ;
#3695 = ORIENTED_EDGE ( 'NONE', *, *, #36, .T. ) ;
#3696 = VECTOR ( 'NONE', #4646, 1000.000000000000000 ) ;
#3697 = EDGE_CURVE ( 'NONE', #4495, #3986, #3034, .T. ) ;
#3698 = ORIENTED_EDGE ( 'NONE', *, *, #2136, .T. ) ;
#3699 = CARTESIAN_POINT ( 'NONE',  ( -0.8254999999999999005, 0.1523999999999999799, 1.302499999999999769 ) ) ;
#3700 = DIRECTION ( 'NONE',  ( 0.000000000000000000, 0.000000000000000000, 1.000000000000000000 ) ) ;
#3701 = VECTOR ( 'NONE', #3420, 1000.000000000000114 ) ;
#3702 = ORIENTED_EDGE ( 'NONE', *, *, #6069, .F. ) ;
#3703 = LINE ( 'NONE', #3126, #1488 ) ;
#3704 = EDGE_CURVE ( 'NONE', #545, #390, #1932, .T. ) ;
#3705 = ORIENTED_EDGE ( 'NONE', *, *, #966, .F. ) ;
#3706 = ORIENTED_EDGE ( 'NONE', *, *, #6602, .F. ) ;
#3707 = CYLINDRICAL_SURFACE ( 'NONE', #6452, 0.2921194534934677955 ) ;
#3708 = FILL_AREA_STYLE_COLOUR ( '', #156 ) ;
#3709 = PRESENTATION_STYLE_ASSIGNMENT (( #4239 ) ) ;
#3710 = CARTESIAN_POINT ( 'NONE',  ( -0.9454999999999995630, 0.2999999999999999889, -6.543275451606661891E-16 ) ) ;
#3711 = LINE ( 'NONE', #2550, #581 ) ;
#3712 = VECTOR ( 'NONE', #6383, 1000.000000000000000 ) ;
#3713 = ORIENTED_EDGE ( 'NONE', *, *, #2213, .T. ) ;
#3714 = DIRECTION ( 'NONE',  ( 0.000000000000000000, 0.000000000000000000, -1.000000000000000000 ) ) ;
#3715 = DIRECTION ( 'NONE',  ( -1.000000000000000000, 0.000000000000000000, 0.000000000000000000 ) ) ;
#3716 = PLANE ( 'NONE',  #1147 ) ;
#3717 = PLANE ( 'NONE',  #6958 ) ;
#3718 = VECTOR ( 'NONE', #5714, 1000.000000000000114 ) ;
#3719 = ORIENTED_EDGE ( 'NONE', *, *, #660, .F. ) ;
#3720 = CARTESIAN_POINT ( 'NONE',  ( 2.192393151670311457, 0.01300689682525807585, -1.475000000000000089 ) ) ;
#3721 = LINE ( 'NONE', #7029, #6277 ) ;
#3722 = ORIENTED_EDGE ( 'NONE', *, *, #2573, .F. ) ;
#3723 = CIRCLE ( 'NONE', #3148, 0.1121194534934814163 ) ;
#3724 = CARTESIAN_POINT ( 'NONE',  ( -2.440579527876272081, -9.062316430720066274E-18, 1.774999999999999689 ) ) ;
#3725 = ORIENTED_EDGE ( 'NONE', *, *, #4570, .T. ) ;
#3726 =( LENGTH_UNIT ( ) NAMED_UNIT ( * ) SI_UNIT ( .MILLI., .METRE. ) );
#3727 = CARTESIAN_POINT ( 'NONE',  ( 1.500000000000001110, 0.7161999999999915101, -0.1750000000000002387 ) ) ;
#3728 = EDGE_CURVE ( 'NONE', #5771, #5710, #831, .T. ) ;
#3729 = DIRECTION ( 'NONE',  ( -1.000000000000000000, 3.925976682163069868E-16, 0.000000000000000000 ) ) ;
#3730 = ORIENTED_EDGE ( 'NONE', *, *, #3779, .F. ) ;
#3731 = ADVANCED_FACE ( 'NONE', ( #5342 ), #1971, .T. ) ;
#3732 = ORIENTED_EDGE ( 'NONE', *, *, #5613, .F. ) ;
#3733 = CIRCLE ( 'NONE', #1200, 0.2921194534934677955 ) ;
#3734 = VERTEX_POINT ( 'NONE', #5239 ) ;
#3735 = DIRECTION ( 'NONE',  ( 0.05233595624293691656, 0.9986295347545742773, -0.000000000000000000 ) ) ;
#3736 = EDGE_CURVE ( 'NONE', #5233, #2905, #5203, .T. ) ;
#3737 = VECTOR ( 'NONE', #4353, 999.9999999999998863 ) ;
#3738 = VERTEX_POINT ( 'NONE', #6920 ) ;
#3739 = ORIENTED_EDGE ( 'NONE', *, *, #1786, .T. ) ;
#3740 = VECTOR ( 'NONE', #591, 1000.000000000000000 ) ;
#3741 = ADVANCED_FACE ( 'NONE', ( #1364 ), #5899, .F. ) ;
#3742 = PRODUCT ( 'LTC3245MPMSE#PBF', 'LTC3245MPMSE#PBF', '', ( #4970 ) ) ;
#3743 = ORIENTED_EDGE ( 'NONE', *, *, #5820, .T. ) ;
#3744 = CARTESIAN_POINT ( 'NONE',  ( 1.776161133969892392, 0.7161999999999913991, 1.774999999999999689 ) ) ;
#3745 = VECTOR ( 'NONE', #3662, 1000.000000000000000 ) ;
#3746 = EDGE_CURVE ( 'NONE', #6539, #5152, #2035, .T. ) ;
#3747 = CYLINDRICAL_SURFACE ( 'NONE', #2817, 0.1121194534934814163 ) ;
#3748 = DIRECTION ( 'NONE',  ( 0.9986295347545742773, 0.05233595624293691656, -0.000000000000000000 ) ) ;
#3749 = CARTESIAN_POINT ( 'NONE',  ( 2.097265395542184940, 0.2852566719800452844, 0.1749999999999998224 ) ) ;
#3750 = ORIENTED_EDGE ( 'NONE', *, *, #6225, .F. ) ;
#3751 = VERTEX_POINT ( 'NONE', #5833 ) ;
#3752 = CYLINDRICAL_SURFACE ( 'NONE', #3503, 0.2921194534934677955 ) ;
#3753 = DIRECTION ( 'NONE',  ( 1.000000000000000000, 0.000000000000000000, -0.000000000000000000 ) ) ;
#3754 = CYLINDRICAL_SURFACE ( 'NONE', #2785, 0.2921194534934677955 ) ;
#3755 = ORIENTED_EDGE ( 'NONE', *, *, #2, .T. ) ;
#3756 = DIRECTION ( 'NONE',  ( -1.000000000000000000, 0.000000000000000000, 0.000000000000000000 ) ) ;
#3757 = EDGE_LOOP ( 'NONE', ( #534, #4667, #3294, #6696, #2707, #2012, #4443, #2666, #2203, #1760, #3473, #553 ) ) ;
#3758 = DIRECTION ( 'NONE',  ( -1.000000000000000000, 0.000000000000000000, 0.000000000000000000 ) ) ;
#3759 = ORIENTED_EDGE ( 'NONE', *, *, #5600, .F. ) ;
#3760 = DIRECTION ( 'NONE',  ( 0.05233595624293796433, 0.9986295347545741663, 0.000000000000000000 ) ) ;
#3761 = VERTEX_POINT ( 'NONE', #6481 ) ;
#3762 = LINE ( 'NONE', #4262, #4787 ) ;
#3763 = DIRECTION ( 'NONE',  ( -1.000000000000000000, 0.000000000000000000, 0.000000000000000000 ) ) ;
#3764 = ORIENTED_EDGE ( 'NONE', *, *, #6006, .T. ) ;
#3765 = VERTEX_POINT ( 'NONE', #4245 ) ;
#3766 = DIRECTION ( 'NONE',  ( 0.000000000000000000, 0.000000000000000000, 1.000000000000000000 ) ) ;
#3767 = EDGE_CURVE ( 'NONE', #1872, #2193, #322, .T. ) ;
#3768 = ORIENTED_EDGE ( 'NONE', *, *, #1423, .T. ) ;
#3769 = ADVANCED_FACE ( 'NONE', ( #4685 ), #6417, .F. ) ;
#3770 = ORIENTED_EDGE ( 'NONE', *, *, #245, .T. ) ;
#3771 = VECTOR ( 'NONE', #6494, 1000.000000000000000 ) ;
#3772 = ORIENTED_EDGE ( 'NONE', *, *, #2080, .T. ) ;
#3773 = DIRECTION ( 'NONE',  ( 0.9848077530122079093, 0.1736481776669313581, -0.000000000000000000 ) ) ;
#3774 =( LENGTH_UNIT ( ) NAMED_UNIT ( * ) SI_UNIT ( .MILLI., .METRE. ) );
#3775 = EDGE_CURVE ( 'NONE', #4769, #473, #2553, .T. ) ;
#3776 = DIRECTION ( 'NONE',  ( 0.000000000000000000, 0.000000000000000000, -1.000000000000000000 ) ) ;
#3777 = DIRECTION ( 'NONE',  ( -1.000000000000000000, 0.000000000000000000, 0.000000000000000000 ) ) ;
#3778 = VECTOR ( 'NONE', #6113, 1000.000000000000000 ) ;
#3779 = EDGE_CURVE ( 'NONE', #2639, #4815, #4653, .T. ) ;
#3780 = EDGE_CURVE ( 'NONE', #3462, #4692, #1895, .T. ) ;
#3781 = EDGE_LOOP ( 'NONE', ( #1238, #4643, #1069, #4301 ) ) ;
#3782 = VERTEX_POINT ( 'NONE', #1465 ) ;
#3783 = CARTESIAN_POINT ( 'NONE',  ( 2.440579527876272081, -9.062316430720066274E-18, -0.1750000000000002387 ) ) ;
#3784 = CARTESIAN_POINT ( 'NONE',  ( 1.500000000000001110, 0.5362000000000048949, -1.475000000000000089 ) ) ;
#3785 = ADVANCED_FACE ( 'NONE', ( #2483 ), #7094, .F. ) ;
#3786 = PLANE ( 'NONE',  #4950 ) ;
#3787 = DIRECTION ( 'NONE',  ( -3.925976682163069868E-16, -1.000000000000000000, 0.000000000000000000 ) ) ;
#3788 = ORIENTED_EDGE ( 'NONE', *, *, #4561, .T. ) ;
#3789 = DIRECTION ( 'NONE',  ( -2.306813132947881040E-16, 0.000000000000000000, -1.000000000000000000 ) ) ;
#3790 = ORIENTED_EDGE ( 'NONE', *, *, #2264, .F. ) ;
#3791 = ADVANCED_FACE ( 'NONE', ( #6671 ), #1540, .F. ) ;
#3792 = CARTESIAN_POINT ( 'NONE',  ( -1.500000000000001110, 0.7161999999999915101, -0.8250000000000001776 ) ) ;
#3793 = DIRECTION ( 'NONE',  ( 1.000000000000000000, 0.000000000000000000, 0.000000000000000000 ) ) ;
#3794 =( GEOMETRIC_REPRESENTATION_CONTEXT ( 3 ) GLOBAL_UNCERTAINTY_ASSIGNED_CONTEXT ( ( #2976 ) ) GLOBAL_UNIT_ASSIGNED_CONTEXT ( ( #760, #3407, #4573 ) ) REPRESENTATION_CONTEXT ( 'NONE', 'WORKASPACE' ) );
#3795 = VERTEX_POINT ( 'NONE', #1645 ) ;
#3796 = CARTESIAN_POINT ( 'NONE',  ( -1.776161133969892392, 0.7161999999999915101, -1.475000000000000089 ) ) ;
#3797 = CIRCLE ( 'NONE', #5542, 0.1749999999999998224 ) ;
#3798 = VERTEX_POINT ( 'NONE', #2109 ) ;
#3800 = VERTEX_POINT ( 'NONE', #3817 ) ;
#3799 = VECTOR ( 'NONE', #4234, 1000.000000000000000 ) ;
#3801 = CARTESIAN_POINT ( 'NONE',  ( -1.500000000000001110, 0.7161999999999915101, 1.474999999999999645 ) ) ;
#3802 = PLANE ( 'NONE',  #6771 ) ;
#3803 = ORIENTED_EDGE ( 'NONE', *, *, #3153, .F. ) ;
#3804 = ORIENTED_EDGE ( 'NONE', *, *, #1359, .T. ) ;
#3805 = AXIS2_PLACEMENT_3D ( 'NONE', #5047, #4641, #777 ) ;
#3806 = CIRCLE ( 'NONE', #698, 0.1121194534934814163 ) ;
#3807 = PLANE ( 'NONE',  #6469 ) ;
#3808 = ORIENTED_EDGE ( 'NONE', *, *, #4248, .T. ) ;
#3809 = DIRECTION ( 'NONE',  ( -0.000000000000000000, -0.000000000000000000, -1.000000000000000000 ) ) ;
#3810 = CARTESIAN_POINT ( 'NONE',  ( 0.7055000000000003491, 0.1523999999999999799, -1.627456665294731531E-16 ) ) ;
#3811 = DIRECTION ( 'NONE',  ( 0.1736481776669313581, 0.9848077530122079093, -0.000000000000000000 ) ) ;
#3812 = CARTESIAN_POINT ( 'NONE',  ( 0.7055000000000000160, 0.1523999999999999799, -1.772500000000000187 ) ) ;
#3813 = VECTOR ( 'NONE', #7148, 1000.000000000000000 ) ;
#3814 = ADVANCED_FACE ( 'NONE', ( #5451 ), #3752, .T. ) ;
#3815 = VERTEX_POINT ( 'NONE', #3887 ) ;
#3816 = EDGE_LOOP ( 'NONE', ( #3609, #3865, #1609, #4924 ) ) ;
#3817 = CARTESIAN_POINT ( 'NONE',  ( 1.776161133969892392, 0.7161999999999913991, 0.1749999999999998224 ) ) ;
#3818 = DIRECTION ( 'NONE',  ( -0.9986295347545742773, -0.05233595624293731902, -0.000000000000000000 ) ) ;
#3819 = DIRECTION ( 'NONE',  ( -1.000000000000000000, 3.925976682163069868E-16, 0.000000000000000000 ) ) ;
#3820 = ADVANCED_FACE ( 'NONE', ( #4900 ), #7133, .F. ) ;
#3821 = EDGE_LOOP ( 'NONE', ( #1374, #5000, #2995, #3024 ) ) ;
#3822 = PLANE ( 'NONE',  #4954 ) ;
#3823 = EDGE_CURVE ( 'NONE', #5441, #221, #2734, .T. ) ;
#3824 = VECTOR ( 'NONE', #134, 1000.000000000000000 ) ;
#3825 = DIRECTION ( 'NONE',  ( -0.000000000000000000, -0.000000000000000000, -1.000000000000000000 ) ) ;
#3826 = ORIENTED_EDGE ( 'NONE', *, *, #6942, .T. ) ;
#3827 = COLOUR_RGB ( '',0.7921568627450980005, 0.8196078431372548767, 0.9333333333333333481 ) ;
#3828 = EDGE_CURVE ( 'NONE', #2877, #3571, #4937, .T. ) ;
#3829 = VERTEX_POINT ( 'NONE', #1078 ) ;
#3830 = LINE ( 'NONE', #2194, #3156 ) ;
#3831 = DIRECTION ( 'NONE',  ( 0.000000000000000000, 0.000000000000000000, 1.000000000000000000 ) ) ;
#3832 = VERTEX_POINT ( 'NONE', #6051 ) ;
#3833 = UNCERTAINTY_MEASURE_WITH_UNIT (LENGTH_MEASURE( 1.000000000000000082E-05 ), #3726, 'distance_accuracy_value', 'NONE');
#3834 = LINE ( 'NONE', #4790, #1946 ) ;
#3835 = AXIS2_PLACEMENT_3D ( 'NONE', #1699, #6618, #1173 ) ;
#3836 = VERTEX_POINT ( 'NONE', #977 ) ;
#3837 = LINE ( 'NONE', #5472, #5679 ) ;
#3838 = DIRECTION ( 'NONE',  ( -3.925976682163069868E-16, 1.000000000000000000, 0.000000000000000000 ) ) ;
#3839 = ORIENTED_EDGE ( 'NONE', *, *, #1524, .T. ) ;
#3840 = DIRECTION ( 'NONE',  ( -0.000000000000000000, -0.000000000000000000, -1.000000000000000000 ) ) ;
#3841 = DIRECTION ( 'NONE',  ( -0.000000000000000000, -0.000000000000000000, -1.000000000000000000 ) ) ;
#3842 = VECTOR ( 'NONE', #3880, 1000.000000000000000 ) ;
#3843 = VERTEX_POINT ( 'NONE', #5494 ) ;
#3844 = VERTEX_POINT ( 'NONE', #3784 ) ;
#3845 = VECTOR ( 'NONE', #3608, 1000.000000000000000 ) ;
#3846 = CARTESIAN_POINT ( 'NONE',  ( 1.886577241033764230, 0.4435498852866788799, 0.1749999999999998224 ) ) ;
#3847 = DIRECTION ( 'NONE',  ( -0.000000000000000000, -0.000000000000000000, -1.000000000000000000 ) ) ;
#3848 = DIRECTION ( 'NONE',  ( -0.9986295347545742773, -0.05233595624293731902, -0.000000000000000000 ) ) ;
#3849 = VECTOR ( 'NONE', #6664, 1000.000000000000000 ) ;
#3850 = DIRECTION ( 'NONE',  ( -0.000000000000000000, -0.000000000000000000, -1.000000000000000000 ) ) ;
#3851 = DIRECTION ( 'NONE',  ( 0.000000000000000000, 0.000000000000000000, 1.000000000000000000 ) ) ;
#3852 = AXIS2_PLACEMENT_3D ( 'NONE', #2682, #6032, #1062 ) ;
#3853 = ORIENTED_EDGE ( 'NONE', *, *, #5615, .F. ) ;
#3854 = DIRECTION ( 'NONE',  ( 0.000000000000000000, 0.000000000000000000, 1.000000000000000000 ) ) ;
#3855 =( GEOMETRIC_REPRESENTATION_CONTEXT ( 3 ) GLOBAL_UNCERTAINTY_ASSIGNED_CONTEXT ( ( #1312 ) ) GLOBAL_UNIT_ASSIGNED_CONTEXT ( ( #5, #3989, #124 ) ) REPRESENTATION_CONTEXT ( 'NONE', 'WORKASPACE' ) );
#3856 = DIRECTION ( 'NONE',  ( 0.000000000000000000, 0.000000000000000000, 1.000000000000000000 ) ) ;
#3857 = LINE ( 'NONE', #2819, #3017 ) ;
#3858 = ORIENTED_EDGE ( 'NONE', *, *, #6884, .T. ) ;
#3859 = DIRECTION ( 'NONE',  ( 0.000000000000000000, 0.000000000000000000, 1.000000000000000000 ) ) ;
#3860 = EDGE_LOOP ( 'NONE', ( #66, #5693, #5757, #6371, #521, #4332, #808, #6485, #6463, #5449, #5851, #2598 ) ) ;
#3861 = VECTOR ( 'NONE', #4897, 1000.000000000000000 ) ;
#3862 = ADVANCED_FACE ( 'NONE', ( #2182 ), #3283, .F. ) ;
#3863 = LINE ( 'NONE', #3792, #5829 ) ;
#3864 = EDGE_CURVE ( 'NONE', #6171, #2866, #2778, .T. ) ;
#3865 = ORIENTED_EDGE ( 'NONE', *, *, #4570, .F. ) ;
#3866 = ORIENTED_EDGE ( 'NONE', *, *, #1306, .F. ) ;
#3867 = CARTESIAN_POINT ( 'NONE',  ( 0.7055000000000001270, 0.1523999999999999799, -1.422500000000000320 ) ) ;
#3868 = EDGE_CURVE ( 'NONE', #1695, #3303, #3996, .T. ) ;
#3869 = VERTEX_POINT ( 'NONE', #6114 ) ;
#3870 = DIRECTION ( 'NONE',  ( -0.000000000000000000, -0.000000000000000000, -1.000000000000000000 ) ) ;
#3871 = EDGE_CURVE ( 'NONE', #3541, #1628, #2888, .T. ) ;
#3872 = DIRECTION ( 'NONE',  ( -0.9986295347545742773, 0.05233595624293731902, 0.000000000000000000 ) ) ;
#3873 = ORIENTED_EDGE ( 'NONE', *, *, #1949, .F. ) ;
#3874 = ORIENTED_EDGE ( 'NONE', *, *, #4214, .T. ) ;
#3875 = CARTESIAN_POINT ( 'NONE',  ( 2.097265395542184940, 0.2852566719800452844, 1.774999999999999689 ) ) ;
#3876 = EDGE_CURVE ( 'NONE', #2270, #194, #5721, .T. ) ;
#3877 = VERTEX_POINT ( 'NONE', #2257 ) ;
#3878 = FACE_OUTER_BOUND ( 'NONE', #4569, .T. ) ;
#3879 = SURFACE_STYLE_USAGE ( .BOTH. , #49 ) ;
#3880 = DIRECTION ( 'NONE',  ( 0.1736481776669313581, 0.9848077530122079093, -0.000000000000000000 ) ) ;
#3881 = CARTESIAN_POINT ( 'NONE',  ( -2.450000000000000178, 0.1797533162558100084, -1.125000000000000222 ) ) ;
#3882 = CARTESIAN_POINT ( 'NONE',  ( 1.776161133969892392, 0.7161999999999913991, -0.1750000000000002387 ) ) ;
#3883 = DIRECTION ( 'NONE',  ( -0.000000000000000000, -0.000000000000000000, -1.000000000000000000 ) ) ;
#3884 = EDGE_LOOP ( 'NONE', ( #937, #483, #1056, #1050 ) ) ;
#3885 = VERTEX_POINT ( 'NONE', #4025 ) ;
#3886 = CARTESIAN_POINT ( 'NONE',  ( -0.8254999999999999005, 0.2999999999999999889, -1.422500000000000320 ) ) ;
#3887 = CARTESIAN_POINT ( 'NONE',  ( -1.776161133969892392, 0.7161999999999915101, 0.8249999999999997335 ) ) ;
#3888 = VECTOR ( 'NONE', #4778, 1000.000000000000000 ) ;
#3889 = DIRECTION ( 'NONE',  ( -1.000000000000000000, 0.000000000000000000, 0.000000000000000000 ) ) ;
#3890 = CARTESIAN_POINT ( 'NONE',  ( 1.776161133969892392, 0.7161999999999913991, 0.4749999999999997558 ) ) ;
#3891 = ORIENTED_EDGE ( 'NONE', *, *, #3040, .T. ) ;
#3892 = DIRECTION ( 'NONE',  ( -0.1736481776669313026, -0.9848077530122080203, -0.000000000000000000 ) ) ;
#3893 = CARTESIAN_POINT ( 'NONE',  ( -0.7055000000000000160, 0.1523999999999999799, -1.772500000000000409 ) ) ;
#3894 = ORIENTED_EDGE ( 'NONE', *, *, #5063, .T. ) ;
#3895 = EDGE_CURVE ( 'NONE', #3877, #2490, #1225, .T. ) ;
#3896 = VERTEX_POINT ( 'NONE', #2365 ) ;
#3897 = CARTESIAN_POINT ( 'NONE',  ( -1.500000000000001110, 0.5362000000000048949, -0.8250000000000001776 ) ) ;
#3898 = SURFACE_STYLE_USAGE ( .BOTH. , #4844 ) ;
#3899 = VERTEX_POINT ( 'NONE', #5570 ) ;
#3900 = LINE ( 'NONE', #5245, #4079 ) ;
#3901 = CARTESIAN_POINT ( 'NONE',  ( 1.500000000000001110, 0.7161999999999915101, -1.475000000000000089 ) ) ;
#3902 = ORIENTED_EDGE ( 'NONE', *, *, #1221, .T. ) ;
#3903 = EDGE_CURVE ( 'NONE', #3558, #3158, #2816, .T. ) ;
#3904 = PLANE ( 'NONE',  #6132 ) ;
#3905 = EDGE_CURVE ( 'NONE', #1085, #5520, #5019, .T. ) ;
#3906 = AXIS2_PLACEMENT_3D ( 'NONE', #4920, #443, #7153 ) ;
#3907 = CARTESIAN_POINT ( 'NONE',  ( 1.776161133969892392, 0.4240805465065236035, 0.8249999999999997335 ) ) ;
#3908 = DIRECTION ( 'NONE',  ( 3.925976682163069868E-16, 1.000000000000000000, -0.000000000000000000 ) ) ;
#3909 = EDGE_LOOP ( 'NONE', ( #664, #5238, #1270, #5767 ) ) ;
#3910 = FACE_OUTER_BOUND ( 'NONE', #4678, .T. ) ;
#3911 = CARTESIAN_POINT ( 'NONE',  ( 0.7055000000000001270, 0.2999999999999999889, -1.422500000000000320 ) ) ;
#3912 = CIRCLE ( 'NONE', #5074, 0.1749999999999998224 ) ;
#3913 = AXIS2_PLACEMENT_3D ( 'NONE', #2111, #4321, #2554 ) ;
#3914 = EDGE_CURVE ( 'NONE', #6134, #4906, #5049, .T. ) ;
#3915 = VERTEX_POINT ( 'NONE', #1751 ) ;
#3916 = EDGE_LOOP ( 'NONE', ( #4390, #1436, #4517, #726 ) ) ;
#3917 = CARTESIAN_POINT ( 'NONE',  ( 1.920000000000000373, 0.2540000000000001146, 0.4749999999999997558 ) ) ;
#3918 = AXIS2_PLACEMENT_3D ( 'NONE', #2676, #3154, #2608 ) ;
#3919 = AXIS2_PLACEMENT_3D ( 'NONE', #1603, #1004, #527 ) ;
#3920 = CARTESIAN_POINT ( 'NONE',  ( -1.776161133969892392, 0.5362000000000050060, 0.8249999999999997335 ) ) ;
#3921 = FACE_OUTER_BOUND ( 'NONE', #2225, .T. ) ;
#3922 = EDGE_CURVE ( 'NONE', #4935, #70, #38, .T. ) ;
#3923 = LINE ( 'NONE', #3812, #5340 ) ;
#3924 = DIRECTION ( 'NONE',  ( 0.000000000000000000, -1.000000000000000000, 0.000000000000000000 ) ) ;
#3925 = ORIENTED_EDGE ( 'NONE', *, *, #4203, .T. ) ;
#3926 = ORIENTED_EDGE ( 'NONE', *, *, #4535, .F. ) ;
#3927 = ORIENTED_EDGE ( 'NONE', *, *, #3023, .T. ) ;
#3928 = DIRECTION ( 'NONE',  ( 1.000000000000000000, 3.925976682163069868E-16, 0.000000000000000000 ) ) ;
#3929 = CARTESIAN_POINT ( 'NONE',  ( 2.097265395542184940, 0.2852566719800452844, 1.124999999999999778 ) ) ;
#3930 = DIRECTION ( 'NONE',  ( 3.925976682163069868E-16, 1.000000000000000000, -0.000000000000000000 ) ) ;
#3931 = CYLINDRICAL_SURFACE ( 'NONE', #6970, 0.1121194534934809861 ) ;
#3932 = MECHANICAL_DESIGN_GEOMETRIC_PRESENTATION_REPRESENTATION (  '', ( #1501 ), #4966 ) ;
#3933 = ORIENTED_EDGE ( 'NONE', *, *, #3876, .T. ) ;
#3934 = VECTOR ( 'NONE', #3437, 1000.000000000000114 ) ;
#3935 = VECTOR ( 'NONE', #2853, 1000.000000000000000 ) ;
#3936 = DIRECTION ( 'NONE',  ( 0.000000000000000000, 0.000000000000000000, 1.000000000000000000 ) ) ;
#3937 = LINE ( 'NONE', #1194, #3221 ) ;
#3938 = EDGE_LOOP ( 'NONE', ( #343, #5300, #6395, #5392 ) ) ;
#3939 = DIRECTION ( 'NONE',  ( -0.000000000000000000, -0.000000000000000000, -1.000000000000000000 ) ) ;
#3940 = CARTESIAN_POINT ( 'NONE',  ( 0.7054999999999993499, 0.2999999999999999889, 1.422499999999999876 ) ) ;
#3941 = VERTEX_POINT ( 'NONE', #1289 ) ;
#3942 = CARTESIAN_POINT ( 'NONE',  ( -2.201813623794039998, 0.1927602130810681935, 0.1749999999999998224 ) ) ;
#3943 = AXIS2_PLACEMENT_3D ( 'NONE', #101, #4502, #6644 ) ;
#3944 = CARTESIAN_POINT ( 'NONE',  ( 0.7055000000000000160, 0.2999999999999999889, -1.772500000000000187 ) ) ;
#3945 = ORIENTED_EDGE ( 'NONE', *, *, #5517, .T. ) ;
#3946 = CARTESIAN_POINT ( 'NONE',  ( -0.9454999999999995630, 0.2999999999999999889, 2.181091817202220466E-16 ) ) ;
#3947 = VECTOR ( 'NONE', #1396, 1000.000000000000000 ) ;
#3948 = DIRECTION ( 'NONE',  ( -0.9986295347545742773, 0.05233595624293691656, 0.000000000000000000 ) ) ;
#3949 = EDGE_LOOP ( 'NONE', ( #3243, #4602, #529, #661 ) ) ;
#3950 = ADVANCED_FACE ( 'NONE', ( #2397 ), #6782, .F. ) ;
#3951 = DIRECTION ( 'NONE',  ( -0.000000000000000000, 0.000000000000000000, -1.000000000000000000 ) ) ;
#3952 = EDGE_CURVE ( 'NONE', #6850, #2794, #4655, .T. ) ;
#3953 = VERTEX_POINT ( 'NONE', #4604 ) ;
#3954 = LINE ( 'NONE', #6895, #2858 ) ;
#3955 = LINE ( 'NONE', #1214, #3701 ) ;
#3956 = DIRECTION ( 'NONE',  ( -0.000000000000000000, 0.000000000000000000, -1.000000000000000000 ) ) ;
#3957 = ADVANCED_FACE ( 'NONE', ( #680 ), #6844, .F. ) ;
#3958 = DIRECTION ( 'NONE',  ( -0.000000000000000000, -0.000000000000000000, -1.000000000000000000 ) ) ;
#3959 = DIRECTION ( 'NONE',  ( 0.000000000000000000, 1.000000000000000000, 0.000000000000000000 ) ) ;
#3960 = VECTOR ( 'NONE', #1787, 1000.000000000000000 ) ;
#3961 = EDGE_LOOP ( 'NONE', ( #5346, #3177, #3234, #2577 ) ) ;
#3962 = ORIENTED_EDGE ( 'NONE', *, *, #2548, .F. ) ;
#3963 = EDGE_CURVE ( 'NONE', #1595, #3310, #5608, .T. ) ;
#3964 = CARTESIAN_POINT ( 'NONE',  ( 1.500000000000001110, 0.5362000000000048949, 0.4749999999999997558 ) ) ;
#3965 = DIRECTION ( 'NONE',  ( 0.1736481776669336896, -0.9848077530122073542, 0.000000000000000000 ) ) ;
#3966 = LINE ( 'NONE', #2184, #3355 ) ;
#3967 = DIRECTION ( 'NONE',  ( -0.000000000000000000, -0.000000000000000000, -1.000000000000000000 ) ) ;
#3968 = VECTOR ( 'NONE', #2292, 1000.000000000000000 ) ;
#3969 = DIRECTION ( 'NONE',  ( -0.000000000000000000, -0.000000000000000000, -1.000000000000000000 ) ) ;
#3970 = EDGE_LOOP ( 'NONE', ( #7080, #4696, #781, #1722 ) ) ;
#3971 = VECTOR ( 'NONE', #3084, 1000.000000000000000 ) ;
#3972 = DIRECTION ( 'NONE',  ( -0.000000000000000000, -0.000000000000000000, -1.000000000000000000 ) ) ;
#3973 = DIRECTION ( 'NONE',  ( 1.000000000000000000, 0.000000000000000000, 0.000000000000000000 ) ) ;
#3974 = LINE ( 'NONE', #6123, #6048 ) ;
#3975 = VECTOR ( 'NONE', #1305, 1000.000000000000000 ) ;
#3976 = EDGE_LOOP ( 'NONE', ( #1690, #998, #5048, #470 ) ) ;
#3977 = LINE ( 'NONE', #4993, #2947 ) ;
#3978 = LINE ( 'NONE', #1235, #3934 ) ;
#3979 = DIRECTION ( 'NONE',  ( 0.000000000000000000, 1.000000000000000000, 0.000000000000000000 ) ) ;
#3980 = ORIENTED_EDGE ( 'NONE', *, *, #2803, .T. ) ;
#3981 = PLANE ( 'NONE',  #4783 ) ;
#3982 = CARTESIAN_POINT ( 'NONE',  ( 2.192393151670311457, 0.01300689682525807585, -1.125000000000000222 ) ) ;
#3983 = ORIENTED_EDGE ( 'NONE', *, *, #6602, .T. ) ;
#3984 = CARTESIAN_POINT ( 'NONE',  ( 0.7055000000000000160, 0.2999999999999999889, -1.772500000000000187 ) ) ;
#3985 = DIRECTION ( 'NONE',  ( -0.000000000000000000, -0.000000000000000000, -1.000000000000000000 ) ) ;
#3986 = VERTEX_POINT ( 'NONE', #4492 ) ;
#3987 = ADVANCED_FACE ( 'NONE', ( #6195 ), #6229, .F. ) ;
#3988 = PLANE ( 'NONE',  #3200 ) ;
#3989 =( NAMED_UNIT ( * ) PLANE_ANGLE_UNIT ( ) SI_UNIT ( $, .RADIAN. ) );
#3990 = DIRECTION ( 'NONE',  ( -0.05233595624293691656, 0.9986295347545742773, 0.000000000000000000 ) ) ;
#3991 = DIRECTION ( 'NONE',  ( -0.000000000000000000, -0.000000000000000000, -1.000000000000000000 ) ) ;
#3992 = LINE ( 'NONE', #6221, #4173 ) ;
#3993 = DIRECTION ( 'NONE',  ( -0.000000000000000000, -0.000000000000000000, -1.000000000000000000 ) ) ;
#3994 = EDGE_CURVE ( 'NONE', #3869, #1482, #2990, .T. ) ;
#3995 = EDGE_CURVE ( 'NONE', #949, #3612, #4760, .T. ) ;
#3996 = LINE ( 'NONE', #1149, #739 ) ;
#3997 = CARTESIAN_POINT ( 'NONE',  ( 1.500000000000001110, 0.7161999999999915101, 1.474999999999999645 ) ) ;
#3998 = DIRECTION ( 'NONE',  ( -0.000000000000000000, -0.000000000000000000, -1.000000000000000000 ) ) ;
#3999 = LINE ( 'NONE', #5534, #454 ) ;
#4000 = VERTEX_POINT ( 'NONE', #5266 ) ;
#4001 = EDGE_CURVE ( 'NONE', #114, #3800, #5196, .T. ) ;
#4002 = CIRCLE ( 'NONE', #4923, 0.2921194534934677955 ) ;
#4003 = LINE ( 'NONE', #5616, #148 ) ;
#4004 = CARTESIAN_POINT ( 'NONE',  ( -1.776161133969892392, 0.4240805465065236035, 1.124999999999999778 ) ) ;
#4005 = LINE ( 'NONE', #4686, #3569 ) ;
#4006 = ORIENTED_EDGE ( 'NONE', *, *, #1440, .F. ) ;
#4007 = CARTESIAN_POINT ( 'NONE',  ( 0.7055000000000000160, 0.1523999999999999799, -1.772500000000000187 ) ) ;
#4008 = ORIENTED_EDGE ( 'NONE', *, *, #1185, .F. ) ;
#4009 = EDGE_CURVE ( 'NONE', #2383, #2361, #888, .T. ) ;
#4010 = VECTOR ( 'NONE', #4526, 1000.000000000000114 ) ;
#4011 = ORIENTED_EDGE ( 'NONE', *, *, #4524, .T. ) ;
#4012 = CARTESIAN_POINT ( 'NONE',  ( 2.450000000000000178, 0.1797533162558100084, -1.775000000000000133 ) ) ;
#4013 = DIRECTION ( 'NONE',  ( -0.1736481776669313026, -0.9848077530122080203, -0.000000000000000000 ) ) ;
#4014 = ORIENTED_EDGE ( 'NONE', *, *, #2450, .F. ) ;
#4015 = CARTESIAN_POINT ( 'NONE',  ( -0.8254999999999999005, 0.1523999999999999799, -1.302500000000000213 ) ) ;
#4016 = CARTESIAN_POINT ( 'NONE',  ( -0.7055000000000007931, 0.1523999999999999799, 1.772499999999999964 ) ) ;
#4017 = ORIENTED_EDGE ( 'NONE', *, *, #6067, .F. ) ;
#4018 = PLANE ( 'NONE',  #1063 ) ;
#4019 = MECHANICAL_DESIGN_GEOMETRIC_PRESENTATION_REPRESENTATION (  '', ( #1705 ), #1033 ) ;
#4020 = CARTESIAN_POINT ( 'NONE',  ( -2.440579527876272081, -9.062316430720066274E-18, 0.4749999999999997558 ) ) ;
#4021 = ORIENTED_EDGE ( 'NONE', *, *, #7031, .T. ) ;
#4022 = VECTOR ( 'NONE', #4984, 1000.000000000000000 ) ;
#4023 = VERTEX_POINT ( 'NONE', #1890 ) ;
#4024 = LINE ( 'NONE', #5086, #6571 ) ;
#4025 = CARTESIAN_POINT ( 'NONE',  ( 0.7054999999999991278, 0.1523999999999999799, 1.772500000000000631 ) ) ;
#4026 = EDGE_CURVE ( 'NONE', #4590, #7109, #6342, .T. ) ;
#4027 = CARTESIAN_POINT ( 'NONE',  ( 2.063842636575948575, 0.4748065572667239942, -0.4750000000000001443 ) ) ;
#4028 = DIRECTION ( 'NONE',  ( -1.000000000000000000, 0.000000000000000000, 0.000000000000000000 ) ) ;
#4029 = ORIENTED_EDGE ( 'NONE', *, *, #1478, .T. ) ;
#4030 = ADVANCED_FACE ( 'NONE', ( #6983 ), #4796, .F. ) ;
#4031 = VECTOR ( 'NONE', #3259, 1000.000000000000000 ) ;
#4032 = VECTOR ( 'NONE', #2736, 1000.000000000000000 ) ;
#4033 = LINE ( 'NONE', #654, #3393 ) ;
#4034 = ADVANCED_FACE ( 'NONE', ( #822 ), #1427, .F. ) ;
#4035 = DIRECTION ( 'NONE',  ( 1.000000000000000000, -3.925976682163069868E-16, 0.000000000000000000 ) ) ;
#4036 = LINE ( 'NONE', #5795, #1713 ) ;
#4037 = AXIS2_PLACEMENT_3D ( 'NONE', #439, #7115, #477 ) ;
#4038 = VERTEX_POINT ( 'NONE', #7016 ) ;
#4039 = PLANE ( 'NONE',  #970 ) ;
#4040 = LINE ( 'NONE', #1302, #1390 ) ;
#4041 = AXIS2_PLACEMENT_3D ( 'NONE', #2306, #4505, #6756 ) ;
#4042 = VECTOR ( 'NONE', #2011, 1000.000000000000000 ) ;
#4043 = CARTESIAN_POINT ( 'NONE',  ( 1.500000000000001110, 0.5362000000000048949, -1.125000000000000222 ) ) ;
#4044 = EDGE_CURVE ( 'NONE', #5540, #6171, #1358, .T. ) ;
#4045 = AXIS2_PLACEMENT_3D ( 'NONE', #2665, #5945, #533 ) ;
#4046 = DIRECTION ( 'NONE',  ( 0.1736481776669313581, -0.9848077530122079093, 0.000000000000000000 ) ) ;
#4047 = ORIENTED_EDGE ( 'NONE', *, *, #7110, .T. ) ;
#4048 = UNCERTAINTY_MEASURE_WITH_UNIT (LENGTH_MEASURE( 1.000000000000000082E-05 ), #1958, 'distance_accuracy_value', 'NONE');
#4049 = CARTESIAN_POINT ( 'NONE',  ( -1.150000000000001021, 1.080000000000000071, -1.669500000000007311 ) ) ;
#4050 = ORIENTED_EDGE ( 'NONE', *, *, #2190, .T. ) ;
#4051 = ORIENTED_EDGE ( 'NONE', *, *, #6893, .F. ) ;
#4052 = VECTOR ( 'NONE', #3848, 1000.000000000000114 ) ;
#4053 = DIRECTION ( 'NONE',  ( 0.000000000000000000, 0.000000000000000000, 1.000000000000000000 ) ) ;
#4054 = CARTESIAN_POINT ( 'NONE',  ( -0.7055000000000000160, 0.1523999999999999799, -1.772500000000000409 ) ) ;
#4055 = DIRECTION ( 'NONE',  ( 0.000000000000000000, 0.000000000000000000, 1.000000000000000000 ) ) ;
#4056 = CARTESIAN_POINT ( 'NONE',  ( -0.9454999999999998961, 0.2999999999999999889, -1.772500000000000409 ) ) ;
#4057 = VECTOR ( 'NONE', #3524, 1000.000000000000000 ) ;
#4058 = ORIENTED_EDGE ( 'NONE', *, *, #340, .T. ) ;
#4059 = ORIENTED_EDGE ( 'NONE', *, *, #4933, .F. ) ;
#4060 = DIRECTION ( 'NONE',  ( -1.000000000000000000, -3.925976682163069868E-16, -0.000000000000000000 ) ) ;
#4061 = CARTESIAN_POINT ( 'NONE',  ( -2.201813623794039998, 0.1927602130810681935, -1.475000000000000089 ) ) ;
#4062 = PLANE ( 'NONE',  #3122 ) ;
#4063 = LINE ( 'NONE', #6812, #3935 ) ;
#4064 = CARTESIAN_POINT ( 'NONE',  ( -1.500000000000001110, 0.7161999999999915101, 0.1749999999999998224 ) ) ;
#4065 = VERTEX_POINT ( 'NONE', #5824 ) ;
#4066 = LINE ( 'NONE', #1164, #2409 ) ;
#4067 = VECTOR ( 'NONE', #2153, 1000.000000000000000 ) ;
#4068 = AXIS2_PLACEMENT_3D ( 'NONE', #3003, #1898, #4104 ) ;
#4069 = EDGE_LOOP ( 'NONE', ( #3839, #1363, #1931, #3214 ) ) ;
#4070 = LINE ( 'NONE', #5127, #6981 ) ;
#4071 = EDGE_CURVE ( 'NONE', #4350, #2794, #1997, .T. ) ;
#4072 = DIRECTION ( 'NONE',  ( 0.000000000000000000, -1.000000000000000000, 0.000000000000000000 ) ) ;
#4073 = DIRECTION ( 'NONE',  ( -0.000000000000000000, 1.000000000000000000, -0.000000000000000000 ) ) ;
#4074 = AXIS2_PLACEMENT_3D ( 'NONE', #3929, #5155, #3965 ) ;
#4075 = ORIENTED_EDGE ( 'NONE', *, *, #2595, .F. ) ;
#4076 = DIRECTION ( 'NONE',  ( -0.000000000000000000, -0.000000000000000000, -1.000000000000000000 ) ) ;
#4077 = ORIENTED_EDGE ( 'NONE', *, *, #2280, .T. ) ;
#4078 = EDGE_CURVE ( 'NONE', #2079, #1242, #5784, .T. ) ;
#4079 = VECTOR ( 'NONE', #4732, 1000.000000000000000 ) ;
#4080 = PLANE ( 'NONE',  #2351 ) ;
#4081 = EDGE_CURVE ( 'NONE', #3843, #5506, #2477, .T. ) ;
#4082 = ORIENTED_EDGE ( 'NONE', *, *, #3032, .T. ) ;
#4083 = CYLINDRICAL_SURFACE ( 'NONE', #504, 0.1749999999999998224 ) ;
#4084 = EDGE_LOOP ( 'NONE', ( #3196, #2087, #1450, #6642 ) ) ;
#4085 = PLANE ( 'NONE',  #5903 ) ;
#4086 = EDGE_CURVE ( 'NONE', #4038, #2746, #3027, .T. ) ;
#4087 = ADVANCED_FACE ( 'NONE', ( #4719 ), #284, .T. ) ;
#4088 = ORIENTED_EDGE ( 'NONE', *, *, #196, .T. ) ;
#4089 = EDGE_CURVE ( 'NONE', #3751, #4757, #3529, .T. ) ;
#4090 = ORIENTED_EDGE ( 'NONE', *, *, #3560, .F. ) ;
#4091 = CARTESIAN_POINT ( 'NONE',  ( 1.920000000000000373, 0.2540000000000001146, 1.774999999999999689 ) ) ;
#4092 = DIRECTION ( 'NONE',  ( 0.000000000000000000, 0.000000000000000000, -1.000000000000000000 ) ) ;
#4093 = SURFACE_SIDE_STYLE ('',( #3457 ) ) ;
#4094 = ADVANCED_FACE ( 'NONE', ( #242 ), #2439, .T. ) ;
#4095 = PRODUCT_DEFINITION ( 'UNKNOWN', '', #1670, #6551 ) ;
#4096 = ORIENTED_EDGE ( 'NONE', *, *, #3129, .T. ) ;
#4097 = CARTESIAN_POINT ( 'NONE',  ( 2.440579527876272081, -9.062316430720066274E-18, 1.774999999999999689 ) ) ;
#4098 = LINE ( 'NONE', #243, #2068 ) ;
#4099 = DIRECTION ( 'NONE',  ( 0.000000000000000000, 0.000000000000000000, 1.000000000000000000 ) ) ;
#4100 = EDGE_LOOP ( 'NONE', ( #3521, #1983, #4726, #1212, #6324, #3598, #4945, #502, #7182, #5618, #2386, #5625 ) ) ;
#4101 = CARTESIAN_POINT ( 'NONE',  ( 2.207681502606056778, 0.3047260107602003942, -0.1750000000000002387 ) ) ;
#4102 = DIRECTION ( 'NONE',  ( 0.000000000000000000, -1.000000000000000000, 0.000000000000000000 ) ) ;
#4103 = ORIENTED_EDGE ( 'NONE', *, *, #5556, .T. ) ;
#4104 = DIRECTION ( 'NONE',  ( 1.000000000000000000, 3.925976682163069868E-16, 0.000000000000000000 ) ) ;
#4105 = DIRECTION ( 'NONE',  ( 1.000000000000000000, 0.000000000000000000, -0.000000000000000000 ) ) ;
#4106 = CARTESIAN_POINT ( 'NONE',  ( -1.886577241033764230, 0.4435498852866788799, 1.774999999999999689 ) ) ;
#4107 = ORIENTED_EDGE ( 'NONE', *, *, #3686, .T. ) ;
#4108 = EDGE_CURVE ( 'NONE', #3042, #1356, #1393, .T. ) ;
#4109 = AXIS2_PLACEMENT_3D ( 'NONE', #2496, #4698, #6929 ) ;
#4110 = LINE ( 'NONE', #5875, #6764 ) ;
#4111 = ORIENTED_EDGE ( 'NONE', *, *, #4648, .F. ) ;
#4112 = DIRECTION ( 'NONE',  ( 0.000000000000000000, 0.000000000000000000, 1.000000000000000000 ) ) ;
#4113 = ADVANCED_FACE ( 'NONE', ( #4169 ), #556, .F. ) ;
#4114 = CARTESIAN_POINT ( 'NONE',  ( -0.7055000000000003491, 0.2999999999999999889, -1.627456665294731038E-16 ) ) ;
#4115 = CARTESIAN_POINT ( 'NONE',  ( 1.886577241033764230, 0.4435498852866788799, 1.124999999999999778 ) ) ;
#4116 = ORIENTED_EDGE ( 'NONE', *, *, #4915, .T. ) ;
#4117 = CARTESIAN_POINT ( 'NONE',  ( 0.000000000000000000, 0.2999999999999999889, 1.772500000000000631 ) ) ;
#4118 = EDGE_LOOP ( 'NONE', ( #1755, #2788, #6493, #2235 ) ) ;
#4119 = ORIENTED_EDGE ( 'NONE', *, *, #6360, .T. ) ;
#4120 = LINE ( 'NONE', #3056, #3378 ) ;
#4121 = ORIENTED_EDGE ( 'NONE', *, *, #6691, .F. ) ;
#4122 = CARTESIAN_POINT ( 'NONE',  ( -1.500000000000001110, -5.031254416147130648, 2.019499999999993634 ) ) ;
#4123 = CARTESIAN_POINT ( 'NONE',  ( -2.440579527876272081, -9.062316430720066274E-18, 1.124999999999999778 ) ) ;
#4124 = FACE_OUTER_BOUND ( 'NONE', #688, .T. ) ;
#4125 = ORIENTED_EDGE ( 'NONE', *, *, #6990, .T. ) ;
#4126 = ORIENTED_EDGE ( 'NONE', *, *, #2131, .T. ) ;
#4127 = DIRECTION ( 'NONE',  ( 0.000000000000000000, 0.000000000000000000, 1.000000000000000000 ) ) ;
#4128 = CARTESIAN_POINT ( 'NONE',  ( -2.063842636575949019, 0.4748065572667242162, 1.124999999999999778 ) ) ;
#4129 = ADVANCED_FACE ( 'NONE', ( #4926 ), #1000, .T. ) ;
#4130 = DIRECTION ( 'NONE',  ( -0.1736481776669313581, 0.9848077530122079093, 0.000000000000000000 ) ) ;
#4131 = CARTESIAN_POINT ( 'NONE',  ( -1.500000000000001110, 0.5362000000000048949, -0.1750000000000002387 ) ) ;
#4132 = ORIENTED_EDGE ( 'NONE', *, *, #1693, .T. ) ;
#4133 = DIRECTION ( 'NONE',  ( -0.1736481776669336896, 0.9848077530122073542, 0.000000000000000000 ) ) ;
#4134 = CIRCLE ( 'NONE', #4253, 0.1121194534934814163 ) ;
#4135 = EDGE_LOOP ( 'NONE', ( #4132, #4090, #2072, #455 ) ) ;
#4136 = CARTESIAN_POINT ( 'NONE',  ( -2.450000000000000178, 0.1797533162558100084, -0.8250000000000001776 ) ) ;
#4137 = DIRECTION ( 'NONE',  ( -1.000000000000000000, 0.000000000000000000, 0.000000000000000000 ) ) ;
#4138 = CARTESIAN_POINT ( 'NONE',  ( -1.776161133969892392, 0.4240805465065236035, 1.474999999999999645 ) ) ;
#4139 = AXIS2_PLACEMENT_3D ( 'NONE', #2402, #6314, #1335 ) ;
#4140 = ORIENTED_EDGE ( 'NONE', *, *, #6772, .F. ) ;
#4141 = DIRECTION ( 'NONE',  ( 0.05233595624293691656, 0.9986295347545742773, -0.000000000000000000 ) ) ;
#4142 = AXIS2_PLACEMENT_3D ( 'NONE', #5124, #4608, #1333 ) ;
#4143 = PLANE ( 'NONE',  #1664 ) ;
#4144 = DIRECTION ( 'NONE',  ( -0.1039620511844946416, -0.9891328443778545365, 0.1039620511844940726 ) ) ;
#4145 = ORIENTED_EDGE ( 'NONE', *, *, #603, .T. ) ;
#4146 = AXIS2_PLACEMENT_3D ( 'NONE', #1310, #3908, #77 ) ;
#4147 = CYLINDRICAL_SURFACE ( 'NONE', #275, 0.2921194534934677955 ) ;
#4148 = ORIENTED_EDGE ( 'NONE', *, *, #5846, .T. ) ;
#4149 = CARTESIAN_POINT ( 'NONE',  ( 1.459660994505032283, 0.1523999999999999799, 2.019499999999993634 ) ) ;
#4150 = CARTESIAN_POINT ( 'NONE',  ( -1.886577241033764230, 0.4435498852866789354, -1.475000000000000089 ) ) ;
#4151 = CIRCLE ( 'NONE', #1620, 0.2921194534934677955 ) ;
#4152 = VECTOR ( 'NONE', #6218, 1000.000000000000000 ) ;
#4153 = EDGE_LOOP ( 'NONE', ( #2291, #5864, #752, #6715 ) ) ;
#4154 = VECTOR ( 'NONE', #1408, 1000.000000000000000 ) ;
#4155 = ORIENTED_EDGE ( 'NONE', *, *, #5281, .T. ) ;
#4156 = LINE ( 'NONE', #5179, #1621 ) ;
#4157 = EDGE_CURVE ( 'NONE', #4562, #5659, #1567, .T. ) ;
#4158 = CARTESIAN_POINT ( 'NONE',  ( -2.063842636575949019, 0.4748065572667242162, -0.4750000000000001443 ) ) ;
#4159 = ORIENTED_EDGE ( 'NONE', *, *, #1017, .F. ) ;
#4160 = ORIENTED_EDGE ( 'NONE', *, *, #3649, .T. ) ;
#4161 = DIRECTION ( 'NONE',  ( -0.1039620511844946416, 0.9891328443778545365, -0.1039620511844940726 ) ) ;
#4162 = CARTESIAN_POINT ( 'NONE',  ( -0.9454999999999998961, 0.1523999999999999799, -1.772500000000000409 ) ) ;
#4163 = EDGE_CURVE ( 'NONE', #4898, #5821, #3204, .T. ) ;
#4164 = EDGE_LOOP ( 'NONE', ( #4398, #6609, #4313, #4258 ) ) ;
#4165 = VECTOR ( 'NONE', #1283, 1000.000000000000000 ) ;
#4166 = ORIENTED_EDGE ( 'NONE', *, *, #3302, .F. ) ;
#4167 = VECTOR ( 'NONE', #5029, 1000.000000000000114 ) ;
#4168 = DIRECTION ( 'NONE',  ( -0.05233595624293797127, -0.9986295347545741663, 0.000000000000000000 ) ) ;
#4169 = FACE_OUTER_BOUND ( 'NONE', #6729, .T. ) ;
#4170 = EDGE_CURVE ( 'NONE', #1832, #1995, #6473, .T. ) ;
#4171 = CYLINDRICAL_SURFACE ( 'NONE', #6839, 0.1121194534934809861 ) ;
#4172 = DIRECTION ( 'NONE',  ( 0.9986295347545742773, 0.05233595624293691656, -0.000000000000000000 ) ) ;
#4173 = VECTOR ( 'NONE', #4674, 1000.000000000000114 ) ;
#4174 = ORIENTED_EDGE ( 'NONE', *, *, #5022, .F. ) ;
#4175 = LINE ( 'NONE', #3749, #1155 ) ;
#4176 = EDGE_CURVE ( 'NONE', #3394, #6850, #7047, .T. ) ;
#4177 = MANIFOLD_SOLID_BREP ( 'LPattern1[10]', #2064 ) ;
#4178 = CARTESIAN_POINT ( 'NONE',  ( 2.097265395542184940, 0.2852566719800452844, 1.774999999999999689 ) ) ;
#4179 = CYLINDRICAL_SURFACE ( 'NONE', #3913, 0.1121194534934809861 ) ;
#4180 = CARTESIAN_POINT ( 'NONE',  ( -1.920000000000000373, 0.2540000000000000036, -1.475000000000000089 ) ) ;
#4181 = VERTEX_POINT ( 'NONE', #1635 ) ;
#4182 = VECTOR ( 'NONE', #448, 1000.000000000000114 ) ;
#4183 = CARTESIAN_POINT ( 'NONE',  ( 2.063842636575948575, 0.4748065572667239942, 0.8249999999999997335 ) ) ;
#4184 = ORIENTED_EDGE ( 'NONE', *, *, #736, .F. ) ;
#4185 = EDGE_LOOP ( 'NONE', ( #229, #4051, #2679, #1897 ) ) ;
#4186 = AXIS2_PLACEMENT_3D ( 'NONE', #6085, #425, #1679 ) ;
#4187 = DIRECTION ( 'NONE',  ( -0.9986295347545742773, -0.05233595624293731902, -0.000000000000000000 ) ) ;
#4188 = EDGE_LOOP ( 'NONE', ( #2801, #3068, #4745, #68 ) ) ;
#4189 = FACE_OUTER_BOUND ( 'NONE', #3970, .T. ) ;
#4190 = DIRECTION ( 'NONE',  ( 1.000000000000000000, 0.000000000000000000, -0.000000000000000000 ) ) ;
#4191 = VECTOR ( 'NONE', #2453, 1000.000000000000000 ) ;
#4192 = CARTESIAN_POINT ( 'NONE',  ( -1.886577241033764230, 0.4435498852866788799, 0.4749999999999997558 ) ) ;
#4193 = EDGE_LOOP ( 'NONE', ( #1579, #3063, #2215, #1311 ) ) ;
#4194 = DIRECTION ( 'NONE',  ( 0.000000000000000000, -1.000000000000000000, 0.000000000000000000 ) ) ;
#4195 = AXIS2_PLACEMENT_3D ( 'NONE', #4114, #2974, #3585 ) ;
#4196 = ORIENTED_EDGE ( 'NONE', *, *, #696, .T. ) ;
#4197 = VERTEX_POINT ( 'NONE', #3306 ) ;
#4198 = CARTESIAN_POINT ( 'NONE',  ( 1.886577241033764230, 0.4435498852866788799, 0.1749999999999998224 ) ) ;
#4199 = CARTESIAN_POINT ( 'NONE',  ( 2.450000000000000178, 0.1797533162558100084, -1.475000000000000089 ) ) ;
#4200 = ORIENTED_EDGE ( 'NONE', *, *, #1041, .T. ) ;
#4201 = VECTOR ( 'NONE', #376, 1000.000000000000000 ) ;
#4202 =( NAMED_UNIT ( * ) SI_UNIT ( $, .STERADIAN. ) SOLID_ANGLE_UNIT ( ) );
#4203 = EDGE_CURVE ( 'NONE', #2008, #6092, #2067, .T. ) ;
#4204 = VERTEX_POINT ( 'NONE', #4238 ) ;
#4205 = LINE ( 'NONE', #6439, #1239 ) ;
#4206 = CARTESIAN_POINT ( 'NONE',  ( -0.9455000000000007843, 0.2999999999999999889, 1.772499999999999964 ) ) ;
#4207 = DIRECTION ( 'NONE',  ( -0.000000000000000000, -0.000000000000000000, -1.000000000000000000 ) ) ;
#4208 = DIRECTION ( 'NONE',  ( 1.000000000000000000, 0.000000000000000000, 0.000000000000000000 ) ) ;
#4209 = EDGE_CURVE ( 'NONE', #3197, #2051, #6512, .T. ) ;
#4210 = LINE ( 'NONE', #6444, #3001 ) ;
#4211 = EDGE_LOOP ( 'NONE', ( #6316, #5433, #5605, #2093 ) ) ;
#4212 = CARTESIAN_POINT ( 'NONE',  ( 0.9454999999999997851, 0.2999999999999999889, -1.302500000000000213 ) ) ;
#4213 = FILL_AREA_STYLE_COLOUR ( '', #4597 ) ;
#4214 = EDGE_CURVE ( 'NONE', #2401, #1377, #4893, .T. ) ;
#4215 = ORIENTED_EDGE ( 'NONE', *, *, #5507, .F. ) ;
#4216 = CARTESIAN_POINT ( 'NONE',  ( 0.7055000000000000160, 0.1523999999999999799, -1.772500000000000187 ) ) ;
#4217 = DIRECTION ( 'NONE',  ( 0.000000000000000000, 0.000000000000000000, 1.000000000000000000 ) ) ;
#4218 = ORIENTED_EDGE ( 'NONE', *, *, #6325, .F. ) ;
#4219 = EDGE_CURVE ( 'NONE', #5629, #2158, #1037, .T. ) ;
#4220 = DIRECTION ( 'NONE',  ( 0.000000000000000000, -0.000000000000000000, 1.000000000000000000 ) ) ;
#4221 = ORIENTED_EDGE ( 'NONE', *, *, #3523, .F. ) ;
#4222 = PRESENTATION_STYLE_ASSIGNMENT (( #4737 ) ) ;
#4223 = LINE ( 'NONE', #7035, #2973 ) ;
#4224 = EDGE_CURVE ( 'NONE', #90, #5361, #2689, .T. ) ;
#4225 = DIRECTION ( 'NONE',  ( -0.000000000000000000, -0.000000000000000000, -1.000000000000000000 ) ) ;
#4226 = DIRECTION ( 'NONE',  ( -2.306813132947882026E-16, 0.000000000000000000, 1.000000000000000000 ) ) ;
#4227 = EDGE_LOOP ( 'NONE', ( #3, #2683, #4717, #1446 ) ) ;
#4228 = EDGE_CURVE ( 'NONE', #3844, #3042, #965, .T. ) ;
#4229 = ORIENTED_EDGE ( 'NONE', *, *, #2190, .F. ) ;
#4230 = CIRCLE ( 'NONE', #4457, 0.1749999999999998224 ) ;
#4231 = ORIENTED_EDGE ( 'NONE', *, *, #2363, .T. ) ;
#4232 = DIRECTION ( 'NONE',  ( 1.000000000000000000, 0.000000000000000000, 0.000000000000000000 ) ) ;
#4233 = CARTESIAN_POINT ( 'NONE',  ( -1.776161133969892392, 0.4240805465065236035, -0.1750000000000002387 ) ) ;
#4234 = DIRECTION ( 'NONE',  ( -0.000000000000000000, -0.000000000000000000, -1.000000000000000000 ) ) ;
#4235 = ORIENTED_EDGE ( 'NONE', *, *, #1858, .T. ) ;
#4236 = VERTEX_POINT ( 'NONE', #3274 ) ;
#4237 = CARTESIAN_POINT ( 'NONE',  ( 2.192393151670311457, 0.01300689682525807585, 0.4749999999999997558 ) ) ;
#4238 = CARTESIAN_POINT ( 'NONE',  ( -0.9454999999999998961, 0.1523999999999999799, -1.772500000000000409 ) ) ;
#4239 = SURFACE_STYLE_USAGE ( .BOTH. , #4797 ) ;
#4240 = DIRECTION ( 'NONE',  ( 1.000000000000000000, 0.000000000000000000, -0.000000000000000000 ) ) ;
#4241 = DIRECTION ( 'NONE',  ( -0.000000000000000000, -0.000000000000000000, -1.000000000000000000 ) ) ;
#4242 = EDGE_CURVE ( 'NONE', #554, #6366, #5484, .T. ) ;
#4243 = VECTOR ( 'NONE', #3841, 1000.000000000000000 ) ;
#4244 = ORIENTED_EDGE ( 'NONE', *, *, #2356, .F. ) ;
#4245 = CARTESIAN_POINT ( 'NONE',  ( 2.201813623794039998, 0.1927602130810683878, -0.8250000000000001776 ) ) ;
#4246 =( NAMED_UNIT ( * ) PLANE_ANGLE_UNIT ( ) SI_UNIT ( $, .RADIAN. ) );
#4247 = DIRECTION ( 'NONE',  ( 1.000000000000000000, -3.925976682163069868E-16, -0.000000000000000000 ) ) ;
#4248 = EDGE_CURVE ( 'NONE', #827, #848, #5250, .T. ) ;
#4249 = ORIENTED_EDGE ( 'NONE', *, *, #4001, .T. ) ;
#4250 = LINE ( 'NONE', #2077, #746 ) ;
#4251 = CYLINDRICAL_SURFACE ( 'NONE', #219, 0.1121194534934809861 ) ;
#4252 = VERTEX_POINT ( 'NONE', #5713 ) ;
#4253 = AXIS2_PLACEMENT_3D ( 'NONE', #5706, #2908, #1842 ) ;
#4254 = VECTOR ( 'NONE', #1046, 1000.000000000000000 ) ;
#4255 = ADVANCED_FACE ( 'NONE', ( #602 ), #5008, .T. ) ;
#4256 = DIRECTION ( 'NONE',  ( -0.9945218953682737340, -0.1045284632676502096, 0.000000000000000000 ) ) ;
#4257 = AXIS2_PLACEMENT_3D ( 'NONE', #358, #1399, #5378 ) ;
#4258 = ORIENTED_EDGE ( 'NONE', *, *, #5374, .T. ) ;
#4259 = AXIS2_PLACEMENT_3D ( 'NONE', #3062, #1809, #4714 ) ;
#4260 = DIRECTION ( 'NONE',  ( -0.000000000000000000, -0.000000000000000000, -1.000000000000000000 ) ) ;
#4261 = EDGE_CURVE ( 'NONE', #5500, #6951, #3343, .T. ) ;
#4262 = CARTESIAN_POINT ( 'NONE',  ( 1.886577241033764230, 0.4435498852866788799, -1.475000000000000089 ) ) ;
#4263 = FACE_OUTER_BOUND ( 'NONE', #6056, .T. ) ;
#4264 = EDGE_LOOP ( 'NONE', ( #489, #4269, #7183, #3874 ) ) ;
#4265 = MANIFOLD_SOLID_BREP ( 'LPattern1[9]', #3353 ) ;
#4266 =( GEOMETRIC_REPRESENTATION_CONTEXT ( 3 ) GLOBAL_UNCERTAINTY_ASSIGNED_CONTEXT ( ( #4048 ) ) GLOBAL_UNIT_ASSIGNED_CONTEXT ( ( #1958, #3628, #4202 ) ) REPRESENTATION_CONTEXT ( 'NONE', 'WORKASPACE' ) );
#4267 = CLOSED_SHELL ( 'NONE', ( #167, #5963, #518, #2036, #4829, #5936, #5390, #1810, #5369, #4299, #6987, #1081, #5240, #6334 ) ) ;
#4268 = EDGE_CURVE ( 'NONE', #2523, #5504, #6255, .T. ) ;
#4269 = ORIENTED_EDGE ( 'NONE', *, *, #6900, .F. ) ;
#4270 = VECTOR ( 'NONE', #4493, 1000.000000000000000 ) ;
#4271 = ORIENTED_EDGE ( 'NONE', *, *, #3201, .T. ) ;
#4272 = CARTESIAN_POINT ( 'NONE',  ( 0.9454999999999992299, 0.2999999999999999889, 1.302500000000000657 ) ) ;
#4273 = VECTOR ( 'NONE', #1061, 1000.000000000000114 ) ;
#4274 = ORIENTED_EDGE ( 'NONE', *, *, #5614, .T. ) ;
#4275 = VERTEX_POINT ( 'NONE', #4451 ) ;
#4276 = VECTOR ( 'NONE', #3472, 999.9999999999998863 ) ;
#4277 = CIRCLE ( 'NONE', #3132, 0.1121194534934809861 ) ;
#4278 = ORIENTED_EDGE ( 'NONE', *, *, #5738, .T. ) ;
#4279 = CARTESIAN_POINT ( 'NONE',  ( -1.776161133969892392, 0.4240805465065236035, -0.4750000000000001443 ) ) ;
#4280 = DIRECTION ( 'NONE',  ( -0.000000000000000000, -0.000000000000000000, -1.000000000000000000 ) ) ;
#4281 = DIRECTION ( 'NONE',  ( -0.000000000000000000, 1.000000000000000000, -0.000000000000000000 ) ) ;
#4282 = LINE ( 'NONE', #1570, #839 ) ;
#4283 = FACE_OUTER_BOUND ( 'NONE', #3537, .T. ) ;
#4284 = DIRECTION ( 'NONE',  ( 0.000000000000000000, -1.000000000000000000, 0.000000000000000000 ) ) ;
#4285 = VECTOR ( 'NONE', #4260, 1000.000000000000000 ) ;
#4286 = VERTEX_POINT ( 'NONE', #4555 ) ;
#4287 = DIRECTION ( 'NONE',  ( 0.000000000000000000, 0.000000000000000000, 1.000000000000000000 ) ) ;
#4288 = DIRECTION ( 'NONE',  ( 0.000000000000000000, 0.000000000000000000, 1.000000000000000000 ) ) ;
#4289 = AXIS2_PLACEMENT_3D ( 'NONE', #6976, #7007, #2025 ) ;
#4290 = ORIENTED_EDGE ( 'NONE', *, *, #4933, .T. ) ;
#4291 = CARTESIAN_POINT ( 'NONE',  ( -2.207681502606056778, 0.3047260107602003942, 1.774999999999999689 ) ) ;
#4292 = VERTEX_POINT ( 'NONE', #4417 ) ;
#4293 = ADVANCED_FACE ( 'NONE', ( #6663 ), #6701, .T. ) ;
#4294 = CARTESIAN_POINT ( 'NONE',  ( -2.450000000000000178, 0.1797533162558100084, 0.8249999999999997335 ) ) ;
#4295 = VERTEX_POINT ( 'NONE', #2282 ) ;
#4296 = FACE_OUTER_BOUND ( 'NONE', #5760, .T. ) ;
#4297 = DIRECTION ( 'NONE',  ( -1.000000000000000000, 0.000000000000000000, 0.000000000000000000 ) ) ;
#4298 = ORIENTED_EDGE ( 'NONE', *, *, #5068, .F. ) ;
#4299 = ADVANCED_FACE ( 'NONE', ( #6739 ), #2319, .F. ) ;
#4300 = EDGE_CURVE ( 'NONE', #6424, #2383, #2916, .T. ) ;
#4301 = ORIENTED_EDGE ( 'NONE', *, *, #1017, .T. ) ;
#4302 = CARTESIAN_POINT ( 'NONE',  ( 2.192393151670311457, 0.01300689682525807585, -1.475000000000000089 ) ) ;
#4303 = CARTESIAN_POINT ( 'NONE',  ( 2.097265395542184940, 0.2852566719800452844, -0.1750000000000002387 ) ) ;
#4304 = VECTOR ( 'NONE', #4426, 1000.000000000000000 ) ;
#4305 = ORIENTED_EDGE ( 'NONE', *, *, #547, .F. ) ;
#4306 = EDGE_CURVE ( 'NONE', #5108, #1894, #1249, .T. ) ;
#4307 = LINE ( 'NONE', #550, #6368 ) ;
#4308 = EDGE_CURVE ( 'NONE', #6203, #4000, #3955, .T. ) ;
#4309 = FACE_OUTER_BOUND ( 'NONE', #3515, .T. ) ;
#4310 = AXIS2_PLACEMENT_3D ( 'NONE', #7116, #7149, #3700 ) ;
#4311 = EDGE_CURVE ( 'NONE', #6083, #6577, #5631, .T. ) ;
#4312 = ORIENTED_EDGE ( 'NONE', *, *, #1179, .T. ) ;
#4313 = ORIENTED_EDGE ( 'NONE', *, *, #6537, .F. ) ;
#4314 = LINE ( 'NONE', #6544, #3314 ) ;
#4315 = AXIS2_PLACEMENT_3D ( 'NONE', #4162, #1887, #3127 ) ;
#4316 = DIRECTION ( 'NONE',  ( 0.000000000000000000, 0.000000000000000000, -1.000000000000000000 ) ) ;
#4317 = EDGE_CURVE ( 'NONE', #5811, #4275, #5079, .T. ) ;
#4318 = VERTEX_POINT ( 'NONE', #1773 ) ;
#4319 = ORIENTED_EDGE ( 'NONE', *, *, #4349, .T. ) ;
#4320 = CARTESIAN_POINT ( 'NONE',  ( -2.097265395542184940, 0.2852566719800452288, -0.4750000000000001443 ) ) ;
#4321 = DIRECTION ( 'NONE',  ( -0.000000000000000000, -0.000000000000000000, -1.000000000000000000 ) ) ;
#4322 = CARTESIAN_POINT ( 'NONE',  ( -1.459660994505034504, 0.1523999999999999799, -1.979160994505041016 ) ) ;
#4323 = ORIENTED_EDGE ( 'NONE', *, *, #1382, .F. ) ;
#4324 = DIRECTION ( 'NONE',  ( -1.000000000000000000, 0.000000000000000000, 0.000000000000000000 ) ) ;
#4325 = DIRECTION ( 'NONE',  ( 1.000000000000000000, 0.000000000000000000, -0.000000000000000000 ) ) ;
#4326 = VERTEX_POINT ( 'NONE', #5667 ) ;
#4327 = DIRECTION ( 'NONE',  ( 0.1736481776669313581, -0.9848077530122079093, 0.000000000000000000 ) ) ;
#4328 = ORIENTED_EDGE ( 'NONE', *, *, #1874, .F. ) ;
#4329 = LINE ( 'NONE', #6566, #2670 ) ;
#4330 = ORIENTED_EDGE ( 'NONE', *, *, #468, .T. ) ;
#4331 = LINE ( 'NONE', #2710, #5794 ) ;
#4332 = ORIENTED_EDGE ( 'NONE', *, *, #4261, .F. ) ;
#4333 = EDGE_CURVE ( 'NONE', #985, #3612, #1451, .T. ) ;
#4334 = ORIENTED_EDGE ( 'NONE', *, *, #5507, .T. ) ;
#4335 = CARTESIAN_POINT ( 'NONE',  ( -1.920000000000000373, 0.2540000000000000036, 1.124999999999999778 ) ) ;
#4336 = ORIENTED_EDGE ( 'NONE', *, *, #5926, .F. ) ;
#4337 = EDGE_CURVE ( 'NONE', #6796, #2401, #5797, .T. ) ;
#4338 = DIRECTION ( 'NONE',  ( -1.000000000000000000, 0.000000000000000000, 0.000000000000000000 ) ) ;
#4339 = CARTESIAN_POINT ( 'NONE',  ( 2.201813623794039998, 0.1927602130810683878, -0.4750000000000001443 ) ) ;
#4340 = ORIENTED_EDGE ( 'NONE', *, *, #1120, .F. ) ;
#4341 = AXIS2_PLACEMENT_3D ( 'NONE', #4718, #4679, #3097 ) ;
#4342 = ORIENTED_EDGE ( 'NONE', *, *, #6329, .F. ) ;
#4343 = LINE ( 'NONE', #1702, #5398 ) ;
#4344 = LINE ( 'NONE', #2725, #3842 ) ;
#4345 = DIRECTION ( 'NONE',  ( 1.000000000000000000, 0.000000000000000000, 0.000000000000000000 ) ) ;
#4346 = EDGE_CURVE ( 'NONE', #3604, #3444, #6333, .T. ) ;
#4347 = VECTOR ( 'NONE', #570, 1000.000000000000114 ) ;
#4348 = CARTESIAN_POINT ( 'NONE',  ( 0.000000000000000000, 0.2999999999999999889, -1.772500000000000187 ) ) ;
#4349 = EDGE_CURVE ( 'NONE', #2551, #6356, #4156, .T. ) ;
#4350 = VERTEX_POINT ( 'NONE', #3660 ) ;
#4351 = EDGE_LOOP ( 'NONE', ( #337, #5475, #6381, #5062 ) ) ;
#4352 = DIRECTION ( 'NONE',  ( 0.9986295347545742773, 0.05233595624293691656, -0.000000000000000000 ) ) ;
#4353 = DIRECTION ( 'NONE',  ( -0.1736481776669313026, -0.9848077530122080203, -0.000000000000000000 ) ) ;
#4354 = MANIFOLD_SOLID_BREP ( 'Boss-Extrude2', #7064 ) ;
#4355 = CARTESIAN_POINT ( 'NONE',  ( -1.150000000000001021, 1.080000000000000071, -1.494500000000007489 ) ) ;
#4356 = LINE ( 'NONE', #4429, #4387 ) ;
#4357 = VERTEX_POINT ( 'NONE', #1849 ) ;
#4358 = LINE ( 'NONE', #5984, #2893 ) ;
#4359 = DIRECTION ( 'NONE',  ( 1.000000000000000000, 3.925976682163069868E-16, 0.000000000000000000 ) ) ;
#4360 = CARTESIAN_POINT ( 'NONE',  ( 0.8255000000000001226, 0.2999999999999999889, -1.302500000000000213 ) ) ;
#4361 = CIRCLE ( 'NONE', #733, 0.1121194534934814163 ) ;
#4362 = ORIENTED_EDGE ( 'NONE', *, *, #4873, .T. ) ;
#4363 = DIRECTION ( 'NONE',  ( -0.000000000000000000, -0.000000000000000000, -1.000000000000000000 ) ) ;
#4364 = LINE ( 'NONE', #6611, #5130 ) ;
#4365 = VECTOR ( 'NONE', #2218, 1000.000000000000000 ) ;
#4366 = ORIENTED_EDGE ( 'NONE', *, *, #829, .T. ) ;
#4367 = CARTESIAN_POINT ( 'NONE',  ( -2.207681502606056778, 0.3047260107602003942, 0.8249999999999997335 ) ) ;
#4368 = CIRCLE ( 'NONE', #5663, 0.2921194534934677955 ) ;
#4369 = AXIS2_PLACEMENT_3D ( 'NONE', #4941, #7169, #4396 ) ;
#4370 = EDGE_LOOP ( 'NONE', ( #528, #4550, #30, #6767 ) ) ;
#4371 = LINE ( 'NONE', #3699, #5318 ) ;
#4372 = CARTESIAN_POINT ( 'NONE',  ( -2.207681502606056778, 0.3047260107602003942, 0.4749999999999997558 ) ) ;
#4373 = STYLED_ITEM ( 'NONE', ( #2392 ), #1796 ) ;
#4374 = CARTESIAN_POINT ( 'NONE',  ( 2.450000000000000178, 0.1797533162558100084, -0.4750000000000001443 ) ) ;
#4375 = AXIS2_PLACEMENT_3D ( 'NONE', #2277, #1734, #3948 ) ;
#4376 = LINE ( 'NONE', #7072, #3329 ) ;
#4377 = AXIS2_PLACEMENT_3D ( 'NONE', #6706, #59, #5051 ) ;
#4378 = ORIENTED_EDGE ( 'NONE', *, *, #4746, .T. ) ;
#4379 = ADVANCED_FACE ( 'NONE', ( #1913 ), #1381, .F. ) ;
#4380 = ORIENTED_EDGE ( 'NONE', *, *, #7074, .T. ) ;
#4381 = VECTOR ( 'NONE', #2094, 1000.000000000000000 ) ;
#4382 = DIRECTION ( 'NONE',  ( 0.000000000000000000, 0.000000000000000000, -1.000000000000000000 ) ) ;
#4383 = LINE ( 'NONE', #6625, #4052 ) ;
#4384 = CARTESIAN_POINT ( 'NONE',  ( 0.7054999999999991278, 0.2999999999999999889, 1.772500000000000631 ) ) ;
#4385 = CARTESIAN_POINT ( 'NONE',  ( 1.886577241033764230, 0.4435498852866788799, 0.8249999999999997335 ) ) ;
#4386 = EDGE_CURVE ( 'NONE', #5520, #5930, #1418, .T. ) ;
#4387 = VECTOR ( 'NONE', #4939, 1000.000000000000000 ) ;
#4388 = ORIENTED_EDGE ( 'NONE', *, *, #5374, .F. ) ;
#4389 = EDGE_CURVE ( 'NONE', #3162, #3607, #5261, .T. ) ;
#4390 = ORIENTED_EDGE ( 'NONE', *, *, #961, .T. ) ;
#4391 = CARTESIAN_POINT ( 'NONE',  ( 0.9454999999999997851, 0.1523999999999999799, -1.302500000000000213 ) ) ;
#4392 = VECTOR ( 'NONE', #371, 1000.000000000000000 ) ;
#4393 = DIRECTION ( 'NONE',  ( -0.000000000000000000, -0.000000000000000000, -1.000000000000000000 ) ) ;
#4394 = CARTESIAN_POINT ( 'NONE',  ( -2.097265395542184940, 0.2852566719800452288, 0.4749999999999997558 ) ) ;
#4395 = ORIENTED_EDGE ( 'NONE', *, *, #415, .F. ) ;
#4396 = DIRECTION ( 'NONE',  ( -1.000000000000000000, 0.000000000000000000, 0.000000000000000000 ) ) ;
#4397 = DIRECTION ( 'NONE',  ( 0.9848077530122079093, -0.1736481776669312749, 0.000000000000000000 ) ) ;
#4398 = ORIENTED_EDGE ( 'NONE', *, *, #6772, .T. ) ;
#4399 = EDGE_CURVE ( 'NONE', #1769, #4425, #1391, .T. ) ;
#4400 = EDGE_CURVE ( 'NONE', #6250, #1245, #1987, .T. ) ;
#4401 = EDGE_CURVE ( 'NONE', #3202, #1518, #6433, .T. ) ;
#4402 = DIRECTION ( 'NONE',  ( -1.000000000000000000, 0.000000000000000000, 0.000000000000000000 ) ) ;
#4403 = VECTOR ( 'NONE', #4464, 1000.000000000000000 ) ;
#4404 = CARTESIAN_POINT ( 'NONE',  ( 0.9454999999999991189, 0.1523999999999999799, 1.772500000000000631 ) ) ;
#4405 = ORIENTED_EDGE ( 'NONE', *, *, #6447, .F. ) ;
#4406 = DIRECTION ( 'NONE',  ( -0.9986295347545742773, -0.05233595624293731902, -0.000000000000000000 ) ) ;
#4407 = ORIENTED_EDGE ( 'NONE', *, *, #1619, .T. ) ;
#4408 = VECTOR ( 'NONE', #2728, 999.9999999999998863 ) ;
#4409 = ORIENTED_EDGE ( 'NONE', *, *, #6330, .F. ) ;
#4410 = LINE ( 'NONE', #2906, #3507 ) ;
#4411 = PLANE ( 'NONE',  #1923 ) ;
#4412 = VECTOR ( 'NONE', #6526, 1000.000000000000000 ) ;
#4413 = VECTOR ( 'NONE', #5222, 1000.000000000000000 ) ;
#4414 = ORIENTED_EDGE ( 'NONE', *, *, #2615, .F. ) ;
#4415 = ORIENTED_EDGE ( 'NONE', *, *, #330, .T. ) ;
#4416 = AXIS2_PLACEMENT_3D ( 'NONE', #754, #3356, #4527 ) ;
#4417 = CARTESIAN_POINT ( 'NONE',  ( -2.201813623794039998, 0.1927602130810681935, -1.125000000000000222 ) ) ;
#4418 = CARTESIAN_POINT ( 'NONE',  ( 1.920000000000000373, 0.2540000000000001146, 0.4749999999999997558 ) ) ;
#4419 = FACE_OUTER_BOUND ( 'NONE', #2743, .T. ) ;
#4420 = AXIS2_PLACEMENT_3D ( 'NONE', #843, #877, #1445 ) ;
#4421 = DIRECTION ( 'NONE',  ( -1.000000000000000000, 0.000000000000000000, -0.000000000000000000 ) ) ;
#4422 = CARTESIAN_POINT ( 'NONE',  ( 1.776161133969892392, 0.5362000000000048949, -1.475000000000000089 ) ) ;
#4423 = EDGE_CURVE ( 'NONE', #6655, #827, #5145, .T. ) ;
#4424 = AXIS2_PLACEMENT_3D ( 'NONE', #1899, #4105, #2413 ) ;
#4425 = VERTEX_POINT ( 'NONE', #6869 ) ;
#4426 = DIRECTION ( 'NONE',  ( -1.000000000000000000, 0.000000000000000000, 0.000000000000000000 ) ) ;
#4427 = ADVANCED_FACE ( 'NONE', ( #2980 ), #6297, .F. ) ;
#4428 = CARTESIAN_POINT ( 'NONE',  ( 2.440579527876272081, -9.062316430720066274E-18, 0.8249999999999997335 ) ) ;
#4429 = CARTESIAN_POINT ( 'NONE',  ( -1.886577241033764230, 0.4435498852866789354, 1.124999999999999778 ) ) ;
#4430 = VERTEX_POINT ( 'NONE', #4637 ) ;
#4431 = DIRECTION ( 'NONE',  ( -0.05233595624293797127, -0.9986295347545741663, 0.000000000000000000 ) ) ;
#4432 = FACE_OUTER_BOUND ( 'NONE', #3620, .T. ) ;
#4433 = CARTESIAN_POINT ( 'NONE',  ( 0.9454999999999992299, 0.1523999999999999799, 1.302500000000000657 ) ) ;
#4434 = ORIENTED_EDGE ( 'NONE', *, *, #2991, .F. ) ;
#4435 = SURFACE_SIDE_STYLE ('',( #2745 ) ) ;
#4436 = ORIENTED_EDGE ( 'NONE', *, *, #1731, .T. ) ;
#4437 = DIRECTION ( 'NONE',  ( 1.000000000000000000, 0.000000000000000000, 0.000000000000000000 ) ) ;
#4438 = LINE ( 'NONE', #2865, #2308 ) ;
#4439 = ORIENTED_EDGE ( 'NONE', *, *, #5030, .F. ) ;
#4440 = DIRECTION ( 'NONE',  ( -0.000000000000000000, -0.000000000000000000, -1.000000000000000000 ) ) ;
#4441 = CARTESIAN_POINT ( 'NONE',  ( -2.192393151670311457, 0.01300689682525807585, 0.1749999999999998224 ) ) ;
#4442 = ADVANCED_FACE ( 'NONE', ( #3194 ), #2681, .T. ) ;
#4443 = ORIENTED_EDGE ( 'NONE', *, *, #5139, .F. ) ;
#4444 = CARTESIAN_POINT ( 'NONE',  ( -1.500000000000001110, 0.7161999999999915101, -0.1750000000000002387 ) ) ;
#4445 = CARTESIAN_POINT ( 'NONE',  ( -1.459660994505034504, 1.100000000000000089, 1.979160994505027249 ) ) ;
#4446 = VERTEX_POINT ( 'NONE', #1586 ) ;
#4447 = LINE ( 'NONE', #2164, #5525 ) ;
#4448 = ORIENTED_EDGE ( 'NONE', *, *, #2440, .F. ) ;
#4449 = EDGE_LOOP ( 'NONE', ( #6799, #6613, #5275, #5277, #3678, #4082, #1929, #6267, #962, #6962, #5034, #5543 ) ) ;
#4450 = CARTESIAN_POINT ( 'NONE',  ( 2.063842636575948575, 0.4748065572667239942, 1.774999999999999689 ) ) ;
#4451 = CARTESIAN_POINT ( 'NONE',  ( -1.886577241033764230, 0.4435498852866789354, -0.1750000000000002387 ) ) ;
#4452 = CARTESIAN_POINT ( 'NONE',  ( -1.500000000000001110, 0.5362000000000048949, 0.8249999999999997335 ) ) ;
#4453 = LINE ( 'NONE', #1181, #3492 ) ;
#4454 = LINE ( 'NONE', #5314, #290 ) ;
#4455 = ORIENTED_EDGE ( 'NONE', *, *, #3674, .T. ) ;
#4456 = CARTESIAN_POINT ( 'NONE',  ( -1.776161133969892392, 0.5362000000000050060, -0.1750000000000002387 ) ) ;
#4457 = AXIS2_PLACEMENT_3D ( 'NONE', #1213, #5042, #334 ) ;
#4458 = CARTESIAN_POINT ( 'NONE',  ( -0.9454999999999995630, 0.1523999999999999799, -6.543275451606661891E-16 ) ) ;
#4459 = LINE ( 'NONE', #3497, #1168 ) ;
#4460 = DIRECTION ( 'NONE',  ( 0.000000000000000000, 0.000000000000000000, 1.000000000000000000 ) ) ;
#4461 = ORIENTED_EDGE ( 'NONE', *, *, #2548, .T. ) ;
#4462 = PLANE ( 'NONE',  #621 ) ;
#4463 = EDGE_CURVE ( 'NONE', #5152, #5396, #6030, .T. ) ;
#4464 = DIRECTION ( 'NONE',  ( -0.000000000000000000, -0.000000000000000000, -1.000000000000000000 ) ) ;
#4465 = ORIENTED_EDGE ( 'NONE', *, *, #1348, .T. ) ;
#4466 = CARTESIAN_POINT ( 'NONE',  ( -2.450000000000000178, 0.1797533162558100084, 1.774999999999999689 ) ) ;
#4467 = LINE ( 'NONE', #1793, #363 ) ;
#4468 = ORIENTED_EDGE ( 'NONE', *, *, #4463, .T. ) ;
#4469 = LINE ( 'NONE', #6723, #4484 ) ;
#4470 = LINE ( 'NONE', #2836, #7173 ) ;
#4471 = ADVANCED_FACE ( 'NONE', ( #2715 ), #1558, .F. ) ;
#4472 = EDGE_CURVE ( 'NONE', #6063, #194, #3837, .T. ) ;
#4473 = AXIS2_PLACEMENT_3D ( 'NONE', #7104, #6565, #1582 ) ;
#4474 = ORIENTED_EDGE ( 'NONE', *, *, #382, .T. ) ;
#4475 = DIRECTION ( 'NONE',  ( 1.000000000000000000, 0.000000000000000000, -0.000000000000000000 ) ) ;
#4476 = EDGE_LOOP ( 'NONE', ( #5076, #4409, #6596, #6955 ) ) ;
#4477 = DIRECTION ( 'NONE',  ( -0.000000000000000000, -0.000000000000000000, -1.000000000000000000 ) ) ;
#4478 = LINE ( 'NONE', #3911, #4580 ) ;
#4479 = EDGE_CURVE ( 'NONE', #5178, #3604, #5400, .T. ) ;
#4480 = VECTOR ( 'NONE', #2718, 1000.000000000000000 ) ;
#4481 = ADVANCED_FACE ( 'NONE', ( #5363 ), #992, .F. ) ;
#4482 = FACE_OUTER_BOUND ( 'NONE', #3403, .T. ) ;
#4483 = DIRECTION ( 'NONE',  ( 0.05233595624293796433, -0.9986295347545741663, -0.000000000000000000 ) ) ;
#4484 = VECTOR ( 'NONE', #1691, 999.9999999999998863 ) ;
#4485 = AXIS2_PLACEMENT_3D ( 'NONE', #1015, #5417, #461 ) ;
#4486 = LINE ( 'NONE', #1744, #397 ) ;
#4487 = CARTESIAN_POINT ( 'NONE',  ( -0.7055000000000000160, 0.1523999999999999799, -1.422500000000000320 ) ) ;
#4488 = DIRECTION ( 'NONE',  ( 0.000000000000000000, -0.000000000000000000, 1.000000000000000000 ) ) ;
#4489 = LINE ( 'NONE', #5188, #1605 ) ;
#4490 = VERTEX_POINT ( 'NONE', #4914 ) ;
#4491 = FACE_OUTER_BOUND ( 'NONE', #3212, .T. ) ;
#4492 = CARTESIAN_POINT ( 'NONE',  ( 0.8255000000000001226, 0.2999999999999999889, -1.302500000000000213 ) ) ;
#4493 = DIRECTION ( 'NONE',  ( -6.920439398843643121E-16, 0.000000000000000000, 1.000000000000000000 ) ) ;
#4494 = CARTESIAN_POINT ( 'NONE',  ( -1.776161133969892392, 0.5362000000000050060, 1.124999999999999778 ) ) ;
#4495 = VERTEX_POINT ( 'NONE', #3159 ) ;
#4496 = AXIS2_PLACEMENT_3D ( 'NONE', #2791, #4994, #31 ) ;
#4497 = VECTOR ( 'NONE', #5435, 1000.000000000000000 ) ;
#4498 = CARTESIAN_POINT ( 'NONE',  ( 1.776161133969892392, 0.4240805465065236035, -0.8250000000000001776 ) ) ;
#4499 = ORIENTED_EDGE ( 'NONE', *, *, #6849, .F. ) ;
#4500 = VECTOR ( 'NONE', #5871, 1000.000000000000000 ) ;
#4501 = DIRECTION ( 'NONE',  ( 0.000000000000000000, 1.000000000000000000, 0.000000000000000000 ) ) ;
#4502 = DIRECTION ( 'NONE',  ( 0.000000000000000000, 0.000000000000000000, 1.000000000000000000 ) ) ;
#4503 = ORIENTED_EDGE ( 'NONE', *, *, #7118, .T. ) ;
#4504 = LINE ( 'NONE', #6242, #405 ) ;
#4505 = DIRECTION ( 'NONE',  ( -0.9848077530122074652, -0.1736481776669337174, 0.000000000000000000 ) ) ;
#4506 = ORIENTED_EDGE ( 'NONE', *, *, #2352, .T. ) ;
#4507 = ADVANCED_FACE ( 'NONE', ( #2024 ), #1484, .T. ) ;
#4508 = AXIS2_PLACEMENT_3D ( 'NONE', #3220, #2119, #947 ) ;
#4509 = FACE_OUTER_BOUND ( 'NONE', #463, .T. ) ;
#4510 = ORIENTED_EDGE ( 'NONE', *, *, #6731, .F. ) ;
#4511 = EDGE_CURVE ( 'NONE', #5233, #1595, #2611, .T. ) ;
#4512 = PLANE ( 'NONE',  #2939 ) ;
#4513 = ORIENTED_EDGE ( 'NONE', *, *, #2230, .F. ) ;
#4514 = CARTESIAN_POINT ( 'NONE',  ( -1.500000000000001110, 0.5362000000000048949, 1.774999999999999689 ) ) ;
#4515 = LINE ( 'NONE', #5743, #6458 ) ;
#4516 = ORIENTED_EDGE ( 'NONE', *, *, #1656, .F. ) ;
#4517 = ORIENTED_EDGE ( 'NONE', *, *, #662, .F. ) ;
#4518 = PLANE ( 'NONE',  #1355 ) ;
#4519 = CARTESIAN_POINT ( 'NONE',  ( -1.886577241033764230, 0.4435498852866788799, -0.1750000000000002387 ) ) ;
#4520 = CARTESIAN_POINT ( 'NONE',  ( 1.886577241033764230, 0.4435498852866788799, 1.774999999999999689 ) ) ;
#4521 = CARTESIAN_POINT ( 'NONE',  ( 0.7055000000000000160, 0.1523999999999999799, -1.772500000000000187 ) ) ;
#4522 = CARTESIAN_POINT ( 'NONE',  ( -1.776161133969892392, 0.7161999999999913991, -0.4750000000000001443 ) ) ;
#4523 = LINE ( 'NONE', #6774, #2830 ) ;
#4524 = EDGE_CURVE ( 'NONE', #795, #5500, #2539, .T. ) ;
#4525 = CIRCLE ( 'NONE', #5002, 0.2921194534934677955 ) ;
#4526 = DIRECTION ( 'NONE',  ( 0.9986295347545742773, -0.05233595624293691656, 0.000000000000000000 ) ) ;
#4527 = DIRECTION ( 'NONE',  ( -1.000000000000000000, 0.000000000000000000, 0.000000000000000000 ) ) ;
#4528 = VECTOR ( 'NONE', #1761, 1000.000000000000227 ) ;
#4529 = EDGE_CURVE ( 'NONE', #6719, #5930, #1520, .T. ) ;
#4530 = CARTESIAN_POINT ( 'NONE',  ( 0.000000000000000000, 0.1523999999999999799, -1.979160994505041016 ) ) ;
#4531 = ORIENTED_EDGE ( 'NONE', *, *, #3779, .T. ) ;
#4532 = VECTOR ( 'NONE', #4801, 1000.000000000000000 ) ;
#4533 = CARTESIAN_POINT ( 'NONE',  ( -1.150000000000001021, 1.080000000000000071, -1.669500000000007311 ) ) ;
#4534 = VERTEX_POINT ( 'NONE', #4302 ) ;
#4535 = EDGE_CURVE ( 'NONE', #5928, #4197, #4881, .T. ) ;
#4536 = VECTOR ( 'NONE', #4483, 1000.000000000000114 ) ;
#4537 = CARTESIAN_POINT ( 'NONE',  ( -1.500000000000001110, 0.5362000000000048949, -1.125000000000000222 ) ) ;
#4538 = ORIENTED_EDGE ( 'NONE', *, *, #3254, .T. ) ;
#4539 = PLANE ( 'NONE',  #3671 ) ;
#4540 = LINE ( 'NONE', #5503, #4403 ) ;
#4541 = AXIS2_PLACEMENT_3D ( 'NONE', #5915, #6459, #3223 ) ;
#4542 = EDGE_LOOP ( 'NONE', ( #3427, #6570, #3665, #2975, #6363, #6882, #4439, #5988, #3006, #445, #446, #332 ) ) ;
#4543 = CARTESIAN_POINT ( 'NONE',  ( -2.440579527876272081, -9.062316430720066274E-18, 0.4749999999999997558 ) ) ;
#4544 = LINE ( 'NONE', #727, #2654 ) ;
#4545 = ORIENTED_EDGE ( 'NONE', *, *, #2662, .F. ) ;
#4546 = CARTESIAN_POINT ( 'NONE',  ( 0.000000000000000000, 0.2999999999999999889, 1.302500000000000657 ) ) ;
#4547 = ORIENTED_EDGE ( 'NONE', *, *, #5389, .F. ) ;
#4548 = LINE ( 'NONE', #3442, #285 ) ;
#4549 = ORIENTED_EDGE ( 'NONE', *, *, #769, .F. ) ;
#4550 = ORIENTED_EDGE ( 'NONE', *, *, #2004, .F. ) ;
#4551 = CARTESIAN_POINT ( 'NONE',  ( 2.201813623794039998, 0.1927602130810683878, 0.4749999999999997558 ) ) ;
#4552 = EDGE_CURVE ( 'NONE', #1085, #4446, #5998, .T. ) ;
#4553 = ORIENTED_EDGE ( 'NONE', *, *, #5053, .T. ) ;
#4554 = VERTEX_POINT ( 'NONE', #3801 ) ;
#4555 = CARTESIAN_POINT ( 'NONE',  ( -2.440579527876272081, -9.062316430720066274E-18, -0.4750000000000001443 ) ) ;
#4556 = EDGE_CURVE ( 'NONE', #1794, #520, #4371, .T. ) ;
#4557 = CARTESIAN_POINT ( 'NONE',  ( 1.500000000000001110, 0.7161999999999915101, -0.8250000000000001776 ) ) ;
#4558 = CARTESIAN_POINT ( 'NONE',  ( -0.9455000000000007843, 0.2999999999999999889, 1.772499999999999964 ) ) ;
#4559 = LINE ( 'NONE', #2847, #7111 ) ;
#4560 = LINE ( 'NONE', #4056, #3574 ) ;
#4561 = EDGE_CURVE ( 'NONE', #3941, #1718, #7069, .T. ) ;
#4562 = VERTEX_POINT ( 'NONE', #2968 ) ;
#4563 = CARTESIAN_POINT ( 'NONE',  ( 1.776161133969892392, 0.4240805465065236035, -0.4750000000000001443 ) ) ;
#4564 = DIRECTION ( 'NONE',  ( -0.000000000000000000, -0.000000000000000000, -1.000000000000000000 ) ) ;
#4565 = EDGE_CURVE ( 'NONE', #1255, #81, #1790, .T. ) ;
#4566 = DIRECTION ( 'NONE',  ( 1.000000000000000000, -3.925976682163069868E-16, 0.000000000000000000 ) ) ;
#4567 = CARTESIAN_POINT ( 'NONE',  ( 2.207681502606056778, 0.3047260107602003942, 1.474999999999999645 ) ) ;
#4568 = CARTESIAN_POINT ( 'NONE',  ( -1.886577241033764230, 0.4435498852866789354, 0.4749999999999997558 ) ) ;
#4569 = EDGE_LOOP ( 'NONE', ( #1328, #2737, #5546, #1631 ) ) ;
#4570 = EDGE_CURVE ( 'NONE', #3798, #5341, #3000, .T. ) ;
#4571 = CIRCLE ( 'NONE', #1127, 0.2921194534934677955 ) ;
#4572 = DIRECTION ( 'NONE',  ( -0.000000000000000000, 1.000000000000000000, -0.000000000000000000 ) ) ;
#4573 =( NAMED_UNIT ( * ) SI_UNIT ( $, .STERADIAN. ) SOLID_ANGLE_UNIT ( ) );
#4574 = LINE ( 'NONE', #6816, #7051 ) ;
#4575 = LINE ( 'NONE', #181, #936 ) ;
#4576 = EDGE_LOOP ( 'NONE', ( #3933, #5532, #6938, #3155 ) ) ;
#4577 = PLANE ( 'NONE',  #4424 ) ;
#4578 = FACE_OUTER_BOUND ( 'NONE', #6736, .T. ) ;
#4579 = ORIENTED_EDGE ( 'NONE', *, *, #2704, .F. ) ;
#4580 = VECTOR ( 'NONE', #2201, 1000.000000000000000 ) ;
#4581 = DIRECTION ( 'NONE',  ( -0.05233595624293797127, -0.9986295347545741663, 0.000000000000000000 ) ) ;
#4582 = ORIENTED_EDGE ( 'NONE', *, *, #457, .F. ) ;
#4583 = DIRECTION ( 'NONE',  ( -0.9848077530122079093, 0.1736481776669313581, 0.000000000000000000 ) ) ;
#4584 = VERTEX_POINT ( 'NONE', #3331 ) ;
#4585 = ORIENTED_EDGE ( 'NONE', *, *, #5272, .F. ) ;
#4586 = DIRECTION ( 'NONE',  ( -2.306813132947882026E-16, 0.000000000000000000, -1.000000000000000000 ) ) ;
#4587 = CARTESIAN_POINT ( 'NONE',  ( -1.920000000000000373, 0.2540000000000000036, -0.8250000000000001776 ) ) ;
#4589 = EDGE_LOOP ( 'NONE', ( #3755, #112, #5125, #3559 ) ) ;
#4588 = PRESENTATION_LAYER_ASSIGNMENT (  '', '', ( #3682 ) ) ;
#4590 = VERTEX_POINT ( 'NONE', #546 ) ;
#4591 = CARTESIAN_POINT ( 'NONE',  ( -1.150000000000001021, 1.080000000000000071, -1.844500000000007134 ) ) ;
#4592 = DIRECTION ( 'NONE',  ( -0.000000000000000000, -0.000000000000000000, -1.000000000000000000 ) ) ;
#4593 = AXIS2_PLACEMENT_3D ( 'NONE', #6213, #6139, #115 ) ;
#4594 = CARTESIAN_POINT ( 'NONE',  ( -2.440579527876272081, -9.062316430720066274E-18, -0.8250000000000001776 ) ) ;
#4595 = DIRECTION ( 'NONE',  ( -0.000000000000000000, -0.000000000000000000, -1.000000000000000000 ) ) ;
#4596 = DIRECTION ( 'NONE',  ( -1.000000000000000000, 3.925976682163069868E-16, 0.000000000000000000 ) ) ;
#4597 = COLOUR_RGB ( '',0.7921568627450980005, 0.8196078431372548767, 0.9333333333333333481 ) ;
#4598 = EDGE_CURVE ( 'NONE', #3915, #3419, #5558, .T. ) ;
#4599 = ORIENTED_EDGE ( 'NONE', *, *, #6593, .T. ) ;
#4600 = AXIS2_PLACEMENT_3D ( 'NONE', #2249, #4055, #1323 ) ;
#4601 = VECTOR ( 'NONE', #3532, 1000.000000000000000 ) ;
#4602 = ORIENTED_EDGE ( 'NONE', *, *, #4071, .F. ) ;
#4603 = LINE ( 'NONE', #6194, #1011 ) ;
#4604 = CARTESIAN_POINT ( 'NONE',  ( -2.192393151670311457, 0.01300689682525818514, 1.774999999999999689 ) ) ;
#4605 = DIRECTION ( 'NONE',  ( 6.920439398843646079E-16, 0.000000000000000000, -1.000000000000000000 ) ) ;
#4606 = EDGE_CURVE ( 'NONE', #5358, #3843, #2426, .T. ) ;
#4607 = LINE ( 'NONE', #4064, #4601 ) ;
#4608 = DIRECTION ( 'NONE',  ( 0.9986295347545742773, 0.05233595624293797821, -0.000000000000000000 ) ) ;
#4609 = EDGE_LOOP ( 'NONE', ( #6291, #692, #5978, #2656 ) ) ;
#4610 = VECTOR ( 'NONE', #5527, 1000.000000000000114 ) ;
#4611 = EDGE_CURVE ( 'NONE', #5540, #5520, #4575, .T. ) ;
#4612 = VECTOR ( 'NONE', #648, 1000.000000000000000 ) ;
#4613 = DIRECTION ( 'NONE',  ( 0.1736481776669313581, 0.9848077530122079093, -0.000000000000000000 ) ) ;
#4614 = AXIS2_PLACEMENT_3D ( 'NONE', #1024, #3831, #6648 ) ;
#4615 = DIRECTION ( 'NONE',  ( -1.000000000000000000, 0.000000000000000000, 0.000000000000000000 ) ) ;
#4616 =( LENGTH_UNIT ( ) NAMED_UNIT ( * ) SI_UNIT ( .MILLI., .METRE. ) );
#4617 = CARTESIAN_POINT ( 'NONE',  ( -2.440579527876272081, -9.062316430720066274E-18, -1.475000000000000089 ) ) ;
#4618 = VECTOR ( 'NONE', #2537, 1000.000000000000114 ) ;
#4619 = EDGE_CURVE ( 'NONE', #3836, #4490, #589, .T. ) ;
#4620 = VERTEX_POINT ( 'NONE', #4617 ) ;
#4621 = CARTESIAN_POINT ( 'NONE',  ( 0.7055000000000002380, 0.1523999999999999799, 4.882369995884193853E-16 ) ) ;
#4622 = ADVANCED_FACE ( 'NONE', ( #5129 ), #1130, .F. ) ;
#4623 = PLANE ( 'NONE',  #6997 ) ;
#4624 = LINE ( 'NONE', #6857, #129 ) ;
#4625 = EDGE_LOOP ( 'NONE', ( #1048, #6119, #7097, #600 ) ) ;
#4626 = EDGE_CURVE ( 'NONE', #3419, #6539, #725, .T. ) ;
#4627 = AXIS2_PLACEMENT_3D ( 'NONE', #145, #2339, #6790 ) ;
#4628 = AXIS2_PLACEMENT_3D ( 'NONE', #17, #4288, #6521 ) ;
#4629 = ORIENTED_EDGE ( 'NONE', *, *, #5523, .T. ) ;
#4630 = EDGE_CURVE ( 'NONE', #6450, #3541, #2197, .T. ) ;
#4631 = LINE ( 'NONE', #1309, #3971 ) ;
#4632 = ORIENTED_EDGE ( 'NONE', *, *, #2662, .T. ) ;
#4633 = UNCERTAINTY_MEASURE_WITH_UNIT (LENGTH_MEASURE( 1.000000000000000082E-05 ), #1320, 'distance_accuracy_value', 'NONE');
#4634 = VECTOR ( 'NONE', #1789, 1000.000000000000000 ) ;
#4635 = ORIENTED_EDGE ( 'NONE', *, *, #3517, .F. ) ;
#4636 = AXIS2_PLACEMENT_3D ( 'NONE', #4199, #6904, #5329 ) ;
#4637 = CARTESIAN_POINT ( 'NONE',  ( -0.7055000000000000160, 0.2999999999999999889, -1.772500000000000409 ) ) ;
#4638 = CARTESIAN_POINT ( 'NONE',  ( -0.7055000000000007931, 0.2999999999999999889, 1.772499999999999964 ) ) ;
#4639 = LINE ( 'NONE', #3593, #2204 ) ;
#4640 = CARTESIAN_POINT ( 'NONE',  ( 2.192393151670311457, 0.01300689682525807585, 1.474999999999999645 ) ) ;
#4641 = DIRECTION ( 'NONE',  ( -1.000000000000000000, 0.000000000000000000, 0.000000000000000000 ) ) ;
#4642 = VECTOR ( 'NONE', #2250, 1000.000000000000000 ) ;
#4643 = ORIENTED_EDGE ( 'NONE', *, *, #1533, .F. ) ;
#4644 = CARTESIAN_POINT ( 'NONE',  ( 1.500000000000001110, 0.5362000000000048949, -0.8250000000000001776 ) ) ;
#4645 = DIRECTION ( 'NONE',  ( 0.000000000000000000, -0.000000000000000000, 1.000000000000000000 ) ) ;
#4646 = DIRECTION ( 'NONE',  ( 2.306813132947882026E-16, 0.000000000000000000, -1.000000000000000000 ) ) ;
#4647 = FACE_OUTER_BOUND ( 'NONE', #241, .T. ) ;
#4648 = EDGE_CURVE ( 'NONE', #2097, #5323, #2408, .T. ) ;
#4649 = ORIENTED_EDGE ( 'NONE', *, *, #147, .T. ) ;
#4651 = EDGE_CURVE ( 'NONE', #1544, #3190, #2309, .T. ) ;
#4650 = VECTOR ( 'NONE', #6298, 1000.000000000000000 ) ;
#4652 = ORIENTED_EDGE ( 'NONE', *, *, #99, .T. ) ;
#4653 = LINE ( 'NONE', #3572, #160 ) ;
#4654 = DIRECTION ( 'NONE',  ( -0.000000000000000000, -0.000000000000000000, -1.000000000000000000 ) ) ;
#4655 = CIRCLE ( 'NONE', #1536, 0.1121194534934814163 ) ;
#4656 = ORIENTED_EDGE ( 'NONE', *, *, #608, .T. ) ;
#4657 = DIRECTION ( 'NONE',  ( -1.000000000000000000, 0.000000000000000000, 0.000000000000000000 ) ) ;
#4658 = ORIENTED_EDGE ( 'NONE', *, *, #2672, .T. ) ;
#4659 = CIRCLE ( 'NONE', #2107, 0.1121194534934809861 ) ;
#4660 = AXIS2_PLACEMENT_3D ( 'NONE', #5893, #5858, #4645 ) ;
#4661 = VECTOR ( 'NONE', #6337, 1000.000000000000114 ) ;
#4662 = PLANE ( 'NONE',  #5368 ) ;
#4663 = VERTEX_POINT ( 'NONE', #4180 ) ;
#4664 = DIRECTION ( 'NONE',  ( 1.000000000000000000, 0.000000000000000000, -3.097720492815728152E-16 ) ) ;
#4665 = ADVANCED_FACE ( 'NONE', ( #1405 ), #3717, .F. ) ;
#4666 = DIRECTION ( 'NONE',  ( -1.000000000000000000, 0.000000000000000000, 0.000000000000000000 ) ) ;
#4667 = ORIENTED_EDGE ( 'NONE', *, *, #350, .F. ) ;
#4668 = EDGE_CURVE ( 'NONE', #5017, #225, #3241, .T. ) ;
#4669 = PRODUCT_RELATED_PRODUCT_CATEGORY ( 'part', '', ( #3742 ) ) ;
#4670 = ORIENTED_EDGE ( 'NONE', *, *, #5163, .F. ) ;
#4671 = DIRECTION ( 'NONE',  ( -0.000000000000000000, -0.000000000000000000, -1.000000000000000000 ) ) ;
#4672 = LINE ( 'NONE', #1914, #3048 ) ;
#4673 = CARTESIAN_POINT ( 'NONE',  ( 2.192393151670311457, 0.01300689682525807585, 1.774999999999999689 ) ) ;
#4674 = DIRECTION ( 'NONE',  ( -0.9986295347545742773, -0.05233595624293731902, -0.000000000000000000 ) ) ;
#4675 = DIRECTION ( 'NONE',  ( 0.000000000000000000, 1.000000000000000000, 0.000000000000000000 ) ) ;
#4676 = ADVANCED_BREP_SHAPE_REPRESENTATION ( 'LTC3245MPMSE#PBF', ( #4354, #1901, #6616, #6713, #6603, #1893, #1817, #1796, #1846, #1784, #6804, #4265, #4177, #1950, #1805, #519 ), #5083 ) ;
#4677 = ORIENTED_EDGE ( 'NONE', *, *, #99, .F. ) ;
#4678 = EDGE_LOOP ( 'NONE', ( #4503, #3629, #2971, #7168 ) ) ;
#4679 = DIRECTION ( 'NONE',  ( -0.000000000000000000, -0.000000000000000000, -1.000000000000000000 ) ) ;
#4680 = DIRECTION ( 'NONE',  ( 1.000000000000000000, 0.000000000000000000, -0.000000000000000000 ) ) ;
#4681 = LINE ( 'NONE', #3602, #5791 ) ;
#4682 = DIRECTION ( 'NONE',  ( 0.000000000000000000, 0.000000000000000000, 1.000000000000000000 ) ) ;
#4683 = CARTESIAN_POINT ( 'NONE',  ( 1.776161133969892392, 0.5362000000000048949, -0.4750000000000001443 ) ) ;
#4684 = LINE ( 'NONE', #7020, #6725 ) ;
#4685 = FACE_OUTER_BOUND ( 'NONE', #2274, .T. ) ;
#4686 = CARTESIAN_POINT ( 'NONE',  ( -1.776161133969892392, 0.5362000000000050060, 1.774999999999999689 ) ) ;
#4687 = CARTESIAN_POINT ( 'NONE',  ( -1.500000000000001110, 0.5362000000000048949, 0.8249999999999997335 ) ) ;
#4688 = ORIENTED_EDGE ( 'NONE', *, *, #1259, .F. ) ;
#4689 = LINE ( 'NONE', #5312, #1203 ) ;
#4690 = LINE ( 'NONE', #5800, #2005 ) ;
#4691 = LINE ( 'NONE', #868, #4500 ) ;
#4692 = VERTEX_POINT ( 'NONE', #4803 ) ;
#4693 = VECTOR ( 'NONE', #3809, 1000.000000000000000 ) ;
#4694 = EDGE_CURVE ( 'NONE', #6350, #6796, #1505, .T. ) ;
#4695 = CARTESIAN_POINT ( 'NONE',  ( -2.192393151670311457, 0.01300689682525807585, 1.124999999999999778 ) ) ;
#4696 = ORIENTED_EDGE ( 'NONE', *, *, #3487, .T. ) ;
#4697 = PRESENTATION_STYLE_ASSIGNMENT (( #6430 ) ) ;
#4698 = DIRECTION ( 'NONE',  ( 0.000000000000000000, 0.000000000000000000, 1.000000000000000000 ) ) ;
#4699 = AXIS2_PLACEMENT_3D ( 'NONE', #1314, #3519, #2315 ) ;
#4700 = CARTESIAN_POINT ( 'NONE',  ( -1.500000000000001110, 0.5362000000000048949, -0.4750000000000001443 ) ) ;
#4701 = CARTESIAN_POINT ( 'NONE',  ( -0.7055000000000006821, 0.1523999999999999799, 1.422499999999999876 ) ) ;
#4702 = ORIENTED_EDGE ( 'NONE', *, *, #6020, .T. ) ;
#4703 = EDGE_CURVE ( 'NONE', #532, #4620, #6419, .T. ) ;
#4704 = CARTESIAN_POINT ( 'NONE',  ( -2.207681502606056778, 0.3047260107602003942, 1.774999999999999689 ) ) ;
#4705 = ADVANCED_FACE ( 'NONE', ( #5942 ), #1467, .F. ) ;
#4706 = VERTEX_POINT ( 'NONE', #5242 ) ;
#4707 = ORIENTED_EDGE ( 'NONE', *, *, #3525, .F. ) ;
#4708 = CARTESIAN_POINT ( 'NONE',  ( -1.500000000000001110, 0.7161999999999888455, 2.019499999999993634 ) ) ;
#4709 = ORIENTED_EDGE ( 'NONE', *, *, #6406, .T. ) ;
#4710 = ORIENTED_EDGE ( 'NONE', *, *, #2124, .T. ) ;
#4711 = LINE ( 'NONE', #4788, #4836 ) ;
#4712 = LINE ( 'NONE', #5227, #1548 ) ;
#4713 = EDGE_CURVE ( 'NONE', #779, #545, #2075, .T. ) ;
#4714 = DIRECTION ( 'NONE',  ( 1.000000000000000000, 0.000000000000000000, -0.000000000000000000 ) ) ;
#4715 = SURFACE_STYLE_USAGE ( .BOTH. , #960 ) ;
#4716 = EDGE_LOOP ( 'NONE', ( #83, #638, #4448, #4096 ) ) ;
#4717 = ORIENTED_EDGE ( 'NONE', *, *, #2986, .F. ) ;
#4718 = CARTESIAN_POINT ( 'NONE',  ( -1.776161133969892392, 0.4240805465065236035, 1.124999999999999778 ) ) ;
#4719 = FACE_OUTER_BOUND ( 'NONE', #3781, .T. ) ;
#4720 = SURFACE_STYLE_FILL_AREA ( #3066 ) ;
#4721 = FACE_OUTER_BOUND ( 'NONE', #5190, .T. ) ;
#4722 = AXIS2_PLACEMENT_3D ( 'NONE', #1612, #4393, #531 ) ;
#4723 = CARTESIAN_POINT ( 'NONE',  ( 1.776161133969892392, 0.7161999999999913991, -0.8250000000000001776 ) ) ;
#4724 = CARTESIAN_POINT ( 'NONE',  ( -2.063842636575949019, 0.4748065572667242162, -0.1750000000000002387 ) ) ;
#4725 = VECTOR ( 'NONE', #3349, 1000.000000000000114 ) ;
#4726 = ORIENTED_EDGE ( 'NONE', *, *, #1256, .T. ) ;
#4727 = DIRECTION ( 'NONE',  ( 0.9848077530122079093, 0.1736481776669313581, -0.000000000000000000 ) ) ;
#4728 = CARTESIAN_POINT ( 'NONE',  ( 2.207681502606056778, 0.3047260107602003942, -0.1750000000000002387 ) ) ;
#4729 = VECTOR ( 'NONE', #1908, 1000.000000000000227 ) ;
#4730 = ORIENTED_EDGE ( 'NONE', *, *, #2280, .F. ) ;
#4731 = LINE ( 'NONE', #1545, #1422 ) ;
#4732 = DIRECTION ( 'NONE',  ( -0.000000000000000000, -0.000000000000000000, -1.000000000000000000 ) ) ;
#4733 = LINE ( 'NONE', #3645, #714 ) ;
#4734 = EDGE_LOOP ( 'NONE', ( #6727, #351, #4670, #5946 ) ) ;
#4735 = PLANE ( 'NONE',  #6062 ) ;
#4736 = ORIENTED_EDGE ( 'NONE', *, *, #4888, .T. ) ;
#4737 = SURFACE_STYLE_USAGE ( .BOTH. , #2529 ) ;
#4738 = PLANE ( 'NONE',  #5161 ) ;
#4739 = CARTESIAN_POINT ( 'NONE',  ( -1.776161133969892392, 0.5362000000000050060, -1.475000000000000089 ) ) ;
#4740 = LINE ( 'NONE', #4115, #6257 ) ;
#4741 = ORIENTED_EDGE ( 'NONE', *, *, #6541, .F. ) ;
#4742 = EDGE_CURVE ( 'NONE', #4065, #7084, #3475, .T. ) ;
#4743 = CARTESIAN_POINT ( 'NONE',  ( 0.000000000000000000, 0.1523999999999999799, 1.772499999999999964 ) ) ;
#4744 = AXIS2_PLACEMENT_3D ( 'NONE', #344, #4671, #6400 ) ;
#4745 = ORIENTED_EDGE ( 'NONE', *, *, #6131, .T. ) ;
#4746 = EDGE_CURVE ( 'NONE', #390, #2079, #366, .T. ) ;
#4747 =( NAMED_UNIT ( * ) PLANE_ANGLE_UNIT ( ) SI_UNIT ( $, .RADIAN. ) );
#4748 = PLANE ( 'NONE',  #4289 ) ;
#4749 = EDGE_LOOP ( 'NONE', ( #2922, #6806, #7014, #4849 ) ) ;
#4750 = EDGE_CURVE ( 'NONE', #1527, #1818, #3142, .T. ) ;
#4751 = CARTESIAN_POINT ( 'NONE',  ( 2.201813623794039998, 0.1927602130810683878, 0.4749999999999997558 ) ) ;
#4752 = LINE ( 'NONE', #2579, #4661 ) ;
#4753 = DIRECTION ( 'NONE',  ( -1.000000000000000000, 0.000000000000000000, 0.000000000000000000 ) ) ;
#4754 = SURFACE_STYLE_FILL_AREA ( #3022 ) ;
#4755 = ORIENTED_EDGE ( 'NONE', *, *, #4750, .T. ) ;
#4756 = VECTOR ( 'NONE', #2880, 1000.000000000000000 ) ;
#4757 = VERTEX_POINT ( 'NONE', #7025 ) ;
#4758 = COLOUR_RGB ( '',0.7921568627450980005, 0.8196078431372548767, 0.9333333333333333481 ) ;
#4759 = DIRECTION ( 'NONE',  ( -1.000000000000000000, 0.000000000000000000, 0.000000000000000000 ) ) ;
#4760 = LINE ( 'NONE', #6947, #281 ) ;
#4761 = DIRECTION ( 'NONE',  ( 0.000000000000000000, 0.000000000000000000, 1.000000000000000000 ) ) ;
#4762 = DIRECTION ( 'NONE',  ( -1.000000000000000000, 0.000000000000000000, 0.000000000000000000 ) ) ;
#4763 = EDGE_CURVE ( 'NONE', #2794, #3033, #2037, .T. ) ;
#4764 = AXIS2_PLACEMENT_3D ( 'NONE', #87, #5562, #562 ) ;
#4765 = EDGE_CURVE ( 'NONE', #1718, #5441, #5385, .T. ) ;
#4766 = ORIENTED_EDGE ( 'NONE', *, *, #250, .T. ) ;
#4767 = DIRECTION ( 'NONE',  ( 0.000000000000000000, 1.000000000000000000, 0.000000000000000000 ) ) ;
#4768 = CARTESIAN_POINT ( 'NONE',  ( 1.776161133969892392, 0.4240805465065236035, 1.124999999999999778 ) ) ;
#4769 = VERTEX_POINT ( 'NONE', #2074 ) ;
#4770 = CARTESIAN_POINT ( 'NONE',  ( 0.7054999999999993499, 0.2999999999999999889, 1.422499999999999876 ) ) ;
#4771 = AXIS2_PLACEMENT_3D ( 'NONE', #1051, #5579, #4359 ) ;
#4772 = LINE ( 'NONE', #4106, #3588 ) ;
#4773 = ORIENTED_EDGE ( 'NONE', *, *, #736, .T. ) ;
#4774 = ORIENTED_EDGE ( 'NONE', *, *, #1862, .T. ) ;
#4775 = DIRECTION ( 'NONE',  ( -0.000000000000000000, -0.000000000000000000, -1.000000000000000000 ) ) ;
#4776 = ORIENTED_EDGE ( 'NONE', *, *, #5510, .F. ) ;
#4777 = DIRECTION ( 'NONE',  ( -0.000000000000000000, -0.000000000000000000, -1.000000000000000000 ) ) ;
#4778 = DIRECTION ( 'NONE',  ( -3.097720492815726673E-16, 0.000000000000000000, 1.000000000000000000 ) ) ;
#4779 = VECTOR ( 'NONE', #3872, 1000.000000000000114 ) ;
#4780 = CYLINDRICAL_SURFACE ( 'NONE', #5313, 0.2921194534934677955 ) ;
#4781 = EDGE_LOOP ( 'NONE', ( #6926, #4822, #2289, #6237, #6158, #5814, #3983, #4817, #5861, #1044, #3264, #1366 ) ) ;
#4782 = DIRECTION ( 'NONE',  ( -0.000000000000000000, 0.000000000000000000, -1.000000000000000000 ) ) ;
#4783 = AXIS2_PLACEMENT_3D ( 'NONE', #3907, #1272, #4475 ) ;
#4784 = ORIENTED_EDGE ( 'NONE', *, *, #5272, .T. ) ;
#4785 = DIRECTION ( 'NONE',  ( -0.000000000000000000, 0.000000000000000000, -1.000000000000000000 ) ) ;
#4786 = DIRECTION ( 'NONE',  ( -0.9986295347545742773, -0.05233595624293731902, -0.000000000000000000 ) ) ;
#4787 = VECTOR ( 'NONE', #1585, 1000.000000000000000 ) ;
#4788 = CARTESIAN_POINT ( 'NONE',  ( -2.440579527876272081, -9.062316430720066274E-18, -0.8250000000000001776 ) ) ;
#4789 = CARTESIAN_POINT ( 'NONE',  ( -2.063842636575949019, 0.4748065572667242162, 1.474999999999999645 ) ) ;
#4790 = CARTESIAN_POINT ( 'NONE',  ( -1.920000000000000373, 0.2540000000000000036, 1.774999999999999689 ) ) ;
#4791 = CARTESIAN_POINT ( 'NONE',  ( -1.776161133969892392, 0.4240805465065236035, 0.4749999999999997558 ) ) ;
#4792 = ORIENTED_EDGE ( 'NONE', *, *, #6798, .F. ) ;
#4793 = EDGE_CURVE ( 'NONE', #2447, #5108, #6349, .T. ) ;
#4794 = ORIENTED_EDGE ( 'NONE', *, *, #3399, .T. ) ;
#4795 = LINE ( 'NONE', #1457, #75 ) ;
#4796 = PLANE ( 'NONE',  #6182 ) ;
#4797 = SURFACE_SIDE_STYLE ('',( #4720 ) ) ;
#4798 = CARTESIAN_POINT ( 'NONE',  ( 1.886577241033764230, 0.4435498852866788799, -0.1750000000000002387 ) ) ;
#4799 = ADVANCED_FACE ( 'NONE', ( #294 ), #1047, .F. ) ;
#4800 = ORIENTED_EDGE ( 'NONE', *, *, #4176, .T. ) ;
#4801 = DIRECTION ( 'NONE',  ( -1.000000000000000000, 0.000000000000000000, 0.000000000000000000 ) ) ;
#4802 = CARTESIAN_POINT ( 'NONE',  ( 1.776161133969892392, 0.4240805465065236035, -0.1750000000000002387 ) ) ;
#4803 = CARTESIAN_POINT ( 'NONE',  ( 0.9454999999999992299, 0.2999999999999999889, 1.302500000000000657 ) ) ;
#4804 = ORIENTED_EDGE ( 'NONE', *, *, #4170, .F. ) ;
#4805 = LINE ( 'NONE', #6057, #251 ) ;
#4806 = ADVANCED_FACE ( 'NONE', ( #3248 ), #5531, .F. ) ;
#4807 = CARTESIAN_POINT ( 'NONE',  ( 2.207681502606056778, 0.3047260107602003942, -1.475000000000000089 ) ) ;
#4808 = ORIENTED_EDGE ( 'NONE', *, *, #1510, .F. ) ;
#4809 = CARTESIAN_POINT ( 'NONE',  ( 1.776161133969892392, 0.5362000000000048949, 0.4749999999999997558 ) ) ;
#4810 = LINE ( 'NONE', #7038, #46 ) ;
#4811 = CARTESIAN_POINT ( 'NONE',  ( -0.9454999999999997851, 0.2999999999999999889, -1.302500000000000213 ) ) ;
#4812 = ORIENTED_EDGE ( 'NONE', *, *, #1091, .F. ) ;
#4813 = ORIENTED_EDGE ( 'NONE', *, *, #2170, .F. ) ;
#4814 = VECTOR ( 'NONE', #7142, 1000.000000000000000 ) ;
#4815 = VERTEX_POINT ( 'NONE', #5572 ) ;
#4816 = CARTESIAN_POINT ( 'NONE',  ( 1.500000000000001110, 0.7161999999999915101, -0.8250000000000001776 ) ) ;
#4817 = ORIENTED_EDGE ( 'NONE', *, *, #430, .T. ) ;
#4818 = ORIENTED_EDGE ( 'NONE', *, *, #1221, .F. ) ;
#4819 = CARTESIAN_POINT ( 'NONE',  ( 2.207681502606056778, 0.3047260107602003942, -0.8250000000000001776 ) ) ;
#4820 = CARTESIAN_POINT ( 'NONE',  ( 1.776161133969892392, 0.7161999999999913991, 1.474999999999999645 ) ) ;
#4821 = ORIENTED_EDGE ( 'NONE', *, *, #5191, .F. ) ;
#4822 = ORIENTED_EDGE ( 'NONE', *, *, #5379, .T. ) ;
#4823 = DIRECTION ( 'NONE',  ( 0.05233595624293796433, -0.9986295347545741663, -0.000000000000000000 ) ) ;
#4824 =( NAMED_UNIT ( * ) SI_UNIT ( $, .STERADIAN. ) SOLID_ANGLE_UNIT ( ) );
#4825 = CARTESIAN_POINT ( 'NONE',  ( -2.201813623794039998, 0.1927602130810681935, 1.124999999999999778 ) ) ;
#4826 = DIRECTION ( 'NONE',  ( 0.000000000000000000, -1.000000000000000000, 0.000000000000000000 ) ) ;
#4827 = ADVANCED_FACE ( 'NONE', ( #612 ), #2149, .F. ) ;
#4828 = AXIS2_PLACEMENT_3D ( 'NONE', #3557, #389, #923 ) ;
#4829 = ADVANCED_FACE ( 'NONE', ( #1648 ), #5453, .F. ) ;
#4830 = PRESENTATION_STYLE_ASSIGNMENT (( #3676 ) ) ;
#4831 = DIRECTION ( 'NONE',  ( 0.000000000000000000, 0.000000000000000000, 1.000000000000000000 ) ) ;
#4832 = EDGE_LOOP ( 'NONE', ( #1401, #5381, #296, #6365 ) ) ;
#4833 = CARTESIAN_POINT ( 'NONE',  ( -2.207681502606056778, 0.3047260107602003942, -0.8250000000000001776 ) ) ;
#4834 = ORIENTED_EDGE ( 'NONE', *, *, #2136, .F. ) ;
#4835 = EDGE_CURVE ( 'NONE', #2126, #2296, #4356, .T. ) ;
#4836 = VECTOR ( 'NONE', #2506, 1000.000000000000114 ) ;
#4837 = MECHANICAL_DESIGN_GEOMETRIC_PRESENTATION_REPRESENTATION (  '', ( #802 ), #6591 ) ;
#4838 = FACE_OUTER_BOUND ( 'NONE', #2751, .T. ) ;
#4839 = EDGE_CURVE ( 'NONE', #1801, #4706, #3857, .T. ) ;
#4840 = COLOUR_RGB ( '',0.7921568627450980005, 0.8196078431372548767, 0.9333333333333333481 ) ;
#4841 = ORIENTED_EDGE ( 'NONE', *, *, #3032, .F. ) ;
#4842 = VECTOR ( 'NONE', #757, 1000.000000000000000 ) ;
#4843 = EDGE_CURVE ( 'NONE', #5358, #1169, #492, .T. ) ;
#4844 = SURFACE_SIDE_STYLE ('',( #875 ) ) ;
#4845 = CARTESIAN_POINT ( 'NONE',  ( -1.776161133969892392, 0.7161999999999913991, -1.475000000000000089 ) ) ;
#4846 = LINE ( 'NONE', #6027, #983 ) ;
#4847 = EDGE_LOOP ( 'NONE', ( #3539, #43, #3383, #4414 ) ) ;
#4848 = ADVANCED_FACE ( 'NONE', ( #1116 ), #3359, .F. ) ;
#4849 = ORIENTED_EDGE ( 'NONE', *, *, #590, .T. ) ;
#4850 = ADVANCED_FACE ( 'NONE', ( #7135 ), #3754, .T. ) ;
#4851 = ORIENTED_EDGE ( 'NONE', *, *, #6988, .F. ) ;
#4852 = DIRECTION ( 'NONE',  ( -0.9986295347545742773, 0.05233595624293691656, 0.000000000000000000 ) ) ;
#4853 = CARTESIAN_POINT ( 'NONE',  ( 0.8255000000000001226, 0.1523999999999999799, 0.000000000000000000 ) ) ;
#4854 = AXIS2_PLACEMENT_3D ( 'NONE', #6974, #3055, #3590 ) ;
#4855 = VERTEX_POINT ( 'NONE', #4982 ) ;
#4856 = CARTESIAN_POINT ( 'NONE',  ( 1.776161133969892392, 0.4240805465065236035, 1.774999999999999689 ) ) ;
#4857 = CARTESIAN_POINT ( 'NONE',  ( 1.500000000000001110, 0.5362000000000048949, 1.474999999999999645 ) ) ;
#4858 = CARTESIAN_POINT ( 'NONE',  ( -2.440579527876272081, -9.062316430720066274E-18, -0.8250000000000001776 ) ) ;
#4859 = DIRECTION ( 'NONE',  ( 0.000000000000000000, 0.000000000000000000, 1.000000000000000000 ) ) ;
#4860 = DIRECTION ( 'NONE',  ( 0.9848077530122079093, 0.1736481776669313581, -0.000000000000000000 ) ) ;
#4861 = CARTESIAN_POINT ( 'NONE',  ( -0.9455000000000007843, 0.1523999999999999799, 1.772499999999999964 ) ) ;
#4862 = VECTOR ( 'NONE', #537, 1000.000000000000000 ) ;
#4863 = ORIENTED_EDGE ( 'NONE', *, *, #1099, .T. ) ;
#4864 = DIRECTION ( 'NONE',  ( 0.1736481776669312749, 0.9848077530122079093, 0.000000000000000000 ) ) ;
#4865 = ADVANCED_FACE ( 'NONE', ( #7096 ), #1613, .T. ) ;
#4866 = CARTESIAN_POINT ( 'NONE',  ( 2.097265395542184940, 0.2852566719800452844, -1.125000000000000222 ) ) ;
#4867 = DIRECTION ( 'NONE',  ( -0.9986295347545742773, 0.05233595624293797821, 0.000000000000000000 ) ) ;
#4868 = VECTOR ( 'NONE', #7158, 1000.000000000000000 ) ;
#4869 = EDGE_LOOP ( 'NONE', ( #539, #2505, #5646, #2631 ) ) ;
#4870 = DIRECTION ( 'NONE',  ( -0.000000000000000000, -0.000000000000000000, -1.000000000000000000 ) ) ;
#4871 = ORIENTED_EDGE ( 'NONE', *, *, #5281, .F. ) ;
#4872 = LINE ( 'NONE', #1549, #5348 ) ;
#4873 = EDGE_CURVE ( 'NONE', #5744, #1377, #4277, .T. ) ;
#4874 = CARTESIAN_POINT ( 'NONE',  ( -2.097265395542184940, 0.2852566719800450623, -0.8250000000000001776 ) ) ;
#4875 = ORIENTED_EDGE ( 'NONE', *, *, #6135, .T. ) ;
#4876 = ORIENTED_EDGE ( 'NONE', *, *, #6741, .T. ) ;
#4877 = AXIS2_PLACEMENT_3D ( 'NONE', #3685, #2564, #2525 ) ;
#4878 = ORIENTED_EDGE ( 'NONE', *, *, #3209, .T. ) ;
#4879 = VECTOR ( 'NONE', #4363, 1000.000000000000000 ) ;
#4880 = ADVANCED_FACE ( 'NONE', ( #3285 ), #60, .F. ) ;
#4881 = LINE ( 'NONE', #1028, #3813 ) ;
#4882 = MECHANICAL_DESIGN_GEOMETRIC_PRESENTATION_REPRESENTATION (  '', ( #2110 ), #3855 ) ;
#4883 = VECTOR ( 'NONE', #3102, 1000.000000000000000 ) ;
#4884 = ORIENTED_EDGE ( 'NONE', *, *, #3994, .T. ) ;
#4885 = ORIENTED_EDGE ( 'NONE', *, *, #6489, .T. ) ;
#4886 = CARTESIAN_POINT ( 'NONE',  ( 1.776161133969892392, 0.4240805465065236035, -1.775000000000000133 ) ) ;
#4887 = FACE_OUTER_BOUND ( 'NONE', #372, .T. ) ;
#4888 = EDGE_CURVE ( 'NONE', #5733, #5811, #1733, .T. ) ;
#4889 = ORIENTED_EDGE ( 'NONE', *, *, #558, .T. ) ;
#4890 = VECTOR ( 'NONE', #783, 1000.000000000000000 ) ;
#4891 = VERTEX_POINT ( 'NONE', #1543 ) ;
#4892 = CARTESIAN_POINT ( 'NONE',  ( -0.9454999999999995630, 0.2999999999999999889, 2.181091817202220466E-16 ) ) ;
#4893 = LINE ( 'NONE', #5932, #1988 ) ;
#4894 = VECTOR ( 'NONE', #3105, 1000.000000000000000 ) ;
#4895 = FACE_OUTER_BOUND ( 'NONE', #1904, .T. ) ;
#4896 = LINE ( 'NONE', #1636, #6860 ) ;
#4897 = DIRECTION ( 'NONE',  ( 0.1736481776669313581, -0.9848077530122079093, 0.000000000000000000 ) ) ;
#4898 = VERTEX_POINT ( 'NONE', #4322 ) ;
#4899 = DIRECTION ( 'NONE',  ( -1.000000000000000000, 0.000000000000000000, 0.000000000000000000 ) ) ;
#4900 = FACE_OUTER_BOUND ( 'NONE', #5092, .T. ) ;
#4901 = LINE ( 'NONE', #2293, #4365 ) ;
#4902 = ORIENTED_EDGE ( 'NONE', *, *, #3697, .F. ) ;
#4903 = LINE ( 'NONE', #6560, #2528 ) ;
#4904 = VERTEX_POINT ( 'NONE', #6558 ) ;
#4905 = DIRECTION ( 'NONE',  ( -6.920439398843646079E-16, 0.000000000000000000, 1.000000000000000000 ) ) ;
#4906 = VERTEX_POINT ( 'NONE', #1575 ) ;
#4907 = DIRECTION ( 'NONE',  ( 0.9986295347545742773, 0.05233595624293691656, -0.000000000000000000 ) ) ;
#4908 = VERTEX_POINT ( 'NONE', #6784 ) ;
#4909 = CARTESIAN_POINT ( 'NONE',  ( -1.500000000000001110, 0.5362000000000048949, 1.774999999999999689 ) ) ;
#4910 = CYLINDRICAL_SURFACE ( 'NONE', #2543, 0.1121194534934814163 ) ;
#4911 = ORIENTED_EDGE ( 'NONE', *, *, #2813, .F. ) ;
#4912 = CARTESIAN_POINT ( 'NONE',  ( -1.776161133969892392, 0.7161999999999915101, 1.474999999999999645 ) ) ;
#4913 = EDGE_CURVE ( 'NONE', #7008, #2415, #6846, .T. ) ;
#4914 = CARTESIAN_POINT ( 'NONE',  ( -1.500000000000001110, 0.7161999999999915101, -0.4750000000000001443 ) ) ;
#4915 = EDGE_CURVE ( 'NONE', #1169, #5506, #6617, .T. ) ;
#4916 = CARTESIAN_POINT ( 'NONE',  ( -0.7055000000000006821, 0.2999999999999999889, 1.422499999999999876 ) ) ;
#4917 = ORIENTED_EDGE ( 'NONE', *, *, #4108, .F. ) ;
#4918 = VERTEX_POINT ( 'NONE', #4494 ) ;
#4919 = CARTESIAN_POINT ( 'NONE',  ( -1.776161133969892392, 0.5362000000000050060, 1.474999999999999645 ) ) ;
#4920 = CARTESIAN_POINT ( 'NONE',  ( -2.097265395542184940, 0.2852566719800452288, 1.124999999999999778 ) ) ;
#4921 = EDGE_CURVE ( 'NONE', #1845, #5549, #1754, .T. ) ;
#4922 = VERTEX_POINT ( 'NONE', #2400 ) ;
#4923 = AXIS2_PLACEMENT_3D ( 'NONE', #6183, #3584, #5805 ) ;
#4924 = ORIENTED_EDGE ( 'NONE', *, *, #117, .T. ) ;
#4925 = FACE_OUTER_BOUND ( 'NONE', #3592, .T. ) ;
#4926 = FACE_OUTER_BOUND ( 'NONE', #6959, .T. ) ;
#4927 = EDGE_CURVE ( 'NONE', #5962, #1122, #1291, .T. ) ;
#4928 = EDGE_CURVE ( 'NONE', #6233, #1518, #4977, .T. ) ;
#4929 = CARTESIAN_POINT ( 'NONE',  ( -2.207681502606056778, 0.3047260107602003942, -1.475000000000000089 ) ) ;
#4930 = CARTESIAN_POINT ( 'NONE',  ( 2.450000000000000178, 0.1797533162558100084, -1.475000000000000089 ) ) ;
#4931 = DIRECTION ( 'NONE',  ( -0.000000000000000000, 1.000000000000000000, -0.000000000000000000 ) ) ;
#4932 = PLANE ( 'NONE',  #5727 ) ;
#4933 = EDGE_CURVE ( 'NONE', #4446, #5821, #4459, .T. ) ;
#4934 = VERTEX_POINT ( 'NONE', #5610 ) ;
#4935 = VERTEX_POINT ( 'NONE', #6311 ) ;
#4936 = LINE ( 'NONE', #3886, #6918 ) ;
#4937 = LINE ( 'NONE', #1114, #2934 ) ;
#4938 = CARTESIAN_POINT ( 'NONE',  ( 1.500000000000001110, 0.5362000000000048949, -1.125000000000000222 ) ) ;
#4939 = DIRECTION ( 'NONE',  ( -0.000000000000000000, -0.000000000000000000, -1.000000000000000000 ) ) ;
#4940 = ORIENTED_EDGE ( 'NONE', *, *, #2004, .T. ) ;
#4941 = CARTESIAN_POINT ( 'NONE',  ( -1.776161133969892392, 0.4240805465065236035, 0.4749999999999997558 ) ) ;
#4942 = FACE_OUTER_BOUND ( 'NONE', #4749, .T. ) ;
#4943 = VERTEX_POINT ( 'NONE', #205 ) ;
#4944 = DIRECTION ( 'NONE',  ( -0.000000000000000000, -0.000000000000000000, -1.000000000000000000 ) ) ;
#4945 = ORIENTED_EDGE ( 'NONE', *, *, #6546, .T. ) ;
#4946 = CARTESIAN_POINT ( 'NONE',  ( 0.8255000000000001226, 0.1523999999999999799, -1.302500000000000213 ) ) ;
#4947 = STYLED_ITEM ( 'NONE', ( #1922 ), #1817 ) ;
#4948 = ORIENTED_EDGE ( 'NONE', *, *, #3128, .T. ) ;
#4949 = DIRECTION ( 'NONE',  ( -0.1736481776669336896, 0.9848077530122073542, 0.000000000000000000 ) ) ;
#4950 = AXIS2_PLACEMENT_3D ( 'NONE', #1434, #6957, #3753 ) ;
#4951 = DIRECTION ( 'NONE',  ( -0.1039620511844944889, 0.9891328443778546475, 0.1039620511844939338 ) ) ;
#4952 = ORIENTED_EDGE ( 'NONE', *, *, #4346, .F. ) ;
#4953 = VECTOR ( 'NONE', #1453, 1000.000000000000000 ) ;
#4954 = AXIS2_PLACEMENT_3D ( 'NONE', #2222, #61, #4431 ) ;
#4955 = ORIENTED_EDGE ( 'NONE', *, *, #6741, .F. ) ;
#4956 = ADVANCED_FACE ( 'NONE', ( #2367 ), #1716, .F. ) ;
#4957 = CARTESIAN_POINT ( 'NONE',  ( -0.9454999999999998961, 0.1523999999999999799, -1.772500000000000409 ) ) ;
#4958 = VERTEX_POINT ( 'NONE', #1783 ) ;
#4959 = ORIENTED_EDGE ( 'NONE', *, *, #1742, .T. ) ;
#4960 = VECTOR ( 'NONE', #2963, 1000.000000000000000 ) ;
#4961 = CARTESIAN_POINT ( 'NONE',  ( 2.192393151670311457, 0.01300689682525807585, -1.775000000000000133 ) ) ;
#4962 = AXIS2_PLACEMENT_3D ( 'NONE', #5704, #1840, #768 ) ;
#4963 = VECTOR ( 'NONE', #1360, 1000.000000000000000 ) ;
#4964 = EDGE_CURVE ( 'NONE', #225, #4904, #4063, .T. ) ;
#4965 = EDGE_LOOP ( 'NONE', ( #4116, #6535, #2901, #3311 ) ) ;
#4966 =( GEOMETRIC_REPRESENTATION_CONTEXT ( 3 ) GLOBAL_UNCERTAINTY_ASSIGNED_CONTEXT ( ( #4633 ) ) GLOBAL_UNIT_ASSIGNED_CONTEXT ( ( #1320, #4747, #2504 ) ) REPRESENTATION_CONTEXT ( 'NONE', 'WORKASPACE' ) );
#4967 = PLANE ( 'NONE',  #3207 ) ;
#4968 = EDGE_CURVE ( 'NONE', #5884, #6244, #94, .T. ) ;
#4969 = CARTESIAN_POINT ( 'NONE',  ( 0.9454999999999992299, 0.2999999999999999889, 1.302500000000000657 ) ) ;
#4970 = PRODUCT_CONTEXT ( 'NONE', #438, 'mechanical' ) ;
#4971 = DIRECTION ( 'NONE',  ( 0.05233595624293796433, 0.9986295347545741663, 0.000000000000000000 ) ) ;
#4972 = DIRECTION ( 'NONE',  ( -1.000000000000000000, 0.000000000000000000, 0.000000000000000000 ) ) ;
#4973 = CARTESIAN_POINT ( 'NONE',  ( 1.499999999999998890, 0.7161999999999871802, 2.019499999999993634 ) ) ;
#4974 = DIRECTION ( 'NONE',  ( 0.05233595624293691656, 0.9986295347545742773, -0.000000000000000000 ) ) ;
#4975 = FACE_OUTER_BOUND ( 'NONE', #2940, .T. ) ;
#4976 = VECTOR ( 'NONE', #4076, 1000.000000000000000 ) ;
#4977 = CIRCLE ( 'NONE', #3366, 0.1121194534934809861 ) ;
#4978 = ADVANCED_FACE ( 'NONE', ( #1815 ), #5052, .F. ) ;
#4979 = ORIENTED_EDGE ( 'NONE', *, *, #996, .T. ) ;
#4980 = DIRECTION ( 'NONE',  ( -0.000000000000000000, -0.000000000000000000, -1.000000000000000000 ) ) ;
#4981 = DIRECTION ( 'NONE',  ( -0.000000000000000000, -0.000000000000000000, -1.000000000000000000 ) ) ;
#4982 = CARTESIAN_POINT ( 'NONE',  ( 2.097265395542184940, 0.2852566719800452844, 1.124999999999999778 ) ) ;
#4983 = ORIENTED_EDGE ( 'NONE', *, *, #924, .F. ) ;
#4984 = DIRECTION ( 'NONE',  ( 1.000000000000000000, 3.925976682163069868E-16, 0.000000000000000000 ) ) ;
#4985 = LINE ( 'NONE', #62, #2766 ) ;
#4986 = ORIENTED_EDGE ( 'NONE', *, *, #2813, .T. ) ;
#4987 = ADVANCED_FACE ( 'NONE', ( #2330 ), #3931, .F. ) ;
#4988 = VECTOR ( 'NONE', #4316, 1000.000000000000000 ) ;
#4989 = CARTESIAN_POINT ( 'NONE',  ( 2.063842636575948575, 0.4748065572667239942, 0.4749999999999997558 ) ) ;
#4990 = CARTESIAN_POINT ( 'NONE',  ( -2.192393151670311457, 0.01300689682525807585, -0.8250000000000001776 ) ) ;
#4991 = ORIENTED_EDGE ( 'NONE', *, *, #5100, .T. ) ;
#4992 = CARTESIAN_POINT ( 'NONE',  ( -2.207681502606056778, 0.3047260107602003942, -1.125000000000000222 ) ) ;
#4993 = CARTESIAN_POINT ( 'NONE',  ( -0.7055000000000003491, 0.1523999999999999799, -1.627456665294731038E-16 ) ) ;
#4994 = DIRECTION ( 'NONE',  ( -0.000000000000000000, -0.000000000000000000, -1.000000000000000000 ) ) ;
#4995 = VERTEX_POINT ( 'NONE', #1227 ) ;
#4996 = LINE ( 'NONE', #4441, #6133 ) ;
#4997 = AXIS2_PLACEMENT_3D ( 'NONE', #850, #5082, #712 ) ;
#4998 = ORIENTED_EDGE ( 'NONE', *, *, #2419, .T. ) ;
#4999 = CARTESIAN_POINT ( 'NONE',  ( -0.8254999999999999005, 0.1523999999999999799, 0.000000000000000000 ) ) ;
#5000 = ORIENTED_EDGE ( 'NONE', *, *, #3550, .F. ) ;
#5001 = DIRECTION ( 'NONE',  ( 0.000000000000000000, 1.000000000000000000, 0.000000000000000000 ) ) ;
#5002 = AXIS2_PLACEMENT_3D ( 'NONE', #501, #3292, #4402 ) ;
#5003 = AXIS2_PLACEMENT_3D ( 'NONE', #4992, #2232, #659 ) ;
#5004 = ORIENTED_EDGE ( 'NONE', *, *, #6482, .T. ) ;
#5005 = ORIENTED_EDGE ( 'NONE', *, *, #3546, .T. ) ;
#5006 = VECTOR ( 'NONE', #2516, 1000.000000000000114 ) ;
#5007 = DIRECTION ( 'NONE',  ( 1.000000000000000000, 0.000000000000000000, 0.000000000000000000 ) ) ;
#5008 = PLANE ( 'NONE',  #5957 ) ;
#5009 = DIRECTION ( 'NONE',  ( -0.9986295347545742773, -0.05233595624293691656, 0.000000000000000000 ) ) ;
#5011 = ADVANCED_FACE ( 'NONE', ( #785 ), #5198, .T. ) ;
#5010 = AXIS2_PLACEMENT_3D ( 'NONE', #1982, #3050, #5257 ) ;
#5012 = DIRECTION ( 'NONE',  ( -1.000000000000000000, 0.000000000000000000, 0.000000000000000000 ) ) ;
#5013 = CARTESIAN_POINT ( 'NONE',  ( -1.500000000000001110, 0.5362000000000048949, -0.1750000000000002387 ) ) ;
#5014 = AXIS2_PLACEMENT_3D ( 'NONE', #6308, #1926, #4680 ) ;
#5015 = VECTOR ( 'NONE', #5446, 1000.000000000000000 ) ;
#5016 = ORIENTED_EDGE ( 'NONE', *, *, #3746, .F. ) ;
#5017 = VERTEX_POINT ( 'NONE', #5157 ) ;
#5018 = CARTESIAN_POINT ( 'NONE',  ( -1.776161133969892392, 0.7161999999999913991, 0.4749999999999997558 ) ) ;
#5019 = LINE ( 'NONE', #132, #2224 ) ;
#5020 = CARTESIAN_POINT ( 'NONE',  ( 2.450000000000000178, 0.1797533162558100084, -1.475000000000000089 ) ) ;
#5021 = DIRECTION ( 'NONE',  ( -0.000000000000000000, -0.000000000000000000, -1.000000000000000000 ) ) ;
#5022 = EDGE_CURVE ( 'NONE', #5606, #1912, #2589, .T. ) ;
#5023 = DIRECTION ( 'NONE',  ( 0.000000000000000000, 0.000000000000000000, 1.000000000000000000 ) ) ;
#5024 = ORIENTED_EDGE ( 'NONE', *, *, #774, .T. ) ;
#5025 = EDGE_CURVE ( 'NONE', #5311, #3227, #1748, .T. ) ;
#5026 = ORIENTED_EDGE ( 'NONE', *, *, #2016, .T. ) ;
#5027 = DIRECTION ( 'NONE',  ( 0.9986295347545742773, -0.05233595624293691656, 0.000000000000000000 ) ) ;
#5028 = ORIENTED_EDGE ( 'NONE', *, *, #3487, .F. ) ;
#5029 = DIRECTION ( 'NONE',  ( 0.9986295347545742773, 0.05233595624293691656, -0.000000000000000000 ) ) ;
#5030 = EDGE_CURVE ( 'NONE', #1245, #2774, #6167, .T. ) ;
#5031 = VERTEX_POINT ( 'NONE', #4798 ) ;
#5032 = CARTESIAN_POINT ( 'NONE',  ( -2.440579527876272081, -9.062316430720066274E-18, -1.775000000000000133 ) ) ;
#5033 = CARTESIAN_POINT ( 'NONE',  ( -2.097265395542184940, 0.2852566719800450623, -0.4750000000000001443 ) ) ;
#5034 = ORIENTED_EDGE ( 'NONE', *, *, #4337, .T. ) ;
#5035 = CARTESIAN_POINT ( 'NONE',  ( 0.000000000000000000, 1.100000000000000089, 0.000000000000000000 ) ) ;
#5036 = DIRECTION ( 'NONE',  ( -3.097720492815728645E-16, 0.000000000000000000, -1.000000000000000000 ) ) ;
#5037 = EDGE_LOOP ( 'NONE', ( #5497, #6808, #4298, #1652 ) ) ;
#5038 = CARTESIAN_POINT ( 'NONE',  ( -1.500000000000001110, 0.5362000000000048949, 0.1749999999999998224 ) ) ;
#5039 = PLANE ( 'NONE',  #4375 ) ;
#5040 = CARTESIAN_POINT ( 'NONE',  ( -2.440579527876272081, -9.062316430720066274E-18, 1.474999999999999645 ) ) ;
#5041 = ORIENTED_EDGE ( 'NONE', *, *, #2834, .F. ) ;
#5042 = DIRECTION ( 'NONE',  ( 0.000000000000000000, 1.000000000000000000, 0.000000000000000000 ) ) ;
#5043 = FILL_AREA_STYLE ('',( #3485 ) ) ;
#5044 = LINE ( 'NONE', #4520, #3500 ) ;
#5045 = LINE ( 'NONE', #6259, #4756 ) ;
#5046 = LINE ( 'NONE', #4522, #2640 ) ;
#5047 = CARTESIAN_POINT ( 'NONE',  ( -0.7055000000000000160, 0.1523999999999999799, -1.772500000000000409 ) ) ;
#5048 = ORIENTED_EDGE ( 'NONE', *, *, #790, .F. ) ;
#5049 = LINE ( 'NONE', #4456, #3161 ) ;
#5050 = VECTOR ( 'NONE', #6634, 1000.000000000000000 ) ;
#5051 = DIRECTION ( 'NONE',  ( -1.000000000000000000, 0.000000000000000000, 0.000000000000000000 ) ) ;
#5052 = CYLINDRICAL_SURFACE ( 'NONE', #2443, 0.1121194534934814163 ) ;
#5053 = EDGE_CURVE ( 'NONE', #3033, #5367, #5454, .T. ) ;
#5054 = DIRECTION ( 'NONE',  ( -0.000000000000000000, -0.000000000000000000, -1.000000000000000000 ) ) ;
#5055 = ADVANCED_FACE ( 'NONE', ( #4647 ), #6376, .T. ) ;
#5056 = LINE ( 'NONE', #98, #3960 ) ;
#5057 = FACE_OUTER_BOUND ( 'NONE', #3372, .T. ) ;
#5058 = EDGE_CURVE ( 'NONE', #7034, #6083, #859, .T. ) ;
#5059 = ORIENTED_EDGE ( 'NONE', *, *, #4308, .F. ) ;
#5060 = CARTESIAN_POINT ( 'NONE',  ( 2.207681502606056778, 0.3047260107602003942, -0.8250000000000001776 ) ) ;
#5061 = CARTESIAN_POINT ( 'NONE',  ( -2.201813623794039998, 0.1927602130810681935, 1.774999999999999689 ) ) ;
#5062 = ORIENTED_EDGE ( 'NONE', *, *, #4611, .T. ) ;
#5063 = EDGE_CURVE ( 'NONE', #6424, #3664, #6442, .T. ) ;
#5064 = ADVANCED_FACE ( 'NONE', ( #4721 ), #5339, .F. ) ;
#5065 = CYLINDRICAL_SURFACE ( 'NONE', #1076, 0.1749999999999998224 ) ;
#5066 = VECTOR ( 'NONE', #2301, 1000.000000000000000 ) ;
#5067 = ORIENTED_EDGE ( 'NONE', *, *, #4668, .T. ) ;
#5068 = EDGE_CURVE ( 'NONE', #3896, #3130, #3067, .T. ) ;
#5069 = DIRECTION ( 'NONE',  ( 0.1736481776669313581, 0.9848077530122079093, -0.000000000000000000 ) ) ;
#5070 = CARTESIAN_POINT ( 'NONE',  ( -2.097265395542184940, 0.2852566719800452288, -0.8250000000000001776 ) ) ;
#5071 = ORIENTED_EDGE ( 'NONE', *, *, #5328, .F. ) ;
#5072 = DIRECTION ( 'NONE',  ( 1.000000000000000000, 0.000000000000000000, -0.000000000000000000 ) ) ;
#5073 = LINE ( 'NONE', #4587, #2509 ) ;
#5074 = AXIS2_PLACEMENT_3D ( 'NONE', #5716, #1217, #5148 ) ;
#5075 = EDGE_CURVE ( 'NONE', #1122, #6092, #934, .T. ) ;
#5076 = ORIENTED_EDGE ( 'NONE', *, *, #1694, .T. ) ;
#5077 = ORIENTED_EDGE ( 'NONE', *, *, #1786, .F. ) ;
#5078 = CARTESIAN_POINT ( 'NONE',  ( -1.776161133969892392, 0.4240805465065236035, -1.125000000000000222 ) ) ;
#5079 = LINE ( 'NONE', #4519, #587 ) ;
#5080 = CIRCLE ( 'NONE', #5669, 0.1121194534934814163 ) ;
#5081 = DIRECTION ( 'NONE',  ( -0.000000000000000000, -0.000000000000000000, -1.000000000000000000 ) ) ;
#5082 = DIRECTION ( 'NONE',  ( 1.000000000000000000, 0.000000000000000000, 6.195440985631441512E-16 ) ) ;
#5083 =( GEOMETRIC_REPRESENTATION_CONTEXT ( 3 ) GLOBAL_UNCERTAINTY_ASSIGNED_CONTEXT ( ( #6629 ) ) GLOBAL_UNIT_ASSIGNED_CONTEXT ( ( #5338, #1429, #5894 ) ) REPRESENTATION_CONTEXT ( 'NONE', 'WORKASPACE' ) );
#5084 = FILL_AREA_STYLE ('',( #236 ) ) ;
#5085 = ORIENTED_EDGE ( 'NONE', *, *, #2680, .F. ) ;
#5086 = CARTESIAN_POINT ( 'NONE',  ( -2.192393151670311457, 0.01300689682525818514, 1.774999999999999689 ) ) ;
#5087 = DIRECTION ( 'NONE',  ( 1.000000000000000000, 3.925976682163069868E-16, 0.000000000000000000 ) ) ;
#5088 = CARTESIAN_POINT ( 'NONE',  ( 0.7055000000000002380, 0.2999999999999999889, 4.882369995884193853E-16 ) ) ;
#5089 = DIRECTION ( 'NONE',  ( -0.000000000000000000, -0.000000000000000000, -1.000000000000000000 ) ) ;
#5090 = VECTOR ( 'NONE', #5345, 1000.000000000000114 ) ;
#5091 = DIRECTION ( 'NONE',  ( -1.000000000000000000, 0.000000000000000000, 0.000000000000000000 ) ) ;
#5092 = EDGE_LOOP ( 'NONE', ( #6240, #3281, #1273, #1065 ) ) ;
#5093 = CIRCLE ( 'NONE', #1967, 0.1121194534934809861 ) ;
#5094 = CARTESIAN_POINT ( 'NONE',  ( -2.450000000000000178, 0.1797533162558100084, 1.124999999999999778 ) ) ;
#5095 = SURFACE_STYLE_USAGE ( .BOTH. , #1721 ) ;
#5096 = ORIENTED_EDGE ( 'NONE', *, *, #558, .F. ) ;
#5097 = DIRECTION ( 'NONE',  ( -1.000000000000000000, 0.000000000000000000, 0.000000000000000000 ) ) ;
#5098 = ORIENTED_EDGE ( 'NONE', *, *, #3246, .T. ) ;
#5099 = VECTOR ( 'NONE', #6476, 1000.000000000000000 ) ;
#5100 = EDGE_CURVE ( 'NONE', #3158, #1088, #2556, .T. ) ;
#5101 = LINE ( 'NONE', #2343, #393 ) ;
#5102 = VERTEX_POINT ( 'NONE', #3137 ) ;
#5103 = FACE_OUTER_BOUND ( 'NONE', #1233, .T. ) ;
#5104 = VECTOR ( 'NONE', #516, 1000.000000000000114 ) ;
#5105 = EDGE_CURVE ( 'NONE', #6143, #2378, #6344, .T. ) ;
#5106 = LINE ( 'NONE', #4551, #6124 ) ;
#5107 = DIRECTION ( 'NONE',  ( 0.000000000000000000, 0.000000000000000000, 1.000000000000000000 ) ) ;
#5108 = VERTEX_POINT ( 'NONE', #5895 ) ;
#5109 = VERTEX_POINT ( 'NONE', #1361 ) ;
#5110 = CARTESIAN_POINT ( 'NONE',  ( 1.776161133969892392, 0.4240805465065236035, 1.124999999999999778 ) ) ;
#5111 = DIRECTION ( 'NONE',  ( 0.000000000000000000, 0.000000000000000000, 1.000000000000000000 ) ) ;
#5112 = DIRECTION ( 'NONE',  ( 0.1736481776669313581, -0.9848077530122079093, 0.000000000000000000 ) ) ;
#5113 = EDGE_CURVE ( 'NONE', #4446, #5540, #5787, .T. ) ;
#5114 = PLANE ( 'NONE',  #1939 ) ;
#5115 = CARTESIAN_POINT ( 'NONE',  ( -2.207681502606056778, 0.3047260107602003942, 0.1749999999999998224 ) ) ;
#5116 = VECTOR ( 'NONE', #6003, 1000.000000000000000 ) ;
#5117 = AXIS2_PLACEMENT_3D ( 'NONE', #5980, #2658, #1573 ) ;
#5118 = ORIENTED_EDGE ( 'NONE', *, *, #2208, .F. ) ;
#5119 = CARTESIAN_POINT ( 'NONE',  ( 1.776161133969892392, 0.7161999999999913991, 1.774999999999999689 ) ) ;
#5120 = VECTOR ( 'NONE', #5991, 1000.000000000000000 ) ;
#5121 = DIRECTION ( 'NONE',  ( -1.000000000000000000, -3.925976682163069868E-16, -0.000000000000000000 ) ) ;
#5122 = CARTESIAN_POINT ( 'NONE',  ( -2.207681502606056778, 0.3047260107602003942, -1.775000000000000133 ) ) ;
#5123 = VERTEX_POINT ( 'NONE', #824 ) ;
#5124 = CARTESIAN_POINT ( 'NONE',  ( -2.440579527876272081, -9.062316430720066274E-18, -0.1750000000000002387 ) ) ;
#5125 = ORIENTED_EDGE ( 'NONE', *, *, #3477, .F. ) ;
#5126 = VECTOR ( 'NONE', #6529, 1000.000000000000000 ) ;
#5127 = CARTESIAN_POINT ( 'NONE',  ( -1.886577241033764230, 0.4435498852866788799, -0.8250000000000001776 ) ) ;
#5128 = SURFACE_STYLE_FILL_AREA ( #2407 ) ;
#5129 = FACE_OUTER_BOUND ( 'NONE', #2160, .T. ) ;
#5130 = VECTOR ( 'NONE', #471, 1000.000000000000000 ) ;
#5131 = ORIENTED_EDGE ( 'NONE', *, *, #2124, .F. ) ;
#5132 = DIRECTION ( 'NONE',  ( -1.000000000000000000, 0.000000000000000000, 0.000000000000000000 ) ) ;
#5133 = DIRECTION ( 'NONE',  ( 0.9986295347545742773, 0.05233595624293691656, -0.000000000000000000 ) ) ;
#5134 = ORIENTED_EDGE ( 'NONE', *, *, #6902, .F. ) ;
#5135 = DIRECTION ( 'NONE',  ( -0.000000000000000000, -0.000000000000000000, -1.000000000000000000 ) ) ;
#5136 = CARTESIAN_POINT ( 'NONE',  ( 1.500000000000001110, 0.5362000000000048949, 0.8249999999999997335 ) ) ;
#5137 = DIRECTION ( 'NONE',  ( -1.000000000000000000, 3.925976682163069868E-16, 0.000000000000000000 ) ) ;
#5138 = ORIENTED_EDGE ( 'NONE', *, *, #5773, .F. ) ;
#5139 = EDGE_CURVE ( 'NONE', #1342, #5311, #1965, .T. ) ;
#5140 = FACE_OUTER_BOUND ( 'NONE', #206, .T. ) ;
#5141 = CARTESIAN_POINT ( 'NONE',  ( -1.500000000000001110, 0.7161999999999915101, 0.1749999999999998224 ) ) ;
#5142 = ORIENTED_EDGE ( 'NONE', *, *, #5191, .T. ) ;
#5143 = ADVANCED_FACE ( 'NONE', ( #2031 ), #356, .T. ) ;
#5144 = ORIENTED_EDGE ( 'NONE', *, *, #6161, .F. ) ;
#5145 = LINE ( 'NONE', #4591, #6737 ) ;
#5146 = DIRECTION ( 'NONE',  ( 0.000000000000000000, -1.000000000000000000, 0.000000000000000000 ) ) ;
#5147 = ADVANCED_FACE ( 'NONE', ( #287 ), #6914, .F. ) ;
#5148 = DIRECTION ( 'NONE',  ( 0.000000000000000000, 0.000000000000000000, 1.000000000000000000 ) ) ;
#5149 = LINE ( 'NONE', #6802, #1863 ) ;
#5150 = DIRECTION ( 'NONE',  ( -0.000000000000000000, -0.000000000000000000, -1.000000000000000000 ) ) ;
#5151 = ORIENTED_EDGE ( 'NONE', *, *, #1348, .F. ) ;
#5152 = VERTEX_POINT ( 'NONE', #3881 ) ;
#5153 = ADVANCED_FACE ( 'NONE', ( #4419 ), #420, .F. ) ;
#5154 = CARTESIAN_POINT ( 'NONE',  ( -1.500000000000001110, 0.7161999999999915101, -1.775000000000000133 ) ) ;
#5155 = DIRECTION ( 'NONE',  ( -0.9848077530122074652, -0.1736481776669337174, 0.000000000000000000 ) ) ;
#5156 = CARTESIAN_POINT ( 'NONE',  ( -1.776161133969892392, 0.7161999999999913991, 0.8249999999999997335 ) ) ;
#5157 = CARTESIAN_POINT ( 'NONE',  ( -2.097265395542184940, 0.2852566719800450623, 1.774999999999999689 ) ) ;
#5158 = EDGE_CURVE ( 'NONE', #1105, #5286, #4282, .T. ) ;
#5159 = VERTEX_POINT ( 'NONE', #5445 ) ;
#5160 = FACE_OUTER_BOUND ( 'NONE', #3938, .T. ) ;
#5161 = AXIS2_PLACEMENT_3D ( 'NONE', #5110, #4112, #4190 ) ;
#5162 = ORIENTED_EDGE ( 'NONE', *, *, #400, .T. ) ;
#5163 = EDGE_CURVE ( 'NONE', #2428, #2126, #4896, .T. ) ;
#5164 = CARTESIAN_POINT ( 'NONE',  ( -1.459660994505034504, 1.100000000000000089, -0.000000000000000000 ) ) ;
#5165 = FACE_OUTER_BOUND ( 'NONE', #6128, .T. ) ;
#5166 = CARTESIAN_POINT ( 'NONE',  ( 1.776161133969892392, 0.5362000000000048949, -0.8250000000000001776 ) ) ;
#5167 = ORIENTED_EDGE ( 'NONE', *, *, #6239, .T. ) ;
#5168 = PLANE ( 'NONE',  #499 ) ;
#5169 = FACE_OUTER_BOUND ( 'NONE', #1137, .T. ) ;
#5170 = CARTESIAN_POINT ( 'NONE',  ( 2.192393151670311457, 0.01300689682525807585, 0.1749999999999998224 ) ) ;
#5171 = ORIENTED_EDGE ( 'NONE', *, *, #6861, .T. ) ;
#5172 = ORIENTED_EDGE ( 'NONE', *, *, #769, .T. ) ;
#5173 = DIRECTION ( 'NONE',  ( -0.000000000000000000, -0.000000000000000000, -1.000000000000000000 ) ) ;
#5174 = ORIENTED_EDGE ( 'NONE', *, *, #6201, .T. ) ;
#5176 = ORIENTED_EDGE ( 'NONE', *, *, #4386, .T. ) ;
#5175 = PRESENTATION_LAYER_ASSIGNMENT (  '', '', ( #1705 ) ) ;
#5177 = ADVANCED_FACE ( 'NONE', ( #5376 ), #6005, .F. ) ;
#5178 = VERTEX_POINT ( 'NONE', #4825 ) ;
#5179 = CARTESIAN_POINT ( 'NONE',  ( 1.886577241033764230, 0.4435498852866788799, 0.4749999999999997558 ) ) ;
#5180 = CARTESIAN_POINT ( 'NONE',  ( -1.776161133969892392, 0.7161999999999915101, 1.774999999999999689 ) ) ;
#5181 = DIRECTION ( 'NONE',  ( -0.000000000000000000, -0.000000000000000000, -1.000000000000000000 ) ) ;
#5182 = AXIS2_PLACEMENT_3D ( 'NONE', #6578, #6505, #2756 ) ;
#5183 = CARTESIAN_POINT ( 'NONE',  ( -2.097265395542184940, 0.2852566719800450623, -1.775000000000000133 ) ) ;
#5184 = CARTESIAN_POINT ( 'NONE',  ( 1.500000000000001110, 0.5362000000000048949, -0.8250000000000001776 ) ) ;
#5185 = VECTOR ( 'NONE', #2115, 1000.000000000000000 ) ;
#5186 = DIRECTION ( 'NONE',  ( -0.1736481776669313581, -0.9848077530122079093, 0.000000000000000000 ) ) ;
#5187 = LINE ( 'NONE', #1957, #2298 ) ;
#5188 = CARTESIAN_POINT ( 'NONE',  ( 2.192393151670311457, 0.01300689682525807585, -1.775000000000000133 ) ) ;
#5189 = EDGE_CURVE ( 'NONE', #3133, #963, #7127, .T. ) ;
#5190 = EDGE_LOOP ( 'NONE', ( #4632, #3702, #2842, #4274 ) ) ;
#5191 = EDGE_CURVE ( 'NONE', #4620, #3558, #7050, .T. ) ;
#5192 = VECTOR ( 'NONE', #3883, 1000.000000000000000 ) ;
#5193 = VECTOR ( 'NONE', #2177, 1000.000000000000000 ) ;
#5194 = ORIENTED_EDGE ( 'NONE', *, *, #5820, .F. ) ;
#5195 = CARTESIAN_POINT ( 'NONE',  ( 2.192393151670311457, 0.01300689682525807585, -1.475000000000000089 ) ) ;
#5196 = LINE ( 'NONE', #3065, #1202 ) ;
#5197 = FACE_OUTER_BOUND ( 'NONE', #6125, .T. ) ;
#5198 = CYLINDRICAL_SURFACE ( 'NONE', #2914, 0.2921194534934677955 ) ;
#5199 = ORIENTED_EDGE ( 'NONE', *, *, #4763, .F. ) ;
#5200 = COLOUR_RGB ( '',0.7921568627450980005, 0.8196078431372548767, 0.9333333333333333481 ) ;
#5201 = VECTOR ( 'NONE', #3315, 1000.000000000000000 ) ;
#5202 = ADVANCED_FACE ( 'NONE', ( #6586 ), #5973, .F. ) ;
#5203 = LINE ( 'NONE', #6347, #6768 ) ;
#5204 = CARTESIAN_POINT ( 'NONE',  ( -0.9455000000000004512, 0.2999999999999999889, 1.302499999999999769 ) ) ;
#5205 = CARTESIAN_POINT ( 'NONE',  ( -1.150000000000001021, 1.080000000000000071, -1.494500000000007489 ) ) ;
#5206 = VECTOR ( 'NONE', #2752, 1000.000000000000114 ) ;
#5207 = ORIENTED_EDGE ( 'NONE', *, *, #6942, .F. ) ;
#5208 = LINE ( 'NONE', #6598, #1627 ) ;
#5209 = ORIENTED_EDGE ( 'NONE', *, *, #3153, .T. ) ;
#5210 = EDGE_CURVE ( 'NONE', #6951, #728, #1531, .T. ) ;
#5211 = AXIS2_PLACEMENT_3D ( 'NONE', #2994, #3531, #5755 ) ;
#5212 = DIRECTION ( 'NONE',  ( 0.9945218953682737340, -0.1045284632676502096, 0.000000000000000000 ) ) ;
#5213 = EDGE_LOOP ( 'NONE', ( #2610, #2717, #7062, #5067, #64, #1780, #3688, #1236, #6999, #6531, #433, #6438 ) ) ;
#5214 = AXIS2_PLACEMENT_3D ( 'NONE', #6523, #2630, #4325 ) ;
#5215 = CARTESIAN_POINT ( 'NONE',  ( 0.000000000000000000, 0.2999999999999999889, 1.302499999999999769 ) ) ;
#5216 = ORIENTED_EDGE ( 'NONE', *, *, #6069, .T. ) ;
#5217 = UNCERTAINTY_MEASURE_WITH_UNIT (LENGTH_MEASURE( 1.000000000000000082E-05 ), #656, 'distance_accuracy_value', 'NONE');
#5218 = MECHANICAL_DESIGN_GEOMETRIC_PRESENTATION_REPRESENTATION (  '', ( #5699 ), #6971 ) ;
#5219 = EDGE_LOOP ( 'NONE', ( #305, #5868, #1092, #2189 ) ) ;
#5220 = ORIENTED_EDGE ( 'NONE', *, *, #953, .F. ) ;
#5221 = SURFACE_STYLE_USAGE ( .BOTH. , #809 ) ;
#5222 = DIRECTION ( 'NONE',  ( -0.000000000000000000, -0.000000000000000000, -1.000000000000000000 ) ) ;
#5223 = PLANE ( 'NONE',  #4636 ) ;
#5224 = ORIENTED_EDGE ( 'NONE', *, *, #5779, .T. ) ;
#5225 = DIRECTION ( 'NONE',  ( -2.306813132947881040E-16, 0.000000000000000000, -1.000000000000000000 ) ) ;
#5226 = DIRECTION ( 'NONE',  ( -0.000000000000000000, -0.000000000000000000, -1.000000000000000000 ) ) ;
#5227 = CARTESIAN_POINT ( 'NONE',  ( 0.7055000000000000160, 0.1523999999999999799, -1.772500000000000187 ) ) ;
#5228 = ORIENTED_EDGE ( 'NONE', *, *, #2493, .F. ) ;
#5229 = VERTEX_POINT ( 'NONE', #1040 ) ;
#5230 = DIRECTION ( 'NONE',  ( -0.000000000000000000, -0.000000000000000000, -1.000000000000000000 ) ) ;
#5231 = CARTESIAN_POINT ( 'NONE',  ( 0.7054999999999991278, 0.2999999999999999889, 1.772500000000000631 ) ) ;
#5232 = DIRECTION ( 'NONE',  ( 1.000000000000000000, 0.000000000000000000, -0.000000000000000000 ) ) ;
#5233 = VERTEX_POINT ( 'NONE', #3308 ) ;
#5234 = LINE ( 'NONE', #6413, #5423 ) ;
#5235 = EDGE_CURVE ( 'NONE', #6897, #4898, #6079, .T. ) ;
#5236 = VECTOR ( 'NONE', #4944, 1000.000000000000000 ) ;
#5237 = AXIS2_PLACEMENT_3D ( 'NONE', #967, #3776, #3170 ) ;
#5238 = ORIENTED_EDGE ( 'NONE', *, *, #3613, .F. ) ;
#5239 = CARTESIAN_POINT ( 'NONE',  ( 0.9454999999999991189, 0.2999999999999999889, 1.772500000000000631 ) ) ;
#5240 = ADVANCED_FACE ( 'NONE', ( #487 ), #1600, .T. ) ;
#5241 =( NAMED_UNIT ( * ) SI_UNIT ( $, .STERADIAN. ) SOLID_ANGLE_UNIT ( ) );
#5242 = CARTESIAN_POINT ( 'NONE',  ( 1.500000000000001110, 0.7161999999999915101, 1.474999999999999645 ) ) ;
#5243 = VECTOR ( 'NONE', #1331, 1000.000000000000000 ) ;
#5244 = EDGE_LOOP ( 'NONE', ( #269, #2063, #798, #4730 ) ) ;
#5245 = CARTESIAN_POINT ( 'NONE',  ( 1.500000000000001110, 0.7161999999999915101, 0.4749999999999997558 ) ) ;
#5246 = FACE_OUTER_BOUND ( 'NONE', #1855, .T. ) ;
#5247 = VERTEX_POINT ( 'NONE', #4930 ) ;
#5248 = VECTOR ( 'NONE', #548, 1000.000000000000114 ) ;
#5249 = ADVANCED_FACE ( 'NONE', ( #451 ), #7091, .F. ) ;
#5250 = CIRCLE ( 'NONE', #5601, 0.1749999999999998224 ) ;
#5251 = VECTOR ( 'NONE', #813, 1000.000000000000000 ) ;
#5252 = EDGE_CURVE ( 'NONE', #6143, #4706, #5411, .T. ) ;
#5253 = ORIENTED_EDGE ( 'NONE', *, *, #5105, .F. ) ;
#5254 = EDGE_CURVE ( 'NONE', #2937, #6304, #379, .T. ) ;
#5255 = CARTESIAN_POINT ( 'NONE',  ( 1.500000000000001110, 0.7161999999999915101, 0.4749999999999997558 ) ) ;
#5256 = FACE_OUTER_BOUND ( 'NONE', #4542, .T. ) ;
#5257 = DIRECTION ( 'NONE',  ( -1.000000000000000000, 0.000000000000000000, 0.000000000000000000 ) ) ;
#5258 = ORIENTED_EDGE ( 'NONE', *, *, #3736, .F. ) ;
#5259 = ORIENTED_EDGE ( 'NONE', *, *, #73, .F. ) ;
#5260 = ORIENTED_EDGE ( 'NONE', *, *, #6585, .F. ) ;
#5261 = LINE ( 'NONE', #6936, #5683 ) ;
#5262 = ORIENTED_EDGE ( 'NONE', *, *, #1256, .F. ) ;
#5263 = CARTESIAN_POINT ( 'NONE',  ( -2.201813623794039998, 0.1927602130810681935, 0.4749999999999997558 ) ) ;
#5264 = ORIENTED_EDGE ( 'NONE', *, *, #2591, .F. ) ;
#5265 = CYLINDRICAL_SURFACE ( 'NONE', #2735, 0.1121194534934809861 ) ;
#5266 = CARTESIAN_POINT ( 'NONE',  ( 2.440579527876272081, -9.062316430720066274E-18, 0.4749999999999997558 ) ) ;
#5267 = CARTESIAN_POINT ( 'NONE',  ( -1.886577241033764230, 0.4435498852866788799, -0.4750000000000001443 ) ) ;
#5268 = DIRECTION ( 'NONE',  ( -0.000000000000000000, 1.000000000000000000, -0.000000000000000000 ) ) ;
#5269 = ORIENTED_EDGE ( 'NONE', *, *, #4026, .T. ) ;
#5270 = LINE ( 'NONE', #320, #2645 ) ;
#5271 = VERTEX_POINT ( 'NONE', #6550 ) ;
#5272 = EDGE_CURVE ( 'NONE', #325, #3589, #1072, .T. ) ;
#5273 = CARTESIAN_POINT ( 'NONE',  ( 1.500000000000001110, 0.5362000000000048949, 0.8249999999999997335 ) ) ;
#5274 = LINE ( 'NONE', #1896, #4634 ) ;
#5275 = ORIENTED_EDGE ( 'NONE', *, *, #2991, .T. ) ;
#5276 = FACE_OUTER_BOUND ( 'NONE', #1837, .T. ) ;
#5277 = ORIENTED_EDGE ( 'NONE', *, *, #4913, .T. ) ;
#5278 = EDGE_CURVE ( 'NONE', #5178, #6138, #4383, .T. ) ;
#5279 = VECTOR ( 'NONE', #522, 1000.000000000000114 ) ;
#5280 = DIRECTION ( 'NONE',  ( 0.000000000000000000, 0.000000000000000000, 1.000000000000000000 ) ) ;
#5281 = EDGE_CURVE ( 'NONE', #1993, #1527, #3452, .T. ) ;
#5282 =( NAMED_UNIT ( * ) SI_UNIT ( $, .STERADIAN. ) SOLID_ANGLE_UNIT ( ) );
#5283 = DIRECTION ( 'NONE',  ( -0.05233595624293731902, -0.9986295347545742773, 0.000000000000000000 ) ) ;
#5284 = AXIS2_PLACEMENT_3D ( 'NONE', #1678, #530, #91 ) ;
#5285 = LINE ( 'NONE', #6568, #5126 ) ;
#5286 = VERTEX_POINT ( 'NONE', #4487 ) ;
#5287 = ORIENTED_EDGE ( 'NONE', *, *, #4964, .F. ) ;
#5288 = EDGE_CURVE ( 'NONE', #3197, #3462, #2807, .T. ) ;
#5289 = ORIENTED_EDGE ( 'NONE', *, *, #1961, .T. ) ;
#5290 = DIRECTION ( 'NONE',  ( -0.000000000000000000, 1.000000000000000000, -0.000000000000000000 ) ) ;
#5291 = ORIENTED_EDGE ( 'NONE', *, *, #6988, .T. ) ;
#5292 = DIRECTION ( 'NONE',  ( 0.000000000000000000, 0.000000000000000000, 1.000000000000000000 ) ) ;
#5293 = DIRECTION ( 'NONE',  ( 0.9986295347545742773, -0.05233595624293691656, 0.000000000000000000 ) ) ;
#5294 = SURFACE_STYLE_USAGE ( .BOTH. , #311 ) ;
#5295 = EDGE_CURVE ( 'NONE', #4534, #5802, #197, .T. ) ;
#5296 = ORIENTED_EDGE ( 'NONE', *, *, #6325, .T. ) ;
#5297 = VERTEX_POINT ( 'NONE', #2248 ) ;
#5298 = CARTESIAN_POINT ( 'NONE',  ( -2.450000000000000178, 0.1797533162558100084, 1.124999999999999778 ) ) ;
#5299 = CARTESIAN_POINT ( 'NONE',  ( 1.500000000000001110, 0.7161999999999915101, 1.124999999999999778 ) ) ;
#5300 = ORIENTED_EDGE ( 'NONE', *, *, #1099, .F. ) ;
#5301 = VECTOR ( 'NONE', #2084, 1000.000000000000000 ) ;
#5302 = DIRECTION ( 'NONE',  ( 0.000000000000000000, 1.000000000000000000, 0.000000000000000000 ) ) ;
#5303 = VECTOR ( 'NONE', #93, 1000.000000000000000 ) ;
#5304 = FACE_OUTER_BOUND ( 'NONE', #436, .T. ) ;
#5305 = CIRCLE ( 'NONE', #4593, 0.2921194534934677955 ) ;
#5306 = VECTOR ( 'NONE', #5788, 1000.000000000000000 ) ;
#5307 = DIRECTION ( 'NONE',  ( -0.000000000000000000, -0.000000000000000000, -1.000000000000000000 ) ) ;
#5308 = DIRECTION ( 'NONE',  ( -2.306813132947881040E-16, 0.000000000000000000, -1.000000000000000000 ) ) ;
#5309 = DIRECTION ( 'NONE',  ( -1.000000000000000000, 0.000000000000000000, 0.000000000000000000 ) ) ;
#5310 = MECHANICAL_DESIGN_GEOMETRIC_PRESENTATION_REPRESENTATION (  '', ( #4373 ), #231 ) ;
#5311 = VERTEX_POINT ( 'NONE', #125 ) ;
#5312 = CARTESIAN_POINT ( 'NONE',  ( 1.500000000000001110, 0.5362000000000048949, 1.774999999999999689 ) ) ;
#5313 = AXIS2_PLACEMENT_3D ( 'NONE', #1413, #6460, #336 ) ;
#5314 = CARTESIAN_POINT ( 'NONE',  ( 1.886577241033764230, 0.4435498852866788799, -0.8250000000000001776 ) ) ;
#5315 = PLANE ( 'NONE',  #6155 ) ;
#5316 = ORIENTED_EDGE ( 'NONE', *, *, #4713, .F. ) ;
#5317 = AXIS2_PLACEMENT_3D ( 'NONE', #6746, #3930, #7166 ) ;
#5318 = VECTOR ( 'NONE', #5922, 1000.000000000000000 ) ;
#5319 = CARTESIAN_POINT ( 'NONE',  ( -1.776161133969892392, 0.4240805465065236035, 1.124999999999999778 ) ) ;
#5320 = FILL_AREA_STYLE_COLOUR ( '', #1820 ) ;
#5321 = CARTESIAN_POINT ( 'NONE',  ( 2.097265395542184940, 0.2852566719800452844, 0.4749999999999997558 ) ) ;
#5322 = FACE_OUTER_BOUND ( 'NONE', #4084, .T. ) ;
#5323 = VERTEX_POINT ( 'NONE', #4452 ) ;
#5324 = VECTOR ( 'NONE', #6992, 1000.000000000000114 ) ;
#5325 = EDGE_CURVE ( 'NONE', #3182, #1633, #5596, .T. ) ;
#5326 = ORIENTED_EDGE ( 'NONE', *, *, #4651, .T. ) ;
#5327 = ORIENTED_EDGE ( 'NONE', *, *, #6631, .T. ) ;
#5328 = EDGE_CURVE ( 'NONE', #2562, #4357, #5045, .T. ) ;
#5329 = DIRECTION ( 'NONE',  ( 0.9986295347545742773, -0.05233595624293731902, 0.000000000000000000 ) ) ;
#5330 = ORIENTED_EDGE ( 'NONE', *, *, #4793, .T. ) ;
#5331 = CARTESIAN_POINT ( 'NONE',  ( -1.500000000000001110, 0.5362000000000048949, 1.124999999999999778 ) ) ;
#5332 = ORIENTED_EDGE ( 'NONE', *, *, #6330, .T. ) ;
#5333 = CIRCLE ( 'NONE', #5929, 0.2921194534934677955 ) ;
#5334 = VERTEX_POINT ( 'NONE', #1745 ) ;
#5335 = CARTESIAN_POINT ( 'NONE',  ( -2.440579527876272081, -9.062316430720066274E-18, 0.4749999999999997558 ) ) ;
#5336 = CARTESIAN_POINT ( 'NONE',  ( 1.886577241033764230, 0.4435498852866788799, 1.774999999999999689 ) ) ;
#5337 = ADVANCED_FACE ( 'NONE', ( #711 ), #4018, .F. ) ;
#5338 =( LENGTH_UNIT ( ) NAMED_UNIT ( * ) SI_UNIT ( .MILLI., .METRE. ) );
#5339 = PLANE ( 'NONE',  #135 ) ;
#5340 = VECTOR ( 'NONE', #3277, 1000.000000000000000 ) ;
#5341 = VERTEX_POINT ( 'NONE', #6186 ) ;
#5342 = FACE_OUTER_BOUND ( 'NONE', #3884, .T. ) ;
#5343 = LINE ( 'NONE', #5900, #5947 ) ;
#5344 = CARTESIAN_POINT ( 'NONE',  ( 1.776161133969892392, 0.5362000000000048949, 0.8249999999999997335 ) ) ;
#5345 = DIRECTION ( 'NONE',  ( 0.05233595624293796433, -0.9986295347545741663, -0.000000000000000000 ) ) ;
#5346 = ORIENTED_EDGE ( 'NONE', *, *, #6176, .F. ) ;
#5347 = DIRECTION ( 'NONE',  ( 1.000000000000000000, 0.000000000000000000, 0.000000000000000000 ) ) ;
#5348 = VECTOR ( 'NONE', #4327, 1000.000000000000000 ) ;
#5349 = LINE ( 'NONE', #1578, #3004 ) ;
#5350 = VERTEX_POINT ( 'NONE', #5633 ) ;
#5351 = VECTOR ( 'NONE', #2468, 1000.000000000000000 ) ;
#5352 = VECTOR ( 'NONE', #5087, 1000.000000000000000 ) ;
#5353 = ORIENTED_EDGE ( 'NONE', *, *, #71, .F. ) ;
#5354 = CARTESIAN_POINT ( 'NONE',  ( -2.450000000000000178, 0.1797533162558100084, -0.8250000000000001776 ) ) ;
#5355 = AXIS2_PLACEMENT_3D ( 'NONE', #1559, #2612, #957 ) ;
#5356 = CARTESIAN_POINT ( 'NONE',  ( 2.450000000000000178, 0.1797533162558100084, 0.4749999999999997558 ) ) ;
#5357 = CARTESIAN_POINT ( 'NONE',  ( 1.500000000000001110, 0.7161999999999915101, -1.125000000000000222 ) ) ;
#5358 = VERTEX_POINT ( 'NONE', #1216 ) ;
#5359 = CARTESIAN_POINT ( 'NONE',  ( -1.500000000000001110, 0.7161999999999915101, 1.774999999999999689 ) ) ;
#5360 = CIRCLE ( 'NONE', #1657, 0.1121194534934814163 ) ;
#5361 = VERTEX_POINT ( 'NONE', #4521 ) ;
#5362 = VERTEX_POINT ( 'NONE', #6770 ) ;
#5363 = FACE_OUTER_BOUND ( 'NONE', #2863, .T. ) ;
#5364 = ADVANCED_FACE ( 'NONE', ( #6702 ), #604, .F. ) ;
#5365 = CARTESIAN_POINT ( 'NONE',  ( 0.000000000000000000, 0.2999999999999999889, 0.000000000000000000 ) ) ;
#5366 = ORIENTED_EDGE ( 'NONE', *, *, #7118, .F. ) ;
#5367 = VERTEX_POINT ( 'NONE', #3489 ) ;
#5368 = AXIS2_PLACEMENT_3D ( 'NONE', #1871, #6822, #3540 ) ;
#5369 = ADVANCED_FACE ( 'NONE', ( #3921 ), #5560, .F. ) ;
#5370 = ORIENTED_EDGE ( 'NONE', *, *, #4626, .F. ) ;
#5371 = ORIENTED_EDGE ( 'NONE', *, *, #2824, .F. ) ;
#5372 = DIRECTION ( 'NONE',  ( -1.000000000000000000, 0.000000000000000000, 0.000000000000000000 ) ) ;
#5373 = CARTESIAN_POINT ( 'NONE',  ( 1.499999999999998446, 0.1523999999999999799, -1.979160994505041016 ) ) ;
#5374 = EDGE_CURVE ( 'NONE', #4023, #6296, #2389, .T. ) ;
#5375 = CARTESIAN_POINT ( 'NONE',  ( -1.500000000000001110, 0.7161999999999915101, -0.4750000000000001443 ) ) ;
#5376 = FACE_OUTER_BOUND ( 'NONE', #5766, .T. ) ;
#5377 = CYLINDRICAL_SURFACE ( 'NONE', #2054, 0.2921194534934677955 ) ;
#5378 = DIRECTION ( 'NONE',  ( 0.9986295347545742773, -0.05233595624293731902, 0.000000000000000000 ) ) ;
#5379 = EDGE_CURVE ( 'NONE', #6813, #6063, #5333, .T. ) ;
#5380 = EDGE_CURVE ( 'NONE', #3088, #1668, #2917, .T. ) ;
#5381 = ORIENTED_EDGE ( 'NONE', *, *, #3426, .F. ) ;
#5382 = DIRECTION ( 'NONE',  ( 0.000000000000000000, -1.000000000000000000, 0.000000000000000000 ) ) ;
#5383 = EDGE_CURVE ( 'NONE', #90, #5286, #642, .T. ) ;
#5384 = FACE_OUTER_BOUND ( 'NONE', #633, .T. ) ;
#5385 = LINE ( 'NONE', #2628, #1848 ) ;
#5386 = VERTEX_POINT ( 'NONE', #4054 ) ;
#5387 = LINE ( 'NONE', #3213, #5686 ) ;
#5388 = EDGE_LOOP ( 'NONE', ( #958, #1660, #2254, #1642 ) ) ;
#5389 = EDGE_CURVE ( 'NONE', #5504, #3953, #6800, .T. ) ;
#5390 = ADVANCED_FACE ( 'NONE', ( #745 ), #1850, .F. ) ;
#5391 = CARTESIAN_POINT ( 'NONE',  ( -2.450000000000000178, 0.1797533162558100084, -1.125000000000000222 ) ) ;
#5392 = ORIENTED_EDGE ( 'NONE', *, *, #4170, .T. ) ;
#5393 = DIRECTION ( 'NONE',  ( 1.000000000000000000, 0.000000000000000000, 0.000000000000000000 ) ) ;
#5394 = LINE ( 'NONE', #5180, #1308 ) ;
#5395 = CARTESIAN_POINT ( 'NONE',  ( 2.097265395542184940, 0.2852566719800452844, -0.4750000000000001443 ) ) ;
#5396 = VERTEX_POINT ( 'NONE', #881 ) ;
#5397 = CARTESIAN_POINT ( 'NONE',  ( 2.097265395542184940, 0.2852566719800452844, 1.474999999999999645 ) ) ;
#5398 = VECTOR ( 'NONE', #6583, 1000.000000000000000 ) ;
#5399 = EDGE_LOOP ( 'NONE', ( #307, #1035, #3725, #5138 ) ) ;
#5400 = LINE ( 'NONE', #385, #4497 ) ;
#5401 = DIRECTION ( 'NONE',  ( -1.000000000000000000, 3.925976682163069868E-16, 0.000000000000000000 ) ) ;
#5402 = ORIENTED_EDGE ( 'NONE', *, *, #1862, .F. ) ;
#5403 = DIRECTION ( 'NONE',  ( -1.000000000000000000, 0.000000000000000000, -2.306813132947881040E-16 ) ) ;
#5404 = ADVANCED_FACE ( 'NONE', ( #3553 ), #5223, .F. ) ;
#5405 = ORIENTED_EDGE ( 'NONE', *, *, #5841, .F. ) ;
#5406 = ORIENTED_EDGE ( 'NONE', *, *, #3357, .F. ) ;
#5407 = DIRECTION ( 'NONE',  ( 0.000000000000000000, 0.000000000000000000, 1.000000000000000000 ) ) ;
#5408 = DIRECTION ( 'NONE',  ( 3.925976682163069868E-16, -1.000000000000000000, 0.000000000000000000 ) ) ;
#5409 = PLANE ( 'NONE',  #5237 ) ;
#5410 = DIRECTION ( 'NONE',  ( 0.000000000000000000, 0.000000000000000000, -1.000000000000000000 ) ) ;
#5411 = LINE ( 'NONE', #3238, #4868 ) ;
#5412 = VECTOR ( 'NONE', #179, 1000.000000000000000 ) ;
#5413 = ORIENTED_EDGE ( 'NONE', *, *, #1944, .F. ) ;
#5414 =( NAMED_UNIT ( * ) SI_UNIT ( $, .STERADIAN. ) SOLID_ANGLE_UNIT ( ) );
#5415 = DIRECTION ( 'NONE',  ( -0.000000000000000000, -0.000000000000000000, -1.000000000000000000 ) ) ;
#5416 = ORIENTED_EDGE ( 'NONE', *, *, #5139, .T. ) ;
#5417 = DIRECTION ( 'NONE',  ( 0.000000000000000000, 0.000000000000000000, 1.000000000000000000 ) ) ;
#5418 = DIRECTION ( 'NONE',  ( -1.000000000000000000, 0.000000000000000000, 0.000000000000000000 ) ) ;
#5419 = ORIENTED_EDGE ( 'NONE', *, *, #163, .T. ) ;
#5420 = CIRCLE ( 'NONE', #2403, 0.1121194534934809861 ) ;
#5421 = EDGE_CURVE ( 'NONE', #368, #6934, #2574, .T. ) ;
#5422 = CARTESIAN_POINT ( 'NONE',  ( 1.500000000000001110, 0.7161999999999915101, -0.1750000000000002387 ) ) ;
#5423 = VECTOR ( 'NONE', #860, 1000.000000000000227 ) ;
#5424 = ORIENTED_EDGE ( 'NONE', *, *, #3483, .T. ) ;
#5425 = VECTOR ( 'NONE', #5645, 1000.000000000000000 ) ;
#5426 = CARTESIAN_POINT ( 'NONE',  ( 1.776161133969892392, 0.7161999999999913991, 1.774999999999999689 ) ) ;
#5427 = EDGE_CURVE ( 'NONE', #4904, #3580, #4120, .T. ) ;
#5428 = ORIENTED_EDGE ( 'NONE', *, *, #829, .F. ) ;
#5429 = DIRECTION ( 'NONE',  ( 0.9986295347545742773, -0.05233595624293731902, 0.000000000000000000 ) ) ;
#5430 = CARTESIAN_POINT ( 'NONE',  ( 1.776161133969892392, 0.7161999999999913991, 0.4749999999999997558 ) ) ;
#5431 = ORIENTED_EDGE ( 'NONE', *, *, #2, .F. ) ;
#5432 = CLOSED_SHELL ( 'NONE', ( #5740, #6282, #1174, #1230, #2404, #1902, #1604, #6507, #3347, #3261, #7068, #4129, #3596, #4255, #6821, #6234, #2727, #4293, #1304, #5826, #3957, #3570, #3043, #7112, #4087, #6638, #6762, #1315, #2082, #6326, #2720, #3460, #4507, #3731, #2949, #7161, #5463, #2417 ) ) ;
#5433 = ORIENTED_EDGE ( 'NONE', *, *, #2220, .F. ) ;
#5434 = VERTEX_POINT ( 'NONE', #1953 ) ;
#5435 = DIRECTION ( 'NONE',  ( -0.000000000000000000, -0.000000000000000000, -1.000000000000000000 ) ) ;
#5436 = PLANE ( 'NONE',  #5355 ) ;
#5437 = VECTOR ( 'NONE', #2933, 1000.000000000000114 ) ;
#5438 = ORIENTED_EDGE ( 'NONE', *, *, #7079, .F. ) ;
#5439 = PLANE ( 'NONE',  #2563 ) ;
#5440 = ORIENTED_EDGE ( 'NONE', *, *, #3208, .F. ) ;
#5441 = VERTEX_POINT ( 'NONE', #4158 ) ;
#5442 = DIRECTION ( 'NONE',  ( 0.000000000000000000, 0.000000000000000000, 1.000000000000000000 ) ) ;
#5443 = CARTESIAN_POINT ( 'NONE',  ( -2.440579527876272081, -9.062316430720066274E-18, 1.124999999999999778 ) ) ;
#5444 = CARTESIAN_POINT ( 'NONE',  ( 2.440579527876272081, -9.062316430720066274E-18, -0.4750000000000001443 ) ) ;
#5445 = CARTESIAN_POINT ( 'NONE',  ( 2.450000000000000178, 0.1797533162558100084, 1.474999999999999645 ) ) ;
#5446 = DIRECTION ( 'NONE',  ( 1.000000000000000000, -3.925976682163069868E-16, -0.000000000000000000 ) ) ;
#5447 = CIRCLE ( 'NONE', #5809, 0.1121194534934809861 ) ;
#5448 = ORIENTED_EDGE ( 'NONE', *, *, #7021, .F. ) ;
#5449 = ORIENTED_EDGE ( 'NONE', *, *, #2592, .F. ) ;
#5450 = CYLINDRICAL_SURFACE ( 'NONE', #1018, 0.2921194534934677955 ) ;
#5451 = FACE_OUTER_BOUND ( 'NONE', #1349, .T. ) ;
#5452 = FACE_OUTER_BOUND ( 'NONE', #762, .T. ) ;
#5453 = PLANE ( 'NONE',  #246 ) ;
#5454 = CIRCLE ( 'NONE', #3143, 0.2921194534934675735 ) ;
#5455 = ADVANCED_FACE ( 'NONE', ( #6401 ), #4748, .F. ) ;
#5456 = EDGE_LOOP ( 'NONE', ( #6761, #7131, #4111, #6842, #1860, #6903, #1563, #7141, #4952, #6954, #2749, #3681 ) ) ;
#5457 = DIRECTION ( 'NONE',  ( -1.000000000000000000, 0.000000000000000000, 0.000000000000000000 ) ) ;
#5458 = ORIENTED_EDGE ( 'NONE', *, *, #3297, .F. ) ;
#5459 = EDGE_CURVE ( 'NONE', #4275, #6134, #3723, .T. ) ;
#5460 = LINE ( 'NONE', #7103, #4067 ) ;
#5461 = ORIENTED_EDGE ( 'NONE', *, *, #650, .F. ) ;
#5462 = LINE ( 'NONE', #4845, #2559 ) ;
#5463 = ADVANCED_FACE ( 'NONE', ( #3350 ), #1110, .F. ) ;
#5464 = ORIENTED_EDGE ( 'NONE', *, *, #6201, .F. ) ;
#5465 = DIRECTION ( 'NONE',  ( 0.000000000000000000, 0.000000000000000000, 1.000000000000000000 ) ) ;
#5466 = LINE ( 'NONE', #2086, #1500 ) ;
#5467 = ORIENTED_EDGE ( 'NONE', *, *, #603, .F. ) ;
#5468 = CARTESIAN_POINT ( 'NONE',  ( 0.9454999999999998961, 0.2999999999999999889, -1.772500000000000187 ) ) ;
#5469 = ADVANCED_FACE ( 'NONE', ( #2287 ), #2769, .F. ) ;
#5470 = VECTOR ( 'NONE', #5619, 1000.000000000000000 ) ;
#5471 = VERTEX_POINT ( 'NONE', #6742 ) ;
#5472 = CARTESIAN_POINT ( 'NONE',  ( -2.063842636575949019, 0.4748065572667242162, -0.8250000000000001776 ) ) ;
#5473 = LINE ( 'NONE', #1629, #5248 ) ;
#5474 = AXIS2_PLACEMENT_3D ( 'NONE', #253, #4727, #362 ) ;
#5475 = ORIENTED_EDGE ( 'NONE', *, *, #4552, .T. ) ;
#5476 = ORIENTED_EDGE ( 'NONE', *, *, #2356, .T. ) ;
#5477 = CARTESIAN_POINT ( 'NONE',  ( -2.207681502606056778, 0.3047260107602003942, 1.124999999999999778 ) ) ;
#5478 = LINE ( 'NONE', #2202, #5536 ) ;
#5479 = VECTOR ( 'NONE', #980, 1000.000000000000000 ) ;
#5480 = ORIENTED_EDGE ( 'NONE', *, *, #3357, .T. ) ;
#5481 = AXIS2_PLACEMENT_3D ( 'NONE', #3667, #2547, #315 ) ;
#5482 = ORIENTED_EDGE ( 'NONE', *, *, #6046, .T. ) ;
#5483 = LINE ( 'NONE', #447, #3089 ) ;
#5484 = LINE ( 'NONE', #2724, #1883 ) ;
#5485 = AXIS2_PLACEMENT_3D ( 'NONE', #1421, #4675, #1387 ) ;
#5486 = CARTESIAN_POINT ( 'NONE',  ( 1.886577241033764230, 0.4435498852866788799, -0.8250000000000001776 ) ) ;
#5487 = CARTESIAN_POINT ( 'NONE',  ( -1.500000000000001110, 0.5362000000000048949, -1.125000000000000222 ) ) ;
#5488 = LINE ( 'NONE', #526, #4408 ) ;
#5489 = DIRECTION ( 'NONE',  ( -0.9986295347545742773, 0.05233595624293691656, 0.000000000000000000 ) ) ;
#5490 = ORIENTED_EDGE ( 'NONE', *, *, #262, .F. ) ;
#5492 = ORIENTED_EDGE ( 'NONE', *, *, #543, .F. ) ;
#5491 = MECHANICAL_DESIGN_GEOMETRIC_PRESENTATION_REPRESENTATION (  '', ( #5850 ), #2360 ) ;
#5493 = DIRECTION ( 'NONE',  ( 0.05233595624293796433, 0.9986295347545741663, 0.000000000000000000 ) ) ;
#5494 = CARTESIAN_POINT ( 'NONE',  ( -2.201813623794039998, 0.1927602130810681935, -1.475000000000000089 ) ) ;
#5495 = CARTESIAN_POINT ( 'NONE',  ( 1.776161133969892392, 0.5362000000000048949, 1.774999999999999689 ) ) ;
#5496 = DIRECTION ( 'NONE',  ( -1.000000000000000000, 0.000000000000000000, 0.000000000000000000 ) ) ;
#5497 = ORIENTED_EDGE ( 'NONE', *, *, #1829, .T. ) ;
#5498 = LINE ( 'NONE', #2664, #1606 ) ;
#5499 = CYLINDRICAL_SURFACE ( 'NONE', #4045, 0.1121194534934814163 ) ;
#5500 = VERTEX_POINT ( 'NONE', #2846 ) ;
#5501 = EDGE_CURVE ( 'NONE', #374, #5159, #6044, .T. ) ;
#5502 = CARTESIAN_POINT ( 'NONE',  ( -1.886577241033764230, 0.4435498852866789354, -1.125000000000000222 ) ) ;
#5503 = CARTESIAN_POINT ( 'NONE',  ( 1.776161133969892392, 0.7161999999999913991, -0.1750000000000002387 ) ) ;
#5504 = VERTEX_POINT ( 'NONE', #1746 ) ;
#5505 = LINE ( 'NONE', #4466, #1532 ) ;
#5506 = VERTEX_POINT ( 'NONE', #606 ) ;
#5507 = EDGE_CURVE ( 'NONE', #7084, #703, #6667, .T. ) ;
#5508 = LINE ( 'NONE', #5359, #227 ) ;
#5509 = PLANE ( 'NONE',  #6726 ) ;
#5510 = EDGE_CURVE ( 'NONE', #6934, #7179, #677, .T. ) ;
#5511 = VERTEX_POINT ( 'NONE', #6188 ) ;
#5512 = CARTESIAN_POINT ( 'NONE',  ( -2.450000000000000178, 0.1797533162558100084, -0.8250000000000001776 ) ) ;
#5513 = DIRECTION ( 'NONE',  ( 0.000000000000000000, 0.000000000000000000, 1.000000000000000000 ) ) ;
#5514 = ORIENTED_EDGE ( 'NONE', *, *, #5967, .F. ) ;
#5515 = CARTESIAN_POINT ( 'NONE',  ( 1.920000000000000373, 0.2540000000000001146, 0.1749999999999998224 ) ) ;
#5516 = PLANE ( 'NONE',  #6637 ) ;
#5517 = EDGE_CURVE ( 'NONE', #3761, #2079, #3421, .T. ) ;
#5518 = ORIENTED_EDGE ( 'NONE', *, *, #6588, .T. ) ;
#5519 = VECTOR ( 'NONE', #6700, 1000.000000000000000 ) ;
#5520 = VERTEX_POINT ( 'NONE', #4973 ) ;
#5521 = CARTESIAN_POINT ( 'NONE',  ( -2.450000000000000178, 0.1797533162558100084, -0.4750000000000001443 ) ) ;
#5522 = CARTESIAN_POINT ( 'NONE',  ( -1.459660994505034504, 0.1523999999999999799, -2.019500000000007400 ) ) ;
#5523 = EDGE_CURVE ( 'NONE', #5323, #401, #1074, .T. ) ;
#5524 = DIRECTION ( 'NONE',  ( -0.000000000000000000, 0.000000000000000000, 1.000000000000000000 ) ) ;
#5525 = VECTOR ( 'NONE', #2757, 1000.000000000000000 ) ;
#5526 = CARTESIAN_POINT ( 'NONE',  ( -0.7055000000000007931, 0.1523999999999999799, 1.772499999999999964 ) ) ;
#5527 = DIRECTION ( 'NONE',  ( 0.05233595624293796433, 0.9986295347545741663, 0.000000000000000000 ) ) ;
#5528 = CARTESIAN_POINT ( 'NONE',  ( 2.201813623794039998, 0.1927602130810683878, -0.8250000000000001776 ) ) ;
#5529 = DIRECTION ( 'NONE',  ( -1.000000000000000000, 0.000000000000000000, -3.097720492815726673E-16 ) ) ;
#5530 = LINE ( 'NONE', #2148, #342 ) ;
#5531 = PLANE ( 'NONE',  #5919 ) ;
#5532 = ORIENTED_EDGE ( 'NONE', *, *, #4472, .F. ) ;
#5533 = DIRECTION ( 'NONE',  ( 1.000000000000000000, 0.000000000000000000, -0.000000000000000000 ) ) ;
#5534 = CARTESIAN_POINT ( 'NONE',  ( 1.438270008555862178, -0.05112163635556630364, 1.957770008555857144 ) ) ;
#5535 = ORIENTED_EDGE ( 'NONE', *, *, #2042, .T. ) ;
#5536 = VECTOR ( 'NONE', #995, 1000.000000000000114 ) ;
#5537 = LINE ( 'NONE', #4989, #6415 ) ;
#5538 = CARTESIAN_POINT ( 'NONE',  ( -1.150000000000001021, 1.080000000000000071, -1.844500000000007134 ) ) ;
#5539 = AXIS2_PLACEMENT_3D ( 'NONE', #2242, #6251, #3336 ) ;
#5540 = VERTEX_POINT ( 'NONE', #2882 ) ;
#5541 = CARTESIAN_POINT ( 'NONE',  ( 1.500000000000001110, 0.7161999999999915101, -1.775000000000000133 ) ) ;
#5542 = AXIS2_PLACEMENT_3D ( 'NONE', #3103, #5901, #2596 ) ;
#5543 = ORIENTED_EDGE ( 'NONE', *, *, #1473, .T. ) ;
#5544 = DIRECTION ( 'NONE',  ( -1.000000000000000000, -3.925976682163069868E-16, -0.000000000000000000 ) ) ;
#5545 = CIRCLE ( 'NONE', #6256, 0.2921194534934675735 ) ;
#5546 = ORIENTED_EDGE ( 'NONE', *, *, #4349, .F. ) ;
#5547 = CARTESIAN_POINT ( 'NONE',  ( -2.207681502606056778, 0.3047260107602003942, 0.4749999999999997558 ) ) ;
#5548 = EDGE_LOOP ( 'NONE', ( #4885, #5904, #2833, #845 ) ) ;
#5549 = VERTEX_POINT ( 'NONE', #1218 ) ;
#5550 = ADVANCED_FACE ( 'NONE', ( #6587 ), #1601, .F. ) ;
#5551 = VECTOR ( 'NONE', #5808, 1000.000000000000000 ) ;
#5552 = PLANE ( 'NONE',  #2290 ) ;
#5553 = DIRECTION ( 'NONE',  ( 1.000000000000000000, 0.000000000000000000, 0.000000000000000000 ) ) ;
#5554 = VECTOR ( 'NONE', #1999, 1000.000000000000000 ) ;
#5555 = ORIENTED_EDGE ( 'NONE', *, *, #1966, .F. ) ;
#5556 = EDGE_CURVE ( 'NONE', #272, #1307, #3923, .T. ) ;
#5557 = ORIENTED_EDGE ( 'NONE', *, *, #2508, .F. ) ;
#5558 = CIRCLE ( 'NONE', #465, 0.1121194534934809861 ) ;
#5559 = DIRECTION ( 'NONE',  ( 0.000000000000000000, 1.000000000000000000, 0.000000000000000000 ) ) ;
#5560 = PLANE ( 'NONE',  #1630 ) ;
#5561 = EDGE_CURVE ( 'NONE', #3190, #144, #5488, .T. ) ;
#5562 = DIRECTION ( 'NONE',  ( -1.000000000000000000, 0.000000000000000000, 0.000000000000000000 ) ) ;
#5563 = CARTESIAN_POINT ( 'NONE',  ( -2.063842636575949019, 0.4748065572667242162, 1.774999999999999689 ) ) ;
#5564 = DIRECTION ( 'NONE',  ( -1.000000000000000000, -3.925976682163069868E-16, -0.000000000000000000 ) ) ;
#5565 = VECTOR ( 'NONE', #5643, 1000.000000000000000 ) ;
#5566 = EDGE_CURVE ( 'NONE', #3419, #4292, #6150, .T. ) ;
#5567 = ORIENTED_EDGE ( 'NONE', *, *, #3173, .T. ) ;
#5568 = ORIENTED_EDGE ( 'NONE', *, *, #1269, .T. ) ;
#5569 = DIRECTION ( 'NONE',  ( -0.05233595624293797127, 0.9986295347545741663, 0.000000000000000000 ) ) ;
#5570 = CARTESIAN_POINT ( 'NONE',  ( -0.7055000000000006821, 0.1523999999999999799, 1.422499999999999876 ) ) ;
#5571 = CARTESIAN_POINT ( 'NONE',  ( -1.500000000000001110, 0.5362000000000048949, -0.1750000000000002387 ) ) ;
#5572 = CARTESIAN_POINT ( 'NONE',  ( 1.776161133969892392, 0.7161999999999913991, -1.775000000000000133 ) ) ;
#5573 = ORIENTED_EDGE ( 'NONE', *, *, #874, .F. ) ;
#5574 = DIRECTION ( 'NONE',  ( -0.000000000000000000, -0.000000000000000000, -1.000000000000000000 ) ) ;
#5575 = DIRECTION ( 'NONE',  ( -0.000000000000000000, -0.000000000000000000, -1.000000000000000000 ) ) ;
#5576 = ORIENTED_EDGE ( 'NONE', *, *, #2220, .T. ) ;
#5577 =( GEOMETRIC_REPRESENTATION_CONTEXT ( 3 ) GLOBAL_UNCERTAINTY_ASSIGNED_CONTEXT ( ( #6898 ) ) GLOBAL_UNIT_ASSIGNED_CONTEXT ( ( #2267, #67, #2898 ) ) REPRESENTATION_CONTEXT ( 'NONE', 'WORKASPACE' ) );
#5578 = VECTOR ( 'NONE', #50, 1000.000000000000000 ) ;
#5579 = DIRECTION ( 'NONE',  ( 3.925976682163069868E-16, -1.000000000000000000, 0.000000000000000000 ) ) ;
#5580 = FILL_AREA_STYLE ('',( #28 ) ) ;
#5581 = ORIENTED_EDGE ( 'NONE', *, *, #3994, .F. ) ;
#5582 = CARTESIAN_POINT ( 'NONE',  ( 2.097265395542184940, 0.2852566719800452844, -1.475000000000000089 ) ) ;
#5583 = CARTESIAN_POINT ( 'NONE',  ( -2.440579527876272081, -9.062316430720066274E-18, -0.8250000000000001776 ) ) ;
#5584 = ORIENTED_EDGE ( 'NONE', *, *, #4224, .T. ) ;
#5585 = VECTOR ( 'NONE', #51, 1000.000000000000000 ) ;
#5586 = ORIENTED_EDGE ( 'NONE', *, *, #5459, .F. ) ;
#5587 = LINE ( 'NONE', #632, #3740 ) ;
#5588 = ORIENTED_EDGE ( 'NONE', *, *, #71, .T. ) ;
#5589 = AXIS2_PLACEMENT_3D ( 'NONE', #2705, #2668, #1581 ) ;
#5590 = VECTOR ( 'NONE', #7126, 1000.000000000000114 ) ;
#5591 = ORIENTED_EDGE ( 'NONE', *, *, #7121, .F. ) ;
#5592 = EDGE_CURVE ( 'NONE', #2051, #4692, #4453, .T. ) ;
#5593 = AXIS2_PLACEMENT_3D ( 'NONE', #6160, #1187, #3397 ) ;
#5594 = LINE ( 'NONE', #161, #1692 ) ;
#5595 = CARTESIAN_POINT ( 'NONE',  ( -1.150000000000001021, 1.100000000000000089, -1.669500000000007311 ) ) ;
#5596 = LINE ( 'NONE', #1704, #4165 ) ;
#5597 = VECTOR ( 'NONE', #6654, 1000.000000000000000 ) ;
#5598 = LINE ( 'NONE', #2918, #3338 ) ;
#5599 = LINE ( 'NONE', #3020, #1634 ) ;
#5600 = EDGE_CURVE ( 'NONE', #4236, #917, #5599, .T. ) ;
#5601 = AXIS2_PLACEMENT_3D ( 'NONE', #5595, #6106, #1703 ) ;
#5602 = VECTOR ( 'NONE', #3135, 1000.000000000000114 ) ;
#5603 = VERTEX_POINT ( 'NONE', #6906 ) ;
#5604 = VECTOR ( 'NONE', #901, 1000.000000000000000 ) ;
#5605 = ORIENTED_EDGE ( 'NONE', *, *, #1430, .F. ) ;
#5606 = VERTEX_POINT ( 'NONE', #4558 ) ;
#5607 = CARTESIAN_POINT ( 'NONE',  ( -1.500000000000001110, 0.7161999999999871802, 2.019499999999993634 ) ) ;
#5608 = LINE ( 'NONE', #92, #3968 ) ;
#5609 = DIRECTION ( 'NONE',  ( -0.1736481776669313581, -0.9848077530122079093, 0.000000000000000000 ) ) ;
#5610 = CARTESIAN_POINT ( 'NONE',  ( -0.7055000000000007931, 0.1523999999999999799, 1.772499999999999964 ) ) ;
#5611 = CARTESIAN_POINT ( 'NONE',  ( -0.8254999999999999005, 0.2999999999999999889, 1.302499999999999769 ) ) ;
#5612 = ORIENTED_EDGE ( 'NONE', *, *, #6097, .F. ) ;
#5613 = EDGE_CURVE ( 'NONE', #3182, #2200, #3992, .T. ) ;
#5614 = EDGE_CURVE ( 'NONE', #2059, #3075, #4639, .T. ) ;
#5615 = EDGE_CURVE ( 'NONE', #4958, #658, #1918, .T. ) ;
#5616 = CARTESIAN_POINT ( 'NONE',  ( -0.9455000000000004512, 0.1523999999999999799, 1.302499999999999769 ) ) ;
#5617 = CARTESIAN_POINT ( 'NONE',  ( 2.450000000000000178, 0.1797533162558100084, 0.4749999999999997558 ) ) ;
#5618 = ORIENTED_EDGE ( 'NONE', *, *, #6052, .T. ) ;
#5619 = DIRECTION ( 'NONE',  ( 0.000000000000000000, 0.000000000000000000, -1.000000000000000000 ) ) ;
#5620 = DIRECTION ( 'NONE',  ( -1.000000000000000000, 0.000000000000000000, 0.000000000000000000 ) ) ;
#5621 = ORIENTED_EDGE ( 'NONE', *, *, #7021, .T. ) ;
#5622 = EDGE_CURVE ( 'NONE', #779, #615, #2951, .T. ) ;
#5623 = LINE ( 'NONE', #3867, #6944 ) ;
#5624 = DIRECTION ( 'NONE',  ( 1.000000000000000000, 0.000000000000000000, 0.000000000000000000 ) ) ;
#5625 = ORIENTED_EDGE ( 'NONE', *, *, #1737, .T. ) ;
#5626 = DIRECTION ( 'NONE',  ( -0.000000000000000000, -0.000000000000000000, -1.000000000000000000 ) ) ;
#5627 = FACE_OUTER_BOUND ( 'NONE', #3340, .T. ) ;
#5628 = PLANE ( 'NONE',  #220 ) ;
#5629 = VERTEX_POINT ( 'NONE', #4123 ) ;
#5630 = ORIENTED_EDGE ( 'NONE', *, *, #3914, .F. ) ;
#5631 = LINE ( 'NONE', #674, #4152 ) ;
#5632 = DIRECTION ( 'NONE',  ( 0.000000000000000000, 0.000000000000000000, 1.000000000000000000 ) ) ;
#5633 = CARTESIAN_POINT ( 'NONE',  ( -1.150000000000001021, 1.100000000000000089, -1.494500000000007489 ) ) ;
#5634 = CYLINDRICAL_SURFACE ( 'NONE', #6253, 0.1121194534934809861 ) ;
#5635 = CARTESIAN_POINT ( 'NONE',  ( -0.8254999999999999005, 0.2999999999999999889, 1.422499999999999876 ) ) ;
#5636 = AXIS2_PLACEMENT_3D ( 'NONE', #3631, #999, #6982 ) ;
#5637 = ORIENTED_EDGE ( 'NONE', *, *, #819, .T. ) ;
#5638 = ORIENTED_EDGE ( 'NONE', *, *, #1656, .T. ) ;
#5639 = DIRECTION ( 'NONE',  ( -1.000000000000000000, 0.000000000000000000, 0.000000000000000000 ) ) ;
#5640 = CARTESIAN_POINT ( 'NONE',  ( -2.192393151670311457, 0.01300689682525818514, -1.475000000000000089 ) ) ;
#5641 = AXIS2_PLACEMENT_3D ( 'NONE', #6037, #7152, #5553 ) ;
#5642 = FACE_OUTER_BOUND ( 'NONE', #6699, .T. ) ;
#5643 = DIRECTION ( 'NONE',  ( 0.000000000000000000, 1.000000000000000000, 0.000000000000000000 ) ) ;
#5644 = DIRECTION ( 'NONE',  ( -0.1736481776669313026, -0.9848077530122080203, -0.000000000000000000 ) ) ;
#5645 = DIRECTION ( 'NONE',  ( -0.000000000000000000, 1.000000000000000000, -0.000000000000000000 ) ) ;
#5646 = ORIENTED_EDGE ( 'NONE', *, *, #6553, .F. ) ;
#5647 = EDGE_CURVE ( 'NONE', #917, #1633, #6289, .T. ) ;
#5648 = DIRECTION ( 'NONE',  ( 0.000000000000000000, 0.000000000000000000, 1.000000000000000000 ) ) ;
#5649 = CARTESIAN_POINT ( 'NONE',  ( 1.776161133969892392, 0.7161999999999913991, -0.8250000000000001776 ) ) ;
#5650 = EDGE_LOOP ( 'NONE', ( #2641, #6599, #3107, #812 ) ) ;
#5651 = CARTESIAN_POINT ( 'NONE',  ( -1.776161133969892392, 0.7161999999999915101, -1.125000000000000222 ) ) ;
#5652 = FACE_OUTER_BOUND ( 'NONE', #2545, .T. ) ;
#5653 = ORIENTED_EDGE ( 'NONE', *, *, #5235, .T. ) ;
#5654 = EDGE_CURVE ( 'NONE', #3516, #4318, #1295, .T. ) ;
#5655 = VECTOR ( 'NONE', #4072, 1000.000000000000000 ) ;
#5656 = ORIENTED_EDGE ( 'NONE', *, *, #6674, .F. ) ;
#5657 = CIRCLE ( 'NONE', #3456, 0.2921194534934675735 ) ;
#5658 = DIRECTION ( 'NONE',  ( -1.000000000000000000, 0.000000000000000000, 0.000000000000000000 ) ) ;
#5659 = VERTEX_POINT ( 'NONE', #1851 ) ;
#5660 = ORIENTED_EDGE ( 'NONE', *, *, #2208, .T. ) ;
#5661 = PLANE ( 'NONE',  #2526 ) ;
#5662 = DIRECTION ( 'NONE',  ( -0.000000000000000000, -0.000000000000000000, -1.000000000000000000 ) ) ;
#5663 = AXIS2_PLACEMENT_3D ( 'NONE', #4886, #7119, #2278 ) ;
#5664 = ORIENTED_EDGE ( 'NONE', *, *, #4219, .F. ) ;
#5665 = ORIENTED_EDGE ( 'NONE', *, *, #6731, .T. ) ;
#5666 = CARTESIAN_POINT ( 'NONE',  ( -0.9454999999999998961, 0.2999999999999999889, -1.772500000000000409 ) ) ;
#5667 = CARTESIAN_POINT ( 'NONE',  ( 0.7054999999999993499, 0.1523999999999999799, 1.422499999999999876 ) ) ;
#5668 = PRESENTATION_LAYER_ASSIGNMENT (  '', '', ( #2060 ) ) ;
#5669 = AXIS2_PLACEMENT_3D ( 'NONE', #6232, #3364, #2821 ) ;
#5670 = DIRECTION ( 'NONE',  ( -0.000000000000000000, 1.000000000000000000, -0.000000000000000000 ) ) ;
#5671 = CARTESIAN_POINT ( 'NONE',  ( 2.097265395542184940, 0.2852566719800452844, -0.8250000000000001776 ) ) ;
#5672 = DIRECTION ( 'NONE',  ( -1.000000000000000000, 0.000000000000000000, 0.000000000000000000 ) ) ;
#5673 = CARTESIAN_POINT ( 'NONE',  ( -1.776161133969892392, 0.4240805465065236035, -1.475000000000000089 ) ) ;
#5674 = LINE ( 'NONE', #2391, #636 ) ;
#5675 = AXIS2_PLACEMENT_3D ( 'NONE', #2030, #4761, #2652 ) ;
#5676 = LINE ( 'NONE', #6190, #5193 ) ;
#5677 = PRESENTATION_STYLE_ASSIGNMENT (( #6874 ) ) ;
#5678 = VECTOR ( 'NONE', #4226, 1000.000000000000000 ) ;
#5679 = VECTOR ( 'NONE', #2572, 1000.000000000000000 ) ;
#5680 = ORIENTED_EDGE ( 'NONE', *, *, #36, .F. ) ;
#5681 = CARTESIAN_POINT ( 'NONE',  ( 0.9454999999999998961, 0.2999999999999999889, -1.772500000000000187 ) ) ;
#5682 = CARTESIAN_POINT ( 'NONE',  ( -0.7055000000000000160, 0.2999999999999999889, -1.772500000000000409 ) ) ;
#5683 = VECTOR ( 'NONE', #230, 1000.000000000000000 ) ;
#5684 = FACE_OUTER_BOUND ( 'NONE', #5456, .T. ) ;
#5685 = ORIENTED_EDGE ( 'NONE', *, *, #870, .T. ) ;
#5686 = VECTOR ( 'NONE', #7170, 1000.000000000000000 ) ;
#5687 = ORIENTED_EDGE ( 'NONE', *, *, #1594, .T. ) ;
#5688 = FACE_OUTER_BOUND ( 'NONE', #4227, .T. ) ;
#5689 = ADVANCED_FACE ( 'NONE', ( #749 ), #5816, .F. ) ;
#5690 = ORIENTED_EDGE ( 'NONE', *, *, #4742, .F. ) ;
#5691 = DIRECTION ( 'NONE',  ( -3.925976682163069868E-16, -1.000000000000000000, 0.000000000000000000 ) ) ;
#5692 = CARTESIAN_POINT ( 'NONE',  ( 1.776161133969892392, 0.7161999999999913991, 1.124999999999999778 ) ) ;
#5693 = ORIENTED_EDGE ( 'NONE', *, *, #2275, .F. ) ;
#5694 = FACE_OUTER_BOUND ( 'NONE', #1614, .T. ) ;
#5695 = PLANE ( 'NONE',  #6391 ) ;
#5696 = ORIENTED_EDGE ( 'NONE', *, *, #4001, .F. ) ;
#5697 = EDGE_CURVE ( 'NONE', #5705, #5990, #5149, .T. ) ;
#5698 = VECTOR ( 'NONE', #4592, 1000.000000000000000 ) ;
#5699 = STYLED_ITEM ( 'NONE', ( #2302 ), #6603 ) ;
#5700 = EDGE_CURVE ( 'NONE', #3896, #5659, #2919, .T. ) ;
#5701 = ORIENTED_EDGE ( 'NONE', *, *, #683, .T. ) ;
#5702 = LINE ( 'NONE', #6760, #165 ) ;
#5703 = AXIS2_PLACEMENT_3D ( 'NONE', #5477, #3840, #1135 ) ;
#5704 = CARTESIAN_POINT ( 'NONE',  ( 2.097265395542184940, 0.2852566719800452844, -1.475000000000000089 ) ) ;
#5705 = VERTEX_POINT ( 'NONE', #4020 ) ;
#5706 = CARTESIAN_POINT ( 'NONE',  ( 1.776161133969892392, 0.4240805465065236035, 1.774999999999999689 ) ) ;
#5707 = DIRECTION ( 'NONE',  ( 0.05233595624293796433, -0.9986295347545741663, -0.000000000000000000 ) ) ;
#5708 = EDGE_CURVE ( 'NONE', #1595, #1255, #2984, .T. ) ;
#5709 = ADVANCED_FACE ( 'NONE', ( #2323 ), #6773, .F. ) ;
#5710 = VERTEX_POINT ( 'NONE', #6336 ) ;
#5711 = EDGE_CURVE ( 'NONE', #1088, #3147, #1353, .T. ) ;
#5712 = ORIENTED_EDGE ( 'NONE', *, *, #6580, .T. ) ;
#5713 = CARTESIAN_POINT ( 'NONE',  ( -0.9455000000000004512, 0.1523999999999999799, 1.302499999999999769 ) ) ;
#5714 = DIRECTION ( 'NONE',  ( 0.9986295347545742773, 0.05233595624293691656, -0.000000000000000000 ) ) ;
#5715 = VECTOR ( 'NONE', #3758, 1000.000000000000000 ) ;
#5716 = CARTESIAN_POINT ( 'NONE',  ( -1.150000000000001021, 1.100000000000000089, -1.669500000000007311 ) ) ;
#5717 = CARTESIAN_POINT ( 'NONE',  ( 1.920000000000000373, 0.2540000000000001146, -0.1750000000000002387 ) ) ;
#5718 = CARTESIAN_POINT ( 'NONE',  ( 1.776161133969892392, 0.4240805465065236035, -0.1750000000000002387 ) ) ;
#5719 = CARTESIAN_POINT ( 'NONE',  ( 1.500000000000001110, 0.5362000000000048949, 1.774999999999999689 ) ) ;
#5720 = EDGE_LOOP ( 'NONE', ( #886, #4221, #3428, #4465 ) ) ;
#5721 = CIRCLE ( 'NONE', #4416, 0.2921194534934677955 ) ;
#5722 = CYLINDRICAL_SURFACE ( 'NONE', #318, 0.1121194534934809861 ) ;
#5723 = VECTOR ( 'NONE', #3116, 1000.000000000000000 ) ;
#5724 = CARTESIAN_POINT ( 'NONE',  ( 1.776161133969892392, 0.7161999999999913991, 1.774999999999999689 ) ) ;
#5725 = DIRECTION ( 'NONE',  ( -0.000000000000000000, -0.000000000000000000, -1.000000000000000000 ) ) ;
#5726 = ORIENTED_EDGE ( 'NONE', *, *, #2092, .T. ) ;
#5727 = AXIS2_PLACEMENT_3D ( 'NONE', #1075, #2251, #1437 ) ;
#5728 = LINE ( 'NONE', #2965, #6870 ) ;
#5729 = ORIENTED_EDGE ( 'NONE', *, *, #3780, .T. ) ;
#5730 = DIRECTION ( 'NONE',  ( -0.000000000000000000, -0.000000000000000000, -1.000000000000000000 ) ) ;
#5731 = CARTESIAN_POINT ( 'NONE',  ( -0.9454999999999997851, 0.1523999999999999799, -1.302500000000000213 ) ) ;
#5732 = VECTOR ( 'NONE', #1602, 1000.000000000000000 ) ;
#5733 = VERTEX_POINT ( 'NONE', #920 ) ;
#5734 = DIRECTION ( 'NONE',  ( -0.05233595624293797127, 0.9986295347545741663, 0.000000000000000000 ) ) ;
#5735 = DIRECTION ( 'NONE',  ( -0.000000000000000000, 0.000000000000000000, 1.000000000000000000 ) ) ;
#5736 = CARTESIAN_POINT ( 'NONE',  ( -1.500000000000001110, 0.7161999999999915101, 1.474999999999999645 ) ) ;
#5737 = ORIENTED_EDGE ( 'NONE', *, *, #5926, .T. ) ;
#5738 = EDGE_CURVE ( 'NONE', #5629, #5434, #2685, .T. ) ;
#5739 = FACE_OUTER_BOUND ( 'NONE', #361, .T. ) ;
#5740 = ADVANCED_FACE ( 'NONE', ( #6140 ), #3268, .F. ) ;
#5741 = DIRECTION ( 'NONE',  ( 6.195440985631441512E-16, 0.000000000000000000, -1.000000000000000000 ) ) ;
#5742 = DIRECTION ( 'NONE',  ( 1.000000000000000000, 0.000000000000000000, 0.000000000000000000 ) ) ;
#5743 = CARTESIAN_POINT ( 'NONE',  ( -1.500000000000001110, 0.7161999999999915101, 1.124999999999999778 ) ) ;
#5744 = VERTEX_POINT ( 'NONE', #4339 ) ;
#5745 = DIRECTION ( 'NONE',  ( 3.925976682163069868E-16, -1.000000000000000000, 0.000000000000000000 ) ) ;
#5746 = EDGE_CURVE ( 'NONE', #3829, #5178, #6973, .T. ) ;
#5747 = DIRECTION ( 'NONE',  ( -0.000000000000000000, -0.000000000000000000, -1.000000000000000000 ) ) ;
#5748 = CARTESIAN_POINT ( 'NONE',  ( 1.500000000000001110, 0.5362000000000048949, -0.4750000000000001443 ) ) ;
#5749 = PLANE ( 'NONE',  #3511 ) ;
#5750 = LINE ( 'NONE', #3595, #1828 ) ;
#5751 = VERTEX_POINT ( 'NONE', #3380 ) ;
#5752 = DIRECTION ( 'NONE',  ( -0.000000000000000000, -0.000000000000000000, -1.000000000000000000 ) ) ;
#5753 = ADVANCED_FACE ( 'NONE', ( #4887 ), #5439, .F. ) ;
#5754 = DIRECTION ( 'NONE',  ( 0.000000000000000000, 0.000000000000000000, 1.000000000000000000 ) ) ;
#5755 = DIRECTION ( 'NONE',  ( 0.9986295347545742773, 0.05233595624293731902, 0.000000000000000000 ) ) ;
#5756 = CARTESIAN_POINT ( 'NONE',  ( 2.201813623794039998, 0.1927602130810683878, 0.1749999999999998224 ) ) ;
#5757 = ORIENTED_EDGE ( 'NONE', *, *, #2362, .F. ) ;
#5758 = ADVANCED_FACE ( 'NONE', ( #2279 ), #5516, .F. ) ;
#5759 = VECTOR ( 'NONE', #4060, 1000.000000000000000 ) ;
#5760 = EDGE_LOOP ( 'NONE', ( #5997, #4813, #6275, #3053 ) ) ;
#5761 = CARTESIAN_POINT ( 'NONE',  ( -2.450000000000000178, 0.1797533162558100084, 1.474999999999999645 ) ) ;
#5762 = CARTESIAN_POINT ( 'NONE',  ( -1.500000000000001110, 0.5362000000000101130, 2.019499999999993634 ) ) ;
#5763 = DIRECTION ( 'NONE',  ( 0.9986295347545742773, 0.05233595624293797821, -0.000000000000000000 ) ) ;
#5764 = DIRECTION ( 'NONE',  ( -2.306813132947882026E-16, 0.000000000000000000, 1.000000000000000000 ) ) ;
#5765 = CARTESIAN_POINT ( 'NONE',  ( 2.201813623794039998, 0.1927602130810683878, 1.124999999999999778 ) ) ;
#5766 = EDGE_LOOP ( 'NONE', ( #3476, #2269, #7088, #175 ) ) ;
#5767 = ORIENTED_EDGE ( 'NONE', *, *, #4300, .T. ) ;
#5768 = DIRECTION ( 'NONE',  ( -0.000000000000000000, -0.000000000000000000, -1.000000000000000000 ) ) ;
#5770 = ORIENTED_EDGE ( 'NONE', *, *, #382, .F. ) ;
#5769 = AXIS2_PLACEMENT_3D ( 'NONE', #5255, #302, #333 ) ;
#5771 = VERTEX_POINT ( 'NONE', #4919 ) ;
#5772 = PRESENTATION_STYLE_ASSIGNMENT (( #5221 ) ) ;
#5773 = EDGE_CURVE ( 'NONE', #6789, #5341, #635, .T. ) ;
#5774 = AXIS2_PLACEMENT_3D ( 'NONE', #191, #595, #5072 ) ;
#5775 = LINE ( 'NONE', #5815, #346 ) ;
#5776 = DIRECTION ( 'NONE',  ( -0.000000000000000000, -0.000000000000000000, -1.000000000000000000 ) ) ;
#5777 = CARTESIAN_POINT ( 'NONE',  ( 1.499999999999998446, 0.5362000000000118893, 2.019499999999993634 ) ) ;
#5778 = LINE ( 'NONE', #1590, #4243 ) ;
#5779 = EDGE_CURVE ( 'NONE', #202, #90, #4478, .T. ) ;
#5780 =( GEOMETRIC_REPRESENTATION_CONTEXT ( 3 ) GLOBAL_UNCERTAINTY_ASSIGNED_CONTEXT ( ( #5956 ) ) GLOBAL_UNIT_ASSIGNED_CONTEXT ( ( #2435, #3390, #2325 ) ) REPRESENTATION_CONTEXT ( 'NONE', 'WORKASPACE' ) );
#5781 = VECTOR ( 'NONE', #1285, 1000.000000000000000 ) ;
#5782 = ORIENTED_EDGE ( 'NONE', *, *, #2636, .F. ) ;
#5783 = DIRECTION ( 'NONE',  ( -1.000000000000000000, 0.000000000000000000, 0.000000000000000000 ) ) ;
#5784 = LINE ( 'NONE', #3098, #1097 ) ;
#5785 = ADVANCED_FACE ( 'NONE', ( #1066 ), #4411, .T. ) ;
#5786 = DIRECTION ( 'NONE',  ( 0.9848077530122079093, -0.1736481776669312749, 0.000000000000000000 ) ) ;
#5787 = LINE ( 'NONE', #7018, #2089 ) ;
#5788 = DIRECTION ( 'NONE',  ( -0.000000000000000000, -0.000000000000000000, -1.000000000000000000 ) ) ;
#5789 = EDGE_CURVE ( 'NONE', #2732, #2647, #1463, .T. ) ;
#5790 = EDGE_CURVE ( 'NONE', #2647, #2792, #4447, .T. ) ;
#5791 = VECTOR ( 'NONE', #681, 1000.000000000000000 ) ;
#5792 = ORIENTED_EDGE ( 'NONE', *, *, #6698, .F. ) ;
#5793 = CARTESIAN_POINT ( 'NONE',  ( 0.9454999999999992299, 0.1523999999999999799, 1.302500000000000657 ) ) ;
#5794 = VECTOR ( 'NONE', #2748, 1000.000000000000000 ) ;
#5795 = CARTESIAN_POINT ( 'NONE',  ( -1.500000000000001110, 0.7161999999999915101, -0.8250000000000001776 ) ) ;
#5796 = DIRECTION ( 'NONE',  ( -1.000000000000000000, 0.000000000000000000, 0.000000000000000000 ) ) ;
#5797 = CIRCLE ( 'NONE', #4744, 0.1121194534934809861 ) ;
#5798 = EDGE_LOOP ( 'NONE', ( #74, #6661, #3443, #3071 ) ) ;
#5799 = DIRECTION ( 'NONE',  ( -0.000000000000000000, 0.000000000000000000, -1.000000000000000000 ) ) ;
#5800 = CARTESIAN_POINT ( 'NONE',  ( -1.776161133969892392, 0.7161999999999913991, -1.125000000000000222 ) ) ;
#5801 = DIRECTION ( 'NONE',  ( -0.000000000000000000, -0.000000000000000000, -1.000000000000000000 ) ) ;
#5802 = VERTEX_POINT ( 'NONE', #4961 ) ;
#5803 = DIRECTION ( 'NONE',  ( 1.000000000000000000, 0.000000000000000000, 0.000000000000000000 ) ) ;
#5804 = ORIENTED_EDGE ( 'NONE', *, *, #4214, .F. ) ;
#5805 = DIRECTION ( 'NONE',  ( -1.000000000000000000, 0.000000000000000000, 0.000000000000000000 ) ) ;
#5806 = PLANE ( 'NONE',  #4420 ) ;
#5807 = ORIENTED_EDGE ( 'NONE', *, *, #4928, .T. ) ;
#5808 = DIRECTION ( 'NONE',  ( -1.000000000000000000, 0.000000000000000000, 0.000000000000000000 ) ) ;
#5809 = AXIS2_PLACEMENT_3D ( 'NONE', #293, #2517, #6854 ) ;
#5810 = ORIENTED_EDGE ( 'NONE', *, *, #5746, .T. ) ;
#5811 = VERTEX_POINT ( 'NONE', #7184 ) ;
#5812 = VECTOR ( 'NONE', #3669, 1000.000000000000114 ) ;
#5813 = DIRECTION ( 'NONE',  ( -1.000000000000000000, 0.000000000000000000, 0.000000000000000000 ) ) ;
#5814 = ORIENTED_EDGE ( 'NONE', *, *, #1128, .T. ) ;
#5815 = CARTESIAN_POINT ( 'NONE',  ( -1.886577241033764230, 0.4435498852866789354, -0.8250000000000001776 ) ) ;
#5816 = PLANE ( 'NONE',  #4997 ) ;
#5817 = CARTESIAN_POINT ( 'NONE',  ( -0.7055000000000006821, 0.2999999999999999889, 1.422499999999999876 ) ) ;
#5818 = FACE_OUTER_BOUND ( 'NONE', #7136, .T. ) ;
#5819 =( NAMED_UNIT ( * ) SI_UNIT ( $, .STERADIAN. ) SOLID_ANGLE_UNIT ( ) );
#5820 = EDGE_CURVE ( 'NONE', #5471, #1668, #6657, .T. ) ;
#5821 = VERTEX_POINT ( 'NONE', #6694 ) ;
#5822 = ORIENTED_EDGE ( 'NONE', *, *, #6498, .T. ) ;
#5823 = LINE ( 'NONE', #3064, #1574 ) ;
#5824 = CARTESIAN_POINT ( 'NONE',  ( 1.776161133969892392, 0.5362000000000048949, 1.124999999999999778 ) ) ;
#5825 = CARTESIAN_POINT ( 'NONE',  ( -1.776161133969892392, 0.4240805465065236035, -0.1750000000000002387 ) ) ;
#5826 = ADVANCED_FACE ( 'NONE', ( #6828 ), #1244, .F. ) ;
#5827 = ORIENTED_EDGE ( 'NONE', *, *, #2582, .F. ) ;
#5828 = DIRECTION ( 'NONE',  ( -1.000000000000000000, 0.000000000000000000, 0.000000000000000000 ) ) ;
#5829 = VECTOR ( 'NONE', #466, 1000.000000000000000 ) ;
#5830 = EDGE_CURVE ( 'NONE', #2038, #1658, #5073, .T. ) ;
#5831 = VECTOR ( 'NONE', #364, 1000.000000000000000 ) ;
#5832 = ORIENTED_EDGE ( 'NONE', *, *, #3903, .T. ) ;
#5833 = CARTESIAN_POINT ( 'NONE',  ( -2.063842636575949019, 0.4748065572667242162, 1.124999999999999778 ) ) ;
#5834 = CARTESIAN_POINT ( 'NONE',  ( -2.207681502606056778, 0.3047260107602003942, 1.774999999999999689 ) ) ;
#5835 = ORIENTED_EDGE ( 'NONE', *, *, #6537, .T. ) ;
#5836 = CARTESIAN_POINT ( 'NONE',  ( 1.500000000000001110, 0.5362000000000048949, 1.774999999999999689 ) ) ;
#5837 = CARTESIAN_POINT ( 'NONE',  ( 0.9454999999999992299, 0.1523999999999999799, 1.302500000000000657 ) ) ;
#5838 = DIRECTION ( 'NONE',  ( -1.000000000000000000, 0.000000000000000000, 0.000000000000000000 ) ) ;
#5839 = VERTEX_POINT ( 'NONE', #3417 ) ;
#5840 = VECTOR ( 'NONE', #5741, 1000.000000000000000 ) ;
#5841 = EDGE_CURVE ( 'NONE', #1668, #5802, #2387, .T. ) ;
#5842 = AXIS2_PLACEMENT_3D ( 'NONE', #3258, #5465, #2605 ) ;
#5843 = FACE_OUTER_BOUND ( 'NONE', #5388, .T. ) ;
#5844 = EDGE_LOOP ( 'NONE', ( #1962, #3730, #2015, #4050 ) ) ;
#5845 = CARTESIAN_POINT ( 'NONE',  ( 0.7055000000000001270, 0.1523999999999999799, -1.422500000000000320 ) ) ;
#5846 = EDGE_CURVE ( 'NONE', #3016, #6424, #3548, .T. ) ;
#5847 = DIRECTION ( 'NONE',  ( -0.1736481776669313026, -0.9848077530122080203, -0.000000000000000000 ) ) ;
#5848 = VERTEX_POINT ( 'NONE', #2946 ) ;
#5849 = DIRECTION ( 'NONE',  ( 0.000000000000000000, 0.000000000000000000, 1.000000000000000000 ) ) ;
#5850 = STYLED_ITEM ( 'NONE', ( #3709 ), #4676 ) ;
#5851 = ORIENTED_EDGE ( 'NONE', *, *, #1125, .F. ) ;
#5852 = DIRECTION ( 'NONE',  ( 1.000000000000000000, 0.000000000000000000, 0.000000000000000000 ) ) ;
#5853 = ORIENTED_EDGE ( 'NONE', *, *, #1480, .F. ) ;
#5854 = LINE ( 'NONE', #5925, #919 ) ;
#5855 = ORIENTED_EDGE ( 'NONE', *, *, #2713, .F. ) ;
#5856 = ORIENTED_EDGE ( 'NONE', *, *, #6462, .F. ) ;
#5857 = DIRECTION ( 'NONE',  ( 0.000000000000000000, -1.000000000000000000, 0.000000000000000000 ) ) ;
#5858 = DIRECTION ( 'NONE',  ( 0.000000000000000000, 1.000000000000000000, 0.000000000000000000 ) ) ;
#5859 = FACE_OUTER_BOUND ( 'NONE', #3101, .T. ) ;
#5860 = CARTESIAN_POINT ( 'NONE',  ( -2.192393151670311457, 0.01300689682525807585, 1.474999999999999645 ) ) ;
#5861 = ORIENTED_EDGE ( 'NONE', *, *, #3597, .T. ) ;
#5862 = LINE ( 'NONE', #5976, #1378 ) ;
#5863 = EDGE_CURVE ( 'NONE', #6582, #2870, #669, .T. ) ;
#5864 = ORIENTED_EDGE ( 'NONE', *, *, #7154, .F. ) ;
#5865 = PLANE ( 'NONE',  #6935 ) ;
#5866 = DIRECTION ( 'NONE',  ( -1.000000000000000000, 0.000000000000000000, 0.000000000000000000 ) ) ;
#5867 = EDGE_CURVE ( 'NONE', #7117, #401, #4515, .T. ) ;
#5868 = ORIENTED_EDGE ( 'NONE', *, *, #5325, .F. ) ;
#5869 = LINE ( 'NONE', #900, #5952 ) ;
#5870 = LINE ( 'NONE', #5013, #5015 ) ;
#5871 = DIRECTION ( 'NONE',  ( -0.000000000000000000, -0.000000000000000000, -1.000000000000000000 ) ) ;
#5872 = EDGE_LOOP ( 'NONE', ( #4784, #4707, #3926, #7171 ) ) ;
#5873 = VECTOR ( 'NONE', #1529, 1000.000000000000000 ) ;
#5874 = ADVANCED_FACE ( 'NONE', ( #6214 ), #192, .F. ) ;
#5875 = CARTESIAN_POINT ( 'NONE',  ( 2.201813623794039998, 0.1927602130810683878, -1.475000000000000089 ) ) ;
#5876 = PLANE ( 'NONE',  #4473 ) ;
#5877 = LINE ( 'NONE', #7001, #2623 ) ;
#5878 = AXIS2_PLACEMENT_3D ( 'NONE', #1803, #1843, #2874 ) ;
#5879 = LINE ( 'NONE', #4700, #5723 ) ;
#5880 = VERTEX_POINT ( 'NONE', #3480 ) ;
#5881 = CARTESIAN_POINT ( 'NONE',  ( 0.000000000000000000, 0.1523999999999999799, -1.772500000000000187 ) ) ;
#5882 = ADVANCED_FACE ( 'NONE', ( #704 ), #738, .T. ) ;
#5883 = ORIENTED_EDGE ( 'NONE', *, *, #58, .F. ) ;
#5884 = VERTEX_POINT ( 'NONE', #1276 ) ;
#5885 = CARTESIAN_POINT ( 'NONE',  ( -0.7055000000000000160, 0.1523999999999999799, -1.422500000000000320 ) ) ;
#5886 = ORIENTED_EDGE ( 'NONE', *, *, #117, .F. ) ;
#5887 = DIRECTION ( 'NONE',  ( 1.000000000000000000, 0.000000000000000000, -0.000000000000000000 ) ) ;
#5888 = FACE_OUTER_BOUND ( 'NONE', #2445, .T. ) ;
#5889 = FILL_AREA_STYLE_COLOUR ( '', #5200 ) ;
#5890 = ORIENTED_EDGE ( 'NONE', *, *, #3864, .T. ) ;
#5891 = VERTEX_POINT ( 'NONE', #5141 ) ;
#5892 = LINE ( 'NONE', #6511, #5873 ) ;
#5893 = CARTESIAN_POINT ( 'NONE',  ( 0.000000000000000000, 0.2999999999999999889, 0.000000000000000000 ) ) ;
#5894 =( NAMED_UNIT ( * ) SI_UNIT ( $, .STERADIAN. ) SOLID_ANGLE_UNIT ( ) );
#5895 = CARTESIAN_POINT ( 'NONE',  ( 0.9454999999999997851, 0.1523999999999999799, -1.302500000000000213 ) ) ;
#5896 = CIRCLE ( 'NONE', #4722, 0.1121194534934809861 ) ;
#5897 = AXIS2_PLACEMENT_3D ( 'NONE', #2070, #7052, #5975 ) ;
#5898 = AXIS2_PLACEMENT_3D ( 'NONE', #6016, #5023, #5533 ) ;
#5899 = CYLINDRICAL_SURFACE ( 'NONE', #500, 0.1121194534934809861 ) ;
#5900 = CARTESIAN_POINT ( 'NONE',  ( -1.776161133969892392, 0.7161999999999915101, -0.1750000000000002387 ) ) ;
#5901 = DIRECTION ( 'NONE',  ( 0.000000000000000000, 1.000000000000000000, 0.000000000000000000 ) ) ;
#5902 = DIRECTION ( 'NONE',  ( -1.000000000000000000, -3.925976682163069868E-16, 0.000000000000000000 ) ) ;
#5903 = AXIS2_PLACEMENT_3D ( 'NONE', #1347, #3547, #2088 ) ;
#5904 = ORIENTED_EDGE ( 'NONE', *, *, #2131, .F. ) ;
#5905 = CARTESIAN_POINT ( 'NONE',  ( 2.063842636575948575, 0.4748065572667239942, -1.775000000000000133 ) ) ;
#5906 = CIRCLE ( 'NONE', #4614, 0.2921194534934677955 ) ;
#5907 = LINE ( 'NONE', #7100, #5185 ) ;
#5908 = ORIENTED_EDGE ( 'NONE', *, *, #608, .F. ) ;
#5909 = VECTOR ( 'NONE', #3358, 1000.000000000000000 ) ;
#5910 = ADVANCED_FACE ( 'NONE', ( #2385 ), #140, .F. ) ;
#5911 = AXIS2_PLACEMENT_3D ( 'NONE', #2058, #3228, #6465 ) ;
#5912 = CARTESIAN_POINT ( 'NONE',  ( -2.201813623794039998, 0.1927602130810681935, -0.8250000000000001776 ) ) ;
#5913 = ORIENTED_EDGE ( 'NONE', *, *, #1102, .T. ) ;
#5914 = DIRECTION ( 'NONE',  ( -0.1736481776669336896, 0.9848077530122073542, 0.000000000000000000 ) ) ;
#5915 = CARTESIAN_POINT ( 'NONE',  ( 2.207681502606056778, 0.3047260107602003942, -1.475000000000000089 ) ) ;
#5916 = ORIENTED_EDGE ( 'NONE', *, *, #683, .F. ) ;
#5917 = EDGE_CURVE ( 'NONE', #5386, #985, #1077, .T. ) ;
#5918 = DIRECTION ( 'NONE',  ( -1.000000000000000000, 0.000000000000000000, 0.000000000000000000 ) ) ;
#5919 = AXIS2_PLACEMENT_3D ( 'NONE', #6087, #5982, #2219 ) ;
#5920 = EDGE_CURVE ( 'NONE', #3761, #6350, #2216, .T. ) ;
#5921 = ORIENTED_EDGE ( 'NONE', *, *, #4598, .F. ) ;
#5922 = DIRECTION ( 'NONE',  ( 0.000000000000000000, 0.000000000000000000, -1.000000000000000000 ) ) ;
#5923 = CARTESIAN_POINT ( 'NONE',  ( -2.097265395542184940, 0.2852566719800452288, -0.1750000000000002387 ) ) ;
#5924 = ADVANCED_FACE ( 'NONE', ( #15 ), #2695, .F. ) ;
#5925 = CARTESIAN_POINT ( 'NONE',  ( -2.097265395542184940, 0.2852566719800450623, 1.774999999999999689 ) ) ;
#5926 = EDGE_CURVE ( 'NONE', #3130, #5733, #6159, .T. ) ;
#5927 = EDGE_CURVE ( 'NONE', #5434, #6165, #2777, .T. ) ;
#5928 = VERTEX_POINT ( 'NONE', #3396 ) ;
#5929 = AXIS2_PLACEMENT_3D ( 'NONE', #1178, #1250, #3388 ) ;
#5930 = VERTEX_POINT ( 'NONE', #5607 ) ;
#5931 = CARTESIAN_POINT ( 'NONE',  ( -0.8254999999999999005, 0.2999999999999999889, -1.302500000000000213 ) ) ;
#5932 = CARTESIAN_POINT ( 'NONE',  ( 2.097265395542184940, 0.2852566719800452844, -0.1750000000000002387 ) ) ;
#5933 = FACE_OUTER_BOUND ( 'NONE', #5399, .T. ) ;
#5934 = DIRECTION ( 'NONE',  ( -1.000000000000000000, 0.000000000000000000, -0.000000000000000000 ) ) ;
#5935 = DIRECTION ( 'NONE',  ( 6.920439398843643121E-16, 0.000000000000000000, -1.000000000000000000 ) ) ;
#5936 = ADVANCED_FACE ( 'NONE', ( #6592 ), #2733, .F. ) ;
#5937 = VECTOR ( 'NONE', #2471, 1000.000000000000000 ) ;
#5938 = CARTESIAN_POINT ( 'NONE',  ( -1.920000000000000373, 0.2540000000000000036, -1.125000000000000222 ) ) ;
#5939 = VERTEX_POINT ( 'NONE', #1611 ) ;
#5940 = CARTESIAN_POINT ( 'NONE',  ( -2.440579527876272081, -9.062316430720066274E-18, -1.775000000000000133 ) ) ;
#5941 = DIRECTION ( 'NONE',  ( 1.000000000000000000, 0.000000000000000000, -2.306813132947881040E-16 ) ) ;
#5942 = FACE_OUTER_BOUND ( 'NONE', #2133, .T. ) ;
#5943 = LINE ( 'NONE', #3610, #5479 ) ;
#5944 = VECTOR ( 'NONE', #4187, 1000.000000000000114 ) ;
#5945 = DIRECTION ( 'NONE',  ( -0.000000000000000000, -0.000000000000000000, -1.000000000000000000 ) ) ;
#5946 = ORIENTED_EDGE ( 'NONE', *, *, #3265, .T. ) ;
#5947 = VECTOR ( 'NONE', #402, 1000.000000000000000 ) ;
#5948 = AXIS2_PLACEMENT_3D ( 'NONE', #2958, #3495, #6705 ) ;
#5949 = DIRECTION ( 'NONE',  ( -1.000000000000000000, 0.000000000000000000, 0.000000000000000000 ) ) ;
#5950 = ORIENTED_EDGE ( 'NONE', *, *, #3201, .F. ) ;
#5951 = DIRECTION ( 'NONE',  ( -0.000000000000000000, -0.000000000000000000, -1.000000000000000000 ) ) ;
#5952 = VECTOR ( 'NONE', #3679, 1000.000000000000000 ) ;
#5953 = CARTESIAN_POINT ( 'NONE',  ( 2.097265395542184940, 0.2852566719800452844, -1.475000000000000089 ) ) ;
#5954 = EDGE_LOOP ( 'NONE', ( #899, #2424, #3370, #598, #5366, #6018, #3447, #2617, #475, #6633, #6502, #3012 ) ) ;
#5955 = EDGE_CURVE ( 'NONE', #5334, #6434, #2849, .T. ) ;
#5956 = UNCERTAINTY_MEASURE_WITH_UNIT (LENGTH_MEASURE( 1.000000000000000082E-05 ), #2435, 'distance_accuracy_value', 'NONE');
#5957 = AXIS2_PLACEMENT_3D ( 'NONE', #2246, #640, #5111 ) ;
#5958 = AXIS2_PLACEMENT_3D ( 'NONE', #4216, #1111, #564 ) ;
#5959 = VERTEX_POINT ( 'NONE', #6084 ) ;
#5960 = CARTESIAN_POINT ( 'NONE',  ( 2.192393151670311457, 0.01300689682525807585, 0.4749999999999997558 ) ) ;
#5961 = PLANE ( 'NONE',  #3404 ) ;
#5962 = VERTEX_POINT ( 'NONE', #2815 ) ;
#5963 = ADVANCED_FACE ( 'NONE', ( #6012 ), #5450, .T. ) ;
#5964 = DIRECTION ( 'NONE',  ( 0.1736481776669313581, 0.9848077530122079093, -0.000000000000000000 ) ) ;
#5965 = FACE_OUTER_BOUND ( 'NONE', #2116, .T. ) ;
#5966 = ORIENTED_EDGE ( 'NONE', *, *, #5790, .T. ) ;
#5967 = EDGE_CURVE ( 'NONE', #4000, #3832, #6050, .T. ) ;
#5968 = ORIENTED_EDGE ( 'NONE', *, *, #2322, .F. ) ;
#5969 = DIRECTION ( 'NONE',  ( -1.000000000000000000, 3.925976682163069868E-16, 0.000000000000000000 ) ) ;
#5970 = SURFACE_SIDE_STYLE ('',( #1530 ) ) ;
#5971 = CARTESIAN_POINT ( 'NONE',  ( -1.776161133969892392, 0.4240805465065236035, 1.774999999999999689 ) ) ;
#5972 = PLANE ( 'NONE',  #2421 ) ;
#5973 = PLANE ( 'NONE',  #6509 ) ;
#5974 = EDGE_CURVE ( 'NONE', #1105, #202, #4936, .T. ) ;
#5975 = DIRECTION ( 'NONE',  ( 1.000000000000000000, 0.000000000000000000, 0.000000000000000000 ) ) ;
#5976 = CARTESIAN_POINT ( 'NONE',  ( -2.097265395542184940, 0.2852566719800450623, 1.124999999999999778 ) ) ;
#5977 = EDGE_CURVE ( 'NONE', #5108, #4495, #2181, .T. ) ;
#5978 = ORIENTED_EDGE ( 'NONE', *, *, #3868, .F. ) ;
#5979 = ORIENTED_EDGE ( 'NONE', *, *, #6360, .F. ) ;
#5980 = CARTESIAN_POINT ( 'NONE',  ( 1.500000000000001110, 0.5362000000000048949, -0.1750000000000002387 ) ) ;
#5981 = DIRECTION ( 'NONE',  ( 1.000000000000000000, 0.000000000000000000, 0.000000000000000000 ) ) ;
#5982 = DIRECTION ( 'NONE',  ( -1.000000000000000000, 0.000000000000000000, -2.306813132947882026E-16 ) ) ;
#5983 = ORIENTED_EDGE ( 'NONE', *, *, #6500, .T. ) ;
#5984 = CARTESIAN_POINT ( 'NONE',  ( 2.440579527876272081, -9.062316430720066274E-18, 0.1749999999999998224 ) ) ;
#5985 = CARTESIAN_POINT ( 'NONE',  ( -2.450000000000000178, 0.1797533162558100084, -1.475000000000000089 ) ) ;
#5986 = VERTEX_POINT ( 'NONE', #1644 ) ;
#5987 = DIRECTION ( 'NONE',  ( 1.000000000000000000, 0.000000000000000000, -0.000000000000000000 ) ) ;
#5988 = ORIENTED_EDGE ( 'NONE', *, *, #4400, .F. ) ;
#5989 = CARTESIAN_POINT ( 'NONE',  ( -1.776161133969892392, 0.4240805465065236035, 0.8249999999999997335 ) ) ;
#5990 = VERTEX_POINT ( 'NONE', #1113 ) ;
#5991 = DIRECTION ( 'NONE',  ( 0.1736481776669313581, 0.9848077530122079093, -0.000000000000000000 ) ) ;
#5992 = DIRECTION ( 'NONE',  ( -1.000000000000000000, 0.000000000000000000, 0.000000000000000000 ) ) ;
#5993 = DIRECTION ( 'NONE',  ( 0.000000000000000000, 0.000000000000000000, 1.000000000000000000 ) ) ;
#5994 = AXIS2_PLACEMENT_3D ( 'NONE', #6622, #5559, #1175 ) ;
#5995 = ORIENTED_EDGE ( 'NONE', *, *, #3606, .T. ) ;
#5996 = VECTOR ( 'NONE', #2800, 1000.000000000000000 ) ;
#5997 = ORIENTED_EDGE ( 'NONE', *, *, #1665, .T. ) ;
#5998 = LINE ( 'NONE', #6574, #1277 ) ;
#5999 = EDGE_LOOP ( 'NONE', ( #2944, #1483, #588, #5216 ) ) ;
#6000 = EDGE_CURVE ( 'NONE', #3765, #7179, #3312, .T. ) ;
#6001 = ORIENTED_EDGE ( 'NONE', *, *, #861, .F. ) ;
#6002 = LINE ( 'NONE', #3235, #6697 ) ;
#6003 = DIRECTION ( 'NONE',  ( -0.000000000000000000, 1.000000000000000000, -0.000000000000000000 ) ) ;
#6004 = CARTESIAN_POINT ( 'NONE',  ( 2.450000000000000178, 0.1797533162558100084, -0.4750000000000001443 ) ) ;
#6005 = CYLINDRICAL_SURFACE ( 'NONE', #6750, 0.1121194534934809861 ) ;
#6006 = EDGE_CURVE ( 'NONE', #3513, #3392, #1148, .T. ) ;
#6007 = ORIENTED_EDGE ( 'NONE', *, *, #6933, .F. ) ;
#6008 = EDGE_CURVE ( 'NONE', #6210, #1801, #2328, .T. ) ;
#6009 = COLOUR_RGB ( '',0.2509803921568627416, 0.2509803921568627416, 0.2509803921568627416 ) ;
#6010 = ORIENTED_EDGE ( 'NONE', *, *, #5708, .T. ) ;
#6011 = CIRCLE ( 'NONE', #569, 0.2921194534934677955 ) ;
#6012 = FACE_OUTER_BOUND ( 'NONE', #7041, .T. ) ;
#6013 = SURFACE_SIDE_STYLE ('',( #1466 ) ) ;
#6014 = DIRECTION ( 'NONE',  ( 0.05233595624293731902, -0.9986295347545742773, 0.000000000000000000 ) ) ;
#6015 = VERTEX_POINT ( 'NONE', #2887 ) ;
#6016 = CARTESIAN_POINT ( 'NONE',  ( 1.776161133969892392, 0.4240805465065236035, -1.775000000000000133 ) ) ;
#6017 = FACE_OUTER_BOUND ( 'NONE', #758, .T. ) ;
#6018 = ORIENTED_EDGE ( 'NONE', *, *, #807, .F. ) ;
#6019 = AXIS2_PLACEMENT_3D ( 'NONE', #6036, #5403, #442 ) ;
#6020 = EDGE_CURVE ( 'NONE', #1482, #1658, #7147, .T. ) ;
#6021 = CARTESIAN_POINT ( 'NONE',  ( -1.500000000000001110, 0.7161999999999915101, 0.4749999999999997558 ) ) ;
#6022 = AXIS2_PLACEMENT_3D ( 'NONE', #4367, #5993, #5918 ) ;
#6023 = AXIS2_PLACEMENT_3D ( 'NONE', #2700, #1717, #6597 ) ;
#6024 = DIRECTION ( 'NONE',  ( 0.000000000000000000, -1.000000000000000000, 0.000000000000000000 ) ) ;
#6025 = ORIENTED_EDGE ( 'NONE', *, *, #807, .T. ) ;
#6026 = AXIS2_PLACEMENT_3D ( 'NONE', #3530, #5754, #784 ) ;
#6027 = CARTESIAN_POINT ( 'NONE',  ( -0.8254999999999999005, 0.1523999999999999799, 1.302499999999999769 ) ) ;
#6028 = ORIENTED_EDGE ( 'NONE', *, *, #6225, .T. ) ;
#6029 = ORIENTED_EDGE ( 'NONE', *, *, #2713, .T. ) ;
#6030 = LINE ( 'NONE', #512, #4273 ) ;
#6031 = CIRCLE ( 'NONE', #4496, 0.1121194534934809861 ) ;
#6032 = DIRECTION ( 'NONE',  ( 0.000000000000000000, 0.000000000000000000, 1.000000000000000000 ) ) ;
#6033 = VECTOR ( 'NONE', #4102, 1000.000000000000000 ) ;
#6034 = EDGE_LOOP ( 'NONE', ( #5416, #4017, #4547, #3242 ) ) ;
#6035 = ORIENTED_EDGE ( 'NONE', *, *, #2056, .T. ) ;
#6036 = CARTESIAN_POINT ( 'NONE',  ( -0.7055000000000003491, 0.2999999999999999889, -1.627456665294731038E-16 ) ) ;
#6037 = CARTESIAN_POINT ( 'NONE',  ( -1.776161133969892392, 0.4240805465065236035, -1.475000000000000089 ) ) ;
#6038 =( NAMED_UNIT ( * ) PLANE_ANGLE_UNIT ( ) SI_UNIT ( $, .RADIAN. ) );
#6039 = ORIENTED_EDGE ( 'NONE', *, *, #1920, .T. ) ;
#6040 = ORIENTED_EDGE ( 'NONE', *, *, #6724, .F. ) ;
#6041 = PLANE ( 'NONE',  #6224 ) ;
#6042 = DIRECTION ( 'NONE',  ( -0.000000000000000000, -0.000000000000000000, -1.000000000000000000 ) ) ;
#6043 = DIRECTION ( 'NONE',  ( 1.000000000000000000, 0.000000000000000000, 0.000000000000000000 ) ) ;
#6044 = LINE ( 'NONE', #6626, #6864 ) ;
#6045 = DIRECTION ( 'NONE',  ( -0.000000000000000000, -0.000000000000000000, -1.000000000000000000 ) ) ;
#6046 = EDGE_CURVE ( 'NONE', #4534, #1475, #6781, .T. ) ;
#6047 = AXIS2_PLACEMENT_3D ( 'NONE', #5825, #1460, #4240 ) ;
#6048 = VECTOR ( 'NONE', #2862, 1000.000000000000000 ) ;
#6049 = ORIENTED_EDGE ( 'NONE', *, *, #2823, .T. ) ;
#6050 = LINE ( 'NONE', #3282, #671 ) ;
#6051 = CARTESIAN_POINT ( 'NONE',  ( 2.450000000000000178, 0.1797533162558100084, 0.4749999999999997558 ) ) ;
#6052 = EDGE_CURVE ( 'NONE', #1628, #1934, #4603, .T. ) ;
#6053 = CARTESIAN_POINT ( 'NONE',  ( -1.459660994505034504, 0.1523999999999999799, 1.979160994505027249 ) ) ;
#6054 = DIRECTION ( 'NONE',  ( 0.1736481776669312749, 0.9848077530122079093, 0.000000000000000000 ) ) ;
#6055 = VECTOR ( 'NONE', #166, 1000.000000000000114 ) ;
#6056 = EDGE_LOOP ( 'NONE', ( #392, #4851, #1688, #4145 ) ) ;
#6057 = CARTESIAN_POINT ( 'NONE',  ( -1.438270008555864177, -0.05112163635556774000, -1.957770008555870689 ) ) ;
#6058 = ORIENTED_EDGE ( 'NONE', *, *, #6295, .T. ) ;
#6059 = DIRECTION ( 'NONE',  ( -0.000000000000000000, -0.000000000000000000, -1.000000000000000000 ) ) ;
#6060 = ADVANCED_FACE ( 'NONE', ( #6809 ), #6307, .F. ) ;
#6061 = LINE ( 'NONE', #5649, #4862 ) ;
#6062 = AXIS2_PLACEMENT_3D ( 'NONE', #4695, #3616, #2043 ) ;
#6063 = VERTEX_POINT ( 'NONE', #6228 ) ;
#6064 = ORIENTED_EDGE ( 'NONE', *, *, #2260, .T. ) ;
#6065 = ADVANCED_FACE ( 'NONE', ( #6341 ), #5722, .F. ) ;
#6066 =( GEOMETRIC_REPRESENTATION_CONTEXT ( 3 ) GLOBAL_UNCERTAINTY_ASSIGNED_CONTEXT ( ( #3191 ) ) GLOBAL_UNIT_ASSIGNED_CONTEXT ( ( #3774, #2650, #6623 ) ) REPRESENTATION_CONTEXT ( 'NONE', 'WORKASPACE' ) );
#6067 = EDGE_CURVE ( 'NONE', #3953, #5311, #4024, .T. ) ;
#6068 = ORIENTED_EDGE ( 'NONE', *, *, #4556, .T. ) ;
#6069 = EDGE_CURVE ( 'NONE', #4891, #5229, #3494, .T. ) ;
#6070 = ORIENTED_EDGE ( 'NONE', *, *, #6980, .T. ) ;
#6071 = DIRECTION ( 'NONE',  ( -0.05233595624293691656, 0.9986295347545742773, 0.000000000000000000 ) ) ;
#6072 = EDGE_CURVE ( 'NONE', #976, #1556, #541, .T. ) ;
#6073 = VECTOR ( 'NONE', #1800, 1000.000000000000000 ) ;
#6074 = ORIENTED_EDGE ( 'NONE', *, *, #6489, .F. ) ;
#6075 = VERTEX_POINT ( 'NONE', #6268 ) ;
#6076 = DIRECTION ( 'NONE',  ( -0.1736481776669313581, 0.9848077530122079093, 0.000000000000000000 ) ) ;
#6077 = SURFACE_STYLE_USAGE ( .BOTH. , #5970 ) ;
#6078 = CIRCLE ( 'NONE', #6427, 0.1121194534934809861 ) ;
#6079 = LINE ( 'NONE', #5522, #4988 ) ;
#6080 = DIRECTION ( 'NONE',  ( 0.1736481776669313581, -0.9848077530122079093, 0.000000000000000000 ) ) ;
#6081 = CARTESIAN_POINT ( 'NONE',  ( 2.450000000000000178, 0.1797533162558100084, 0.8249999999999997335 ) ) ;
#6082 = LINE ( 'NONE', #6552, #1493 ) ;
#6083 = VERTEX_POINT ( 'NONE', #3964 ) ;
#6084 = CARTESIAN_POINT ( 'NONE',  ( 2.063842636575948575, 0.4748065572667239942, -1.125000000000000222 ) ) ;
#6085 = CARTESIAN_POINT ( 'NONE',  ( -1.500000000000001110, 0.5362000000000048949, 0.4749999999999997558 ) ) ;
#6086 = CARTESIAN_POINT ( 'NONE',  ( 2.207681502606056778, 0.3047260107602003942, -0.1750000000000002387 ) ) ;
#6087 = CARTESIAN_POINT ( 'NONE',  ( 0.9454999999999992299, 0.1523999999999999799, 1.302500000000000657 ) ) ;
#6088 = ORIENTED_EDGE ( 'NONE', *, *, #1133, .T. ) ;
#6089 = CARTESIAN_POINT ( 'NONE',  ( 1.776161133969892392, 0.4240805465065236035, -0.1750000000000002387 ) ) ;
#6090 = CARTESIAN_POINT ( 'NONE',  ( 1.776161133969892392, 0.5362000000000048949, -0.1750000000000002387 ) ) ;
#6091 = ADVANCED_FACE ( 'NONE', ( #4491 ), #821, .F. ) ;
#6092 = VERTEX_POINT ( 'NONE', #5154 ) ;
#6093 = FACE_OUTER_BOUND ( 'NONE', #1738, .T. ) ;
#6094 = ORIENTED_EDGE ( 'NONE', *, *, #2352, .F. ) ;
#6095 = ORIENTED_EDGE ( 'NONE', *, *, #6678, .T. ) ;
#6096 = FACE_OUTER_BOUND ( 'NONE', #1014, .T. ) ;
#6097 = EDGE_CURVE ( 'NONE', #6092, #5123, #1750, .T. ) ;
#6098 = ADVANCED_FACE ( 'NONE', ( #131 ), #6843, .F. ) ;
#6099 = DIRECTION ( 'NONE',  ( 1.000000000000000000, -0.000000000000000000, 0.000000000000000000 ) ) ;
#6100 = ORIENTED_EDGE ( 'NONE', *, *, #5920, .F. ) ;
#6101 = CARTESIAN_POINT ( 'NONE',  ( 2.063842636575948575, 0.4748065572667239942, 1.474999999999999645 ) ) ;
#6102 = ADVANCED_FACE ( 'NONE', ( #7046 ), #2066, .F. ) ;
#6103 = AXIS2_PLACEMENT_3D ( 'NONE', #5845, #4664, #639 ) ;
#6104 = ORIENTED_EDGE ( 'NONE', *, *, #6500, .F. ) ;
#6105 = LINE ( 'NONE', #4450, #5519 ) ;
#6106 = DIRECTION ( 'NONE',  ( 0.000000000000000000, 1.000000000000000000, 0.000000000000000000 ) ) ;
#6107 = APPLICATION_PROTOCOL_DEFINITION ( 'draft international standard', 'automotive_design', 1998, #2006 ) ;
#6108 = DIRECTION ( 'NONE',  ( 0.000000000000000000, 0.000000000000000000, 1.000000000000000000 ) ) ;
#6109 = CARTESIAN_POINT ( 'NONE',  ( 2.440579527876272081, -9.062316430720066274E-18, -0.8250000000000001776 ) ) ;
#6110 = DIRECTION ( 'NONE',  ( 1.000000000000000000, -3.925976682163069868E-16, 0.000000000000000000 ) ) ;
#6111 = CARTESIAN_POINT ( 'NONE',  ( 2.201813623794039998, 0.1927602130810683878, 1.774999999999999689 ) ) ;
#6112 = ORIENTED_EDGE ( 'NONE', *, *, #2538, .F. ) ;
#6113 = DIRECTION ( 'NONE',  ( -0.000000000000000000, -0.000000000000000000, -1.000000000000000000 ) ) ;
#6114 = CARTESIAN_POINT ( 'NONE',  ( -2.192393151670311457, 0.01300689682525818514, -0.8250000000000001776 ) ) ;
#6115 = CARTESIAN_POINT ( 'NONE',  ( 2.192393151670311457, 0.01300689682525807585, 1.124999999999999778 ) ) ;
#6116 = CARTESIAN_POINT ( 'NONE',  ( -2.192393151670311457, 0.01300689682525807585, -0.8250000000000001776 ) ) ;
#6117 = ORIENTED_EDGE ( 'NONE', *, *, #3780, .F. ) ;
#6118 = LINE ( 'NONE', #1153, #1490 ) ;
#6119 = ORIENTED_EDGE ( 'NONE', *, *, #348, .F. ) ;
#6120 = COLOUR_RGB ( '',0.7921568627450980005, 0.8196078431372548767, 0.9333333333333333481 ) ;
#6121 = DIRECTION ( 'NONE',  ( -0.000000000000000000, -0.000000000000000000, -1.000000000000000000 ) ) ;
#6122 = EDGE_LOOP ( 'NONE', ( #2057, #414, #7101, #2143 ) ) ;
#6123 = CARTESIAN_POINT ( 'NONE',  ( -1.920000000000000373, 0.2540000000000000036, 0.4749999999999997558 ) ) ;
#6124 = VECTOR ( 'NONE', #6797, 1000.000000000000000 ) ;
#6125 = EDGE_LOOP ( 'NONE', ( #878, #5028, #4290, #6559 ) ) ;
#6126 = DIRECTION ( 'NONE',  ( -0.000000000000000000, -0.000000000000000000, -1.000000000000000000 ) ) ;
#6127 = DIRECTION ( 'NONE',  ( 1.000000000000000000, 0.000000000000000000, 0.000000000000000000 ) ) ;
#6128 = EDGE_LOOP ( 'NONE', ( #12, #6007, #142, #1409 ) ) ;
#6129 = DIRECTION ( 'NONE',  ( -0.000000000000000000, -0.000000000000000000, -1.000000000000000000 ) ) ;
#6130 = CARTESIAN_POINT ( 'NONE',  ( -1.500000000000001110, 0.7161999999999915101, 0.4749999999999997558 ) ) ;
#6131 = EDGE_CURVE ( 'NONE', #4430, #6789, #5823, .T. ) ;
#6132 = AXIS2_PLACEMENT_3D ( 'NONE', #5035, #249, #1126 ) ;
#6133 = VECTOR ( 'NONE', #3663, 1000.000000000000114 ) ;
#6134 = VERTEX_POINT ( 'NONE', #929 ) ;
#6135 = EDGE_CURVE ( 'NONE', #3227, #5109, #4795, .T. ) ;
#6136 = FACE_OUTER_BOUND ( 'NONE', #3520, .T. ) ;
#6137 = FACE_OUTER_BOUND ( 'NONE', #1882, .T. ) ;
#6138 = VERTEX_POINT ( 'NONE', #5298 ) ;
#6139 = DIRECTION ( 'NONE',  ( 0.000000000000000000, 0.000000000000000000, 1.000000000000000000 ) ) ;
#6140 = FACE_OUTER_BOUND ( 'NONE', #1196, .T. ) ;
#6141 = CLOSED_SHELL ( 'NONE', ( #6091, #1006, #4806, #4665, #5689, #2316, #3862, #4481, #1515, #5202, #5709, #1388, #6814, #3178, #1774, #5753, #6367, #3070, #1728, #2731, #3118, #4094 ) ) ;
#6142 = VECTOR ( 'NONE', #4605, 1000.000000000000000 ) ;
#6143 = VERTEX_POINT ( 'NONE', #3167 ) ;
#6144 = EDGE_LOOP ( 'NONE', ( #3768, #5696, #5259, #1449 ) ) ;
#6145 = AXIS2_PLACEMENT_3D ( 'NONE', #6147, #1176, #3385 ) ;
#6146 = LINE ( 'NONE', #2723, #4693 ) ;
#6147 = CARTESIAN_POINT ( 'NONE',  ( -1.776161133969892392, 0.4240805465065236035, -1.475000000000000089 ) ) ;
#6148 = EDGE_CURVE ( 'NONE', #2820, #5441, #4571, .T. ) ;
#6149 = DIRECTION ( 'NONE',  ( -0.1736481776669313581, -0.9848077530122079093, 0.000000000000000000 ) ) ;
#6150 = LINE ( 'NONE', #7159, #6516 ) ;
#6151 = FACE_OUTER_BOUND ( 'NONE', #593, .T. ) ;
#6152 = DIRECTION ( 'NONE',  ( 1.000000000000000000, 0.000000000000000000, -0.000000000000000000 ) ) ;
#6153 = CARTESIAN_POINT ( 'NONE',  ( -1.776161133969892392, 0.7161999999999913991, 1.474999999999999645 ) ) ;
#6154 = ADVANCED_FACE ( 'NONE', ( #2585 ), #7015, .F. ) ;
#6155 = AXIS2_PLACEMENT_3D ( 'NONE', #3041, #2489, #4217 ) ;
#6156 = AXIS2_PLACEMENT_3D ( 'NONE', #1151, #4867, #2112 ) ;
#6157 = ORIENTED_EDGE ( 'NONE', *, *, #3165, .T. ) ;
#6158 = ORIENTED_EDGE ( 'NONE', *, *, #4626, .T. ) ;
#6159 = LINE ( 'NONE', #7132, #3095 ) ;
#6160 = CARTESIAN_POINT ( 'NONE',  ( -0.9454999999999995630, 0.2999999999999999889, -6.543275451606661891E-16 ) ) ;
#6161 = EDGE_CURVE ( 'NONE', #5606, #990, #5892, .T. ) ;
#6162 = VECTOR ( 'NONE', #2078, 1000.000000000000000 ) ;
#6163 = LINE ( 'NONE', #3400, #4612 ) ;
#6164 = DIRECTION ( 'NONE',  ( 1.000000000000000000, 3.925976682163069868E-16, 0.000000000000000000 ) ) ;
#6165 = VERTEX_POINT ( 'NONE', #6472 ) ;
#6166 = AXIS2_PLACEMENT_3D ( 'NONE', #1160, #2336, #2829 ) ;
#6167 = CIRCLE ( 'NONE', #718, 0.2921194534934675735 ) ;
#6168 = DIRECTION ( 'NONE',  ( -1.000000000000000000, 0.000000000000000000, 0.000000000000000000 ) ) ;
#6169 = ORIENTED_EDGE ( 'NONE', *, *, #4915, .F. ) ;
#6170 = LINE ( 'NONE', #2900, #4276 ) ;
#6171 = VERTEX_POINT ( 'NONE', #416 ) ;
#6172 = FACE_BOUND ( 'NONE', #7087, .T. ) ;
#6173 = ORIENTED_EDGE ( 'NONE', *, *, #1731, .F. ) ;
#6174 = DIRECTION ( 'NONE',  ( -0.9986295347545742773, 0.05233595624293797821, 0.000000000000000000 ) ) ;
#6175 = ORIENTED_EDGE ( 'NONE', *, *, #2730, .F. ) ;
#6176 = EDGE_CURVE ( 'NONE', #5884, #2091, #3600, .T. ) ;
#6177 = CARTESIAN_POINT ( 'NONE',  ( -1.776161133969892392, 0.7161999999999915101, 0.1749999999999998224 ) ) ;
#6178 = PLANE ( 'NONE',  #5774 ) ;
#6179 = AXIS2_PLACEMENT_3D ( 'NONE', #6786, #2859, #6714 ) ;
#6180 = VECTOR ( 'NONE', #1568, 1000.000000000000000 ) ;
#6181 = EDGE_LOOP ( 'NONE', ( #6680, #4513, #2338, #4531 ) ) ;
#6182 = AXIS2_PLACEMENT_3D ( 'NONE', #1458, #355, #856 ) ;
#6183 = CARTESIAN_POINT ( 'NONE',  ( -1.776161133969892392, 0.4240805465065236035, 0.1749999999999998224 ) ) ;
#6184 = PRESENTATION_STYLE_ASSIGNMENT (( #3879 ) ) ;
#6185 = ADVANCED_FACE ( 'NONE', ( #3666 ), #5265, .F. ) ;
#6186 = CARTESIAN_POINT ( 'NONE',  ( -0.9454999999999998961, 0.1523999999999999799, -1.772500000000000409 ) ) ;
#6187 = VECTOR ( 'NONE', #6728, 1000.000000000000000 ) ;
#6188 = CARTESIAN_POINT ( 'NONE',  ( -1.920000000000000373, 0.2540000000000000036, 0.8249999999999997335 ) ) ;
#6189 = CARTESIAN_POINT ( 'NONE',  ( -2.440579527876272081, -9.062316430720066274E-18, -0.1750000000000002387 ) ) ;
#6190 = CARTESIAN_POINT ( 'NONE',  ( 0.7055000000000001270, 0.1523999999999999799, -1.422500000000000320 ) ) ;
#6191 = VECTOR ( 'NONE', #5230, 1000.000000000000000 ) ;
#6192 = VECTOR ( 'NONE', #264, 1000.000000000000114 ) ;
#6193 = ORIENTED_EDGE ( 'NONE', *, *, #4261, .T. ) ;
#6194 = CARTESIAN_POINT ( 'NONE',  ( 2.450000000000000178, 0.1797533162558100084, 1.124999999999999778 ) ) ;
#6195 = FACE_OUTER_BOUND ( 'NONE', #1791, .T. ) ;
#6196 = FACE_OUTER_BOUND ( 'NONE', #4965, .T. ) ;
#6197 = LINE ( 'NONE', #4458, #4270 ) ;
#6198 = DIRECTION ( 'NONE',  ( -0.1039620511844944889, -0.9891328443778546475, 0.1039620511844939338 ) ) ;
#6199 = CARTESIAN_POINT ( 'NONE',  ( -2.097265395542184940, 0.2852566719800452288, 0.4749999999999997558 ) ) ;
#6200 = ORIENTED_EDGE ( 'NONE', *, *, #5622, .F. ) ;
#6201 = EDGE_CURVE ( 'NONE', #2200, #5705, #2029, .T. ) ;
#6202 = CYLINDRICAL_SURFACE ( 'NONE', #730, 0.1121194534934814163 ) ;
#6203 = VERTEX_POINT ( 'NONE', #4237 ) ;
#6204 = FILL_AREA_STYLE ('',( #6279 ) ) ;
#6205 = FILL_AREA_STYLE ('',( #1089 ) ) ;
#6206 = ORIENTED_EDGE ( 'NONE', *, *, #6807, .F. ) ;
#6207 = PLANE ( 'NONE',  #4041 ) ;
#6208 = ORIENTED_EDGE ( 'NONE', *, *, #6020, .F. ) ;
#6209 = DIRECTION ( 'NONE',  ( 0.000000000000000000, 0.000000000000000000, 1.000000000000000000 ) ) ;
#6210 = VERTEX_POINT ( 'NONE', #3744 ) ;
#6211 = DIRECTION ( 'NONE',  ( -1.000000000000000000, 0.000000000000000000, 0.000000000000000000 ) ) ;
#6212 = EDGE_LOOP ( 'NONE', ( #2465, #6832, #96, #4107 ) ) ;
#6213 = CARTESIAN_POINT ( 'NONE',  ( 1.776161133969892392, 0.4240805465065236035, 0.1749999999999998224 ) ) ;
#6214 = FACE_OUTER_BOUND ( 'NONE', #3321, .T. ) ;
#6215 = ORIENTED_EDGE ( 'NONE', *, *, #299, .T. ) ;
#6216 = ORIENTED_EDGE ( 'NONE', *, *, #4224, .F. ) ;
#6217 = DIRECTION ( 'NONE',  ( 1.000000000000000000, 0.000000000000000000, -0.000000000000000000 ) ) ;
#6218 = DIRECTION ( 'NONE',  ( 1.000000000000000000, 3.925976682163069868E-16, 0.000000000000000000 ) ) ;
#6219 = DIRECTION ( 'NONE',  ( 0.1736481776669313581, -0.9848077530122079093, 0.000000000000000000 ) ) ;
#6220 = DIRECTION ( 'NONE',  ( -0.9848077530122079093, 0.1736481776669313581, 0.000000000000000000 ) ) ;
#6221 = CARTESIAN_POINT ( 'NONE',  ( -2.450000000000000178, 0.1797533162558100084, 0.4749999999999997558 ) ) ;
#6222 = FACE_OUTER_BOUND ( 'NONE', #4734, .T. ) ;
#6223 = DIRECTION ( 'NONE',  ( 0.9986295347545742773, -0.05233595624293691656, 0.000000000000000000 ) ) ;
#6224 = AXIS2_PLACEMENT_3D ( 'NONE', #1108, #3773, #6076 ) ;
#6225 = EDGE_CURVE ( 'NONE', #32, #4590, #2546, .T. ) ;
#6226 = EDGE_LOOP ( 'NONE', ( #2593, #2241, #3705, #6916 ) ) ;
#6227 = EDGE_LOOP ( 'NONE', ( #312, #2466, #6088, #5071 ) ) ;
#6228 = CARTESIAN_POINT ( 'NONE',  ( -2.063842636575949019, 0.4748065572667242162, -0.8250000000000001776 ) ) ;
#6229 = PLANE ( 'NONE',  #6525 ) ;
#6230 = AXIS2_PLACEMENT_3D ( 'NONE', #3446, #5662, #6252 ) ;
#6231 = DIRECTION ( 'NONE',  ( -2.306813132947882026E-16, 0.000000000000000000, 1.000000000000000000 ) ) ;
#6232 = CARTESIAN_POINT ( 'NONE',  ( -1.776161133969892392, 0.4240805465065236035, 0.1749999999999998224 ) ) ;
#6233 = VERTEX_POINT ( 'NONE', #1996 ) ;
#6234 = ADVANCED_FACE ( 'NONE', ( #1495 ), #1426, .F. ) ;
#6235 = VERTEX_POINT ( 'NONE', #2476 ) ;
#6236 = CARTESIAN_POINT ( 'NONE',  ( 1.776161133969892392, 0.4240805465065236035, 1.124999999999999778 ) ) ;
#6237 = ORIENTED_EDGE ( 'NONE', *, *, #4598, .T. ) ;
#6238 = DIRECTION ( 'NONE',  ( -0.000000000000000000, -0.000000000000000000, -1.000000000000000000 ) ) ;
#6239 = EDGE_CURVE ( 'NONE', #2126, #4918, #2147, .T. ) ;
#6240 = ORIENTED_EDGE ( 'NONE', *, *, #6245, .T. ) ;
#6241 = ADVANCED_FACE ( 'NONE', ( #6946 ), #3707, .T. ) ;
#6242 = CARTESIAN_POINT ( 'NONE',  ( 1.776161133969892392, 0.7161999999999913991, 1.124999999999999778 ) ) ;
#6243 = FACE_OUTER_BOUND ( 'NONE', #2410, .T. ) ;
#6244 = VERTEX_POINT ( 'NONE', #5931 ) ;
#6245 = EDGE_CURVE ( 'NONE', #194, #7013, #4205, .T. ) ;
#6246 = CARTESIAN_POINT ( 'NONE',  ( -1.776161133969892392, 0.7161999999999915101, 1.774999999999999689 ) ) ;
#6247 = ORIENTED_EDGE ( 'NONE', *, *, #6678, .F. ) ;
#6248 = VECTOR ( 'NONE', #1404, 1000.000000000000000 ) ;
#6249 = CYLINDRICAL_SURFACE ( 'NONE', #2342, 0.2921194534934677955 ) ;
#6250 = VERTEX_POINT ( 'NONE', #3846 ) ;
#6251 = DIRECTION ( 'NONE',  ( 0.000000000000000000, 1.000000000000000000, 0.000000000000000000 ) ) ;
#6252 = DIRECTION ( 'NONE',  ( -1.000000000000000000, 0.000000000000000000, 0.000000000000000000 ) ) ;
#6253 = AXIS2_PLACEMENT_3D ( 'NONE', #2390, #3991, #5672 ) ;
#6254 = CIRCLE ( 'NONE', #7056, 0.2921194534934675735 ) ;
#6255 = LINE ( 'NONE', #1281, #4536 ) ;
#6256 = AXIS2_PLACEMENT_3D ( 'NONE', #4704, #6932, #770 ) ;
#6257 = VECTOR ( 'NONE', #6968, 1000.000000000000000 ) ;
#6258 = CARTESIAN_POINT ( 'NONE',  ( -1.886577241033764230, 0.4435498852866789354, 1.124999999999999778 ) ) ;
#6259 = CARTESIAN_POINT ( 'NONE',  ( 1.499999999999998890, 1.100000000000000089, 1.979160994505027249 ) ) ;
#6260 = CARTESIAN_POINT ( 'NONE',  ( 1.500000000000001110, 0.5362000000000048949, -0.1750000000000002387 ) ) ;
#6261 = DIRECTION ( 'NONE',  ( -1.000000000000000000, 0.000000000000000000, 0.000000000000000000 ) ) ;
#6262 = AXIS2_PLACEMENT_3D ( 'NONE', #133, #1782, #1814 ) ;
#6263 = CARTESIAN_POINT ( 'NONE',  ( -0.7055000000000003491, 0.1523999999999999799, -1.627456665294731038E-16 ) ) ;
#6264 = FILL_AREA_STYLE ('',( #1778 ) ) ;
#6265 = ORIENTED_EDGE ( 'NONE', *, *, #6406, .F. ) ;
#6266 = AXIS2_PLACEMENT_3D ( 'NONE', #3623, #4053, #5852 ) ;
#6267 = ORIENTED_EDGE ( 'NONE', *, *, #7037, .T. ) ;
#6268 = CARTESIAN_POINT ( 'NONE',  ( 2.097265395542184940, 0.2852566719800452844, 0.1749999999999998224 ) ) ;
#6269 = DIRECTION ( 'NONE',  ( 0.000000000000000000, 1.000000000000000000, 0.000000000000000000 ) ) ;
#6270 = FACE_OUTER_BOUND ( 'NONE', #6573, .T. ) ;
#6271 = CARTESIAN_POINT ( 'NONE',  ( -2.207681502606056778, 0.3047260107602003942, 1.124999999999999778 ) ) ;
#6272 = EDGE_CURVE ( 'NONE', #1475, #5247, #1036, .T. ) ;
#6273 = DIRECTION ( 'NONE',  ( 1.000000000000000000, 0.000000000000000000, 0.000000000000000000 ) ) ;
#6274 = VECTOR ( 'NONE', #573, 1000.000000000000000 ) ;
#6275 = ORIENTED_EDGE ( 'NONE', *, *, #5058, .F. ) ;
#6276 = ADVANCED_FACE ( 'NONE', ( #3878 ), #6041, .F. ) ;
#6277 = VECTOR ( 'NONE', #3250, 1000.000000000000000 ) ;
#6278 = CARTESIAN_POINT ( 'NONE',  ( -1.500000000000001110, 0.7161999999999915101, -0.1750000000000002387 ) ) ;
#6279 = FILL_AREA_STYLE_COLOUR ( '', #6009 ) ;
#6280 = LINE ( 'NONE', #3502, #3109 ) ;
#6281 = CARTESIAN_POINT ( 'NONE',  ( -2.207681502606056778, 0.3047260107602003942, -1.475000000000000089 ) ) ;
#6282 = ADVANCED_FACE ( 'NONE', ( #2763, #2649 ), #2688, .F. ) ;
#6283 = ORIENTED_EDGE ( 'NONE', *, *, #4346, .T. ) ;
#6284 = ORIENTED_EDGE ( 'NONE', *, *, #5773, .T. ) ;
#6285 = AXIS2_PLACEMENT_3D ( 'NONE', #3172, #317, #4762 ) ;
#6286 = CARTESIAN_POINT ( 'NONE',  ( -1.150000000000001021, 1.080000000000000071, -1.669500000000007311 ) ) ;
#6287 = ORIENTED_EDGE ( 'NONE', *, *, #5328, .T. ) ;
#6288 = FACE_OUTER_BOUND ( 'NONE', #6144, .T. ) ;
#6289 = CIRCLE ( 'NONE', #955, 0.1121194534934809861 ) ;
#6290 = EDGE_LOOP ( 'NONE', ( #772, #1539, #1940, #1915 ) ) ;
#6291 = ORIENTED_EDGE ( 'NONE', *, *, #1747, .T. ) ;
#6292 = DIRECTION ( 'NONE',  ( 0.000000000000000000, 1.000000000000000000, 0.000000000000000000 ) ) ;
#6293 = EDGE_CURVE ( 'NONE', #1159, #3604, #6915, .T. ) ;
#6294 = ORIENTED_EDGE ( 'NONE', *, *, #464, .F. ) ;
#6295 = EDGE_CURVE ( 'NONE', #5705, #2870, #6146, .T. ) ;
#6296 = VERTEX_POINT ( 'NONE', #48 ) ;
#6297 = PLANE ( 'NONE',  #2544 ) ;
#6298 = DIRECTION ( 'NONE',  ( -0.000000000000000000, -0.000000000000000000, -1.000000000000000000 ) ) ;
#6299 = VECTOR ( 'NONE', #417, 1000.000000000000000 ) ;
#6300 = CARTESIAN_POINT ( 'NONE',  ( -2.192393151670311457, 0.01300689682525807585, -1.475000000000000089 ) ) ;
#6301 = CARTESIAN_POINT ( 'NONE',  ( -2.450000000000000178, 0.1797533162558100084, -0.1750000000000002387 ) ) ;
#6302 = PLANE ( 'NONE',  #2535 ) ;
#6303 = AXIS2_PLACEMENT_3D ( 'NONE', #4929, #559, #2173 ) ;
#6304 = VERTEX_POINT ( 'NONE', #3305 ) ;
#6305 = VECTOR ( 'NONE', #3501, 1000.000000000000000 ) ;
#6306 = ORIENTED_EDGE ( 'NONE', *, *, #4479, .F. ) ;
#6307 = PLANE ( 'NONE',  #3659 ) ;
#6308 = CARTESIAN_POINT ( 'NONE',  ( 0.000000000000000000, 0.2999999999999999889, -1.772500000000000187 ) ) ;
#6309 = VECTOR ( 'NONE', #6692, 999.9999999999998863 ) ;
#6310 = DIRECTION ( 'NONE',  ( -0.9986295347545742773, -0.05233595624293731902, -0.000000000000000000 ) ) ;
#6311 = CARTESIAN_POINT ( 'NONE',  ( 2.063842636575948575, 0.4748065572667239942, -0.8250000000000001776 ) ) ;
#6312 = VECTOR ( 'NONE', #3168, 1000.000000000000000 ) ;
#6313 = VERTEX_POINT ( 'NONE', #1672 ) ;
#6314 = DIRECTION ( 'NONE',  ( -3.925976682163069868E-16, 1.000000000000000000, 0.000000000000000000 ) ) ;
#6315 = VECTOR ( 'NONE', #5133, 1000.000000000000114 ) ;
#6316 = ORIENTED_EDGE ( 'NONE', *, *, #3728, .T. ) ;
#6317 = CARTESIAN_POINT ( 'NONE',  ( -0.7055000000000000160, 0.2999999999999999889, -1.422500000000000320 ) ) ;
#6318 = LINE ( 'NONE', #5204, #5066 ) ;
#6319 = SURFACE_STYLE_USAGE ( .BOTH. , #2376 ) ;
#6320 = DIRECTION ( 'NONE',  ( 1.000000000000000000, -3.925976682163069868E-16, 0.000000000000000000 ) ) ;
#6321 = VECTOR ( 'NONE', #5624, 1000.000000000000000 ) ;
#6322 = VERTEX_POINT ( 'NONE', #3273 ) ;
#6323 = CYLINDRICAL_SURFACE ( 'NONE', #2659, 0.1121194534934814163 ) ;
#6324 = ORIENTED_EDGE ( 'NONE', *, *, #4742, .T. ) ;
#6325 = EDGE_CURVE ( 'NONE', #3738, #6210, #6345, .T. ) ;
#6326 = ADVANCED_FACE ( 'NONE', ( #6662 ), #4967, .T. ) ;
#6327 = ORIENTED_EDGE ( 'NONE', *, *, #2591, .T. ) ;
#6328 = CARTESIAN_POINT ( 'NONE',  ( 1.886577241033764230, 0.4435498852866788799, -1.125000000000000222 ) ) ;
#6329 = EDGE_CURVE ( 'NONE', #4204, #5386, #5483, .T. ) ;
#6330 = EDGE_CURVE ( 'NONE', #3738, #1370, #6105, .T. ) ;
#6331 = EDGE_LOOP ( 'NONE', ( #4366, #2557, #55, #4196 ) ) ;
#6332 = VERTEX_POINT ( 'NONE', #7124 ) ;
#6333 = LINE ( 'NONE', #2467, #4618 ) ;
#6334 = ADVANCED_FACE ( 'NONE', ( #4925 ), #2134, .F. ) ;
#6335 = FACE_OUTER_BOUND ( 'NONE', #4351, .T. ) ;
#6336 = CARTESIAN_POINT ( 'NONE',  ( -1.500000000000001110, 0.5362000000000048949, 1.474999999999999645 ) ) ;
#6337 = DIRECTION ( 'NONE',  ( 0.9986295347545742773, 0.05233595624293691656, -0.000000000000000000 ) ) ;
#6338 = ORIENTED_EDGE ( 'NONE', *, *, #5030, .T. ) ;
#6339 = EDGE_CURVE ( 'NONE', #3046, #4326, #4343, .T. ) ;
#6340 = ORIENTED_EDGE ( 'NONE', *, *, #4242, .F. ) ;
#6341 = FACE_OUTER_BOUND ( 'NONE', #3230, .T. ) ;
#6342 = LINE ( 'NONE', #4097, #2106 ) ;
#6343 = LINE ( 'NONE', #5681, #6610 ) ;
#6344 = LINE ( 'NONE', #3564, #2677 ) ;
#6345 = CIRCLE ( 'NONE', #1911, 0.2921194534934677955 ) ;
#6346 = EDGE_LOOP ( 'NONE', ( #5995, #3803, #3853, #481 ) ) ;
#6347 = CARTESIAN_POINT ( 'NONE',  ( 1.500000000000001110, 0.7161999999999915101, -0.8250000000000001776 ) ) ;
#6348 = PLANE ( 'NONE',  #2524 ) ;
#6349 = LINE ( 'NONE', #833, #826 ) ;
#6350 = VERTEX_POINT ( 'NONE', #4 ) ;
#6351 = CARTESIAN_POINT ( 'NONE',  ( 2.097265395542184940, 0.2852566719800452844, 0.4749999999999997558 ) ) ;
#6352 = FACE_OUTER_BOUND ( 'NONE', #6346, .T. ) ;
#6353 = LINE ( 'NONE', #5736, #1398 ) ;
#6354 = ORIENTED_EDGE ( 'NONE', *, *, #6329, .T. ) ;
#6355 = CARTESIAN_POINT ( 'NONE',  ( 1.776161133969892392, 0.4240805465065236035, -1.125000000000000222 ) ) ;
#6356 = VERTEX_POINT ( 'NONE', #3917 ) ;
#6357 = LINE ( 'NONE', #1443, #431 ) ;
#6358 = LINE ( 'NONE', #3543, #399 ) ;
#6359 = ORIENTED_EDGE ( 'NONE', *, *, #6541, .T. ) ;
#6360 = EDGE_CURVE ( 'NONE', #114, #7034, #4314, .T. ) ;
#6361 = LINE ( 'NONE', #4743, #5551 ) ;
#6363 = ORIENTED_EDGE ( 'NONE', *, *, #870, .F. ) ;
#6362 = AXIS2_PLACEMENT_3D ( 'NONE', #4004, #5730, #1823 ) ;
#6364 = EDGE_CURVE ( 'NONE', #3843, #532, #6002, .T. ) ;
#6365 = ORIENTED_EDGE ( 'NONE', *, *, #2848, .T. ) ;
#6366 = VERTEX_POINT ( 'NONE', #1596 ) ;
#6367 = ADVANCED_FACE ( 'NONE', ( #710 ), #123, .F. ) ;
#6368 = VECTOR ( 'NONE', #2684, 1000.000000000000000 ) ;
#6369 = DIRECTION ( 'NONE',  ( -0.1736481776669313026, -0.9848077530122080203, -0.000000000000000000 ) ) ;
#6370 =( NAMED_UNIT ( * ) PLANE_ANGLE_UNIT ( ) SI_UNIT ( $, .RADIAN. ) );
#6371 = ORIENTED_EDGE ( 'NONE', *, *, #864, .F. ) ;
#6372 = ADVANCED_FACE ( 'NONE', ( #4482 ), #3988, .F. ) ;
#6373 = DIRECTION ( 'NONE',  ( -0.9986295347545742773, 0.05233595624293797821, 0.000000000000000000 ) ) ;
#6374 = DIRECTION ( 'NONE',  ( -0.000000000000000000, -0.000000000000000000, -1.000000000000000000 ) ) ;
#6375 = PLANE ( 'NONE',  #2776 ) ;
#6376 = PLANE ( 'NONE',  #6047 ) ;
#6377 = EDGE_CURVE ( 'NONE', #3580, #1342, #6357, .T. ) ;
#6378 = CARTESIAN_POINT ( 'NONE',  ( -0.9454999999999997851, 0.2999999999999999889, -1.302500000000000213 ) ) ;
#6379 = VECTOR ( 'NONE', #5137, 1000.000000000000000 ) ;
#6380 = ADVANCED_FACE ( 'NONE', ( #3083 ), #6738, .F. ) ;
#6381 = ORIENTED_EDGE ( 'NONE', *, *, #5113, .T. ) ;
#6382 = CARTESIAN_POINT ( 'NONE',  ( -1.500000000000001110, 0.5362000000000048949, 1.474999999999999645 ) ) ;
#6383 = DIRECTION ( 'NONE',  ( -1.000000000000000000, 3.925976682163069868E-16, 0.000000000000000000 ) ) ;
#6384 = DIRECTION ( 'NONE',  ( 0.000000000000000000, 0.000000000000000000, 1.000000000000000000 ) ) ;
#6385 = VECTOR ( 'NONE', #5813, 1000.000000000000000 ) ;
#6386 = ORIENTED_EDGE ( 'NONE', *, *, #2910, .T. ) ;
#6387 = DIRECTION ( 'NONE',  ( -0.9986295347545742773, 0.05233595624293731902, 0.000000000000000000 ) ) ;
#6388 = LINE ( 'NONE', #2521, #6315 ) ;
#6389 = LINE ( 'NONE', #1341, #4154 ) ;
#6390 = ORIENTED_EDGE ( 'NONE', *, *, #4511, .F. ) ;
#6391 = AXIS2_PLACEMENT_3D ( 'NONE', #2014, #3106, #1977 ) ;
#6392 = FACE_OUTER_BOUND ( 'NONE', #1547, .T. ) ;
#6393 = CARTESIAN_POINT ( 'NONE',  ( 1.500000000000001110, 0.7161999999999915101, 0.8249999999999997335 ) ) ;
#6394 = LINE ( 'NONE', #268, #5678 ) ;
#6395 = ORIENTED_EDGE ( 'NONE', *, *, #928, .F. ) ;
#6396 = CARTESIAN_POINT ( 'NONE',  ( -2.192393151670311457, 0.01300689682525818514, -1.125000000000000222 ) ) ;
#6397 = CIRCLE ( 'NONE', #4508, 0.2921194534934675735 ) ;
#6398 = ORIENTED_EDGE ( 'NONE', *, *, #1140, .F. ) ;
#6399 = AXIS2_PLACEMENT_3D ( 'NONE', #2103, #7, #1003 ) ;
#6400 = DIRECTION ( 'NONE',  ( -1.000000000000000000, 0.000000000000000000, 0.000000000000000000 ) ) ;
#6401 = FACE_OUTER_BOUND ( 'NONE', #2956, .T. ) ;
#6402 = VERTEX_POINT ( 'NONE', #5666 ) ;
#6403 = LINE ( 'NONE', #7010, #3225 ) ;
#6404 = LINE ( 'NONE', #2472, #510 ) ;
#6405 = FILL_AREA_STYLE ('',( #279 ) ) ;
#6406 = EDGE_CURVE ( 'NONE', #6655, #695, #4230, .T. ) ;
#6407 = ADVANCED_FACE ( 'NONE', ( #84 ), #4518, .F. ) ;
#6408 = EDGE_LOOP ( 'NONE', ( #5096, #885, #4677, #3493 ) ) ;
#6409 = DIRECTION ( 'NONE',  ( 0.1736481776669313581, 0.9848077530122079093, -0.000000000000000000 ) ) ;
#6410 = DIRECTION ( 'NONE',  ( -0.9848077530122079093, 0.1736481776669313581, 0.000000000000000000 ) ) ;
#6411 = FACE_OUTER_BOUND ( 'NONE', #5219, .T. ) ;
#6412 = DIRECTION ( 'NONE',  ( -1.000000000000000000, 0.000000000000000000, 0.000000000000000000 ) ) ;
#6413 = CARTESIAN_POINT ( 'NONE',  ( 2.097265395542184940, 0.2852566719800452844, 1.474999999999999645 ) ) ;
#6414 = ADVANCED_FACE ( 'NONE', ( #673 ), #4738, .T. ) ;
#6415 = VECTOR ( 'NONE', #6121, 1000.000000000000000 ) ;
#6416 = AXIS2_PLACEMENT_3D ( 'NONE', #5060, #2411, #5097 ) ;
#6417 = PLANE ( 'NONE',  #5474 ) ;
#6418 = CARTESIAN_POINT ( 'NONE',  ( -0.7055000000000000160, 0.1523999999999999799, -1.772500000000000409 ) ) ;
#6419 = LINE ( 'NONE', #2518, #5090 ) ;
#6420 = ORIENTED_EDGE ( 'NONE', *, *, #391, .F. ) ;
#6421 = DIRECTION ( 'NONE',  ( 0.000000000000000000, 0.000000000000000000, 1.000000000000000000 ) ) ;
#6422 = PLANE ( 'NONE',  #6777 ) ;
#6423 = CARTESIAN_POINT ( 'NONE',  ( -1.776161133969892392, 0.4240805465065236035, -0.1750000000000002387 ) ) ;
#6424 = VERTEX_POINT ( 'NONE', #1981 ) ;
#6425 = CIRCLE ( 'NONE', #2226, 0.1121194534934814163 ) ;
#6426 = EDGE_CURVE ( 'NONE', #1894, #3986, #5594, .T. ) ;
#6427 = AXIS2_PLACEMENT_3D ( 'NONE', #1197, #2233, #6755 ) ;
#6428 = PLANE ( 'NONE',  #1419 ) ;
#6429 = VERTEX_POINT ( 'NONE', #2843 ) ;
#6430 = SURFACE_STYLE_USAGE ( .BOTH. , #2047 ) ;
#6431 = CARTESIAN_POINT ( 'NONE',  ( 0.7054999999999991278, 0.1523999999999999799, 1.772500000000000631 ) ) ;
#6432 = ORIENTED_EDGE ( 'NONE', *, *, #54, .F. ) ;
#6433 = LINE ( 'NONE', #918, #1730 ) ;
#6434 = VERTEX_POINT ( 'NONE', #2354 ) ;
#6435 = LINE ( 'NONE', #4091, #3799 ) ;
#6436 = LINE ( 'NONE', #310, #6883 ) ;
#6437 = VERTEX_POINT ( 'NONE', #1740 ) ;
#6438 = ORIENTED_EDGE ( 'NONE', *, *, #1517, .T. ) ;
#6439 = CARTESIAN_POINT ( 'NONE',  ( -2.097265395542184940, 0.2852566719800452288, -1.125000000000000222 ) ) ;
#6440 = CARTESIAN_POINT ( 'NONE',  ( -1.886577241033764230, 0.4435498852866788799, 1.774999999999999689 ) ) ;
#6441 = CARTESIAN_POINT ( 'NONE',  ( -2.450000000000000178, 0.1797533162558100084, -1.475000000000000089 ) ) ;
#6442 = LINE ( 'NONE', #6985, #3947 ) ;
#6443 = DIRECTION ( 'NONE',  ( 0.1736481776669313581, 0.9848077530122079093, -0.000000000000000000 ) ) ;
#6444 = CARTESIAN_POINT ( 'NONE',  ( 2.097265395542184940, 0.2852566719800452844, 1.124999999999999778 ) ) ;
#6445 = EDGE_CURVE ( 'NONE', #6499, #193, #3954, .T. ) ;
#6446 = DIRECTION ( 'NONE',  ( -0.000000000000000000, -0.000000000000000000, -1.000000000000000000 ) ) ;
#6447 = EDGE_CURVE ( 'NONE', #2584, #4584, #4002, .T. ) ;
#6448 = DIRECTION ( 'NONE',  ( -1.000000000000000000, 0.000000000000000000, 0.000000000000000000 ) ) ;
#6449 = CARTESIAN_POINT ( 'NONE',  ( 0.9454999999999991189, 0.1523999999999999799, 1.772500000000000631 ) ) ;
#6450 = VERTEX_POINT ( 'NONE', #842 ) ;
#6451 = ADVANCED_FACE ( 'NONE', ( #5256 ), #303, .F. ) ;
#6452 = AXIS2_PLACEMENT_3D ( 'NONE', #1925, #354, #4759 ) ;
#6453 = CARTESIAN_POINT ( 'NONE',  ( -1.920000000000000373, 0.2540000000000000036, 0.4749999999999997558 ) ) ;
#6454 = EDGE_CURVE ( 'NONE', #5821, #3057, #1941, .T. ) ;
#6455 = ORIENTED_EDGE ( 'NONE', *, *, #696, .F. ) ;
#6456 = EDGE_CURVE ( 'NONE', #1060, #976, #2565, .T. ) ;
#6457 = CARTESIAN_POINT ( 'NONE',  ( 2.440579527876272081, -9.062316430720066274E-18, -1.125000000000000222 ) ) ;
#6458 = VECTOR ( 'NONE', #3985, 1000.000000000000000 ) ;
#6459 = DIRECTION ( 'NONE',  ( 0.000000000000000000, 0.000000000000000000, 1.000000000000000000 ) ) ;
#6460 = DIRECTION ( 'NONE',  ( -0.000000000000000000, -0.000000000000000000, -1.000000000000000000 ) ) ;
#6461 = ORIENTED_EDGE ( 'NONE', *, *, #7146, .T. ) ;
#6462 = EDGE_CURVE ( 'NONE', #4326, #3899, #5877, .T. ) ;
#6463 = ORIENTED_EDGE ( 'NONE', *, *, #107, .F. ) ;
#6464 = ORIENTED_EDGE ( 'NONE', *, *, #2459, .T. ) ;
#6465 = DIRECTION ( 'NONE',  ( 1.000000000000000000, 0.000000000000000000, -0.000000000000000000 ) ) ;
#6466 = PLANE ( 'NONE',  #857 ) ;
#6467 = DIRECTION ( 'NONE',  ( -0.000000000000000000, -0.000000000000000000, -1.000000000000000000 ) ) ;
#6468 = CARTESIAN_POINT ( 'NONE',  ( 1.920000000000000373, 0.2540000000000001146, 0.8249999999999997335 ) ) ;
#6469 = AXIS2_PLACEMENT_3D ( 'NONE', #3270, #2758, #6658 ) ;
#6470 = ORIENTED_EDGE ( 'NONE', *, *, #2493, .T. ) ;
#6471 = EDGE_LOOP ( 'NONE', ( #6519, #4174, #2616, #5207 ) ) ;
#6472 = CARTESIAN_POINT ( 'NONE',  ( -2.192393151670311457, 0.01300689682525818514, 0.8249999999999997335 ) ) ;
#6473 = LINE ( 'NONE', #2169, #619 ) ;
#6474 = VECTOR ( 'NONE', #6763, 1000.000000000000000 ) ;
#6475 = DIRECTION ( 'NONE',  ( 0.1736481776669313581, 0.9848077530122079093, -0.000000000000000000 ) ) ;
#6476 = DIRECTION ( 'NONE',  ( 0.000000000000000000, -1.000000000000000000, 0.000000000000000000 ) ) ;
#6477 = AXIS2_PLACEMENT_3D ( 'NONE', #2627, #1012, #5609 ) ;
#6478 = CIRCLE ( 'NONE', #926, 0.1121194534934809861 ) ;
#6479 = VECTOR ( 'NONE', #1921, 1000.000000000000000 ) ;
#6480 = ORIENTED_EDGE ( 'NONE', *, *, #3049, .T. ) ;
#6481 = CARTESIAN_POINT ( 'NONE',  ( 2.440579527876272081, -9.062316430720066274E-18, -0.1750000000000002387 ) ) ;
#6482 = EDGE_CURVE ( 'NONE', #703, #795, #4223, .T. ) ;
#6483 = FACE_OUTER_BOUND ( 'NONE', #1279, .T. ) ;
#6484 = DIRECTION ( 'NONE',  ( -0.000000000000000000, 0.000000000000000000, -1.000000000000000000 ) ) ;
#6485 = ORIENTED_EDGE ( 'NONE', *, *, #6482, .F. ) ;
#6486 = DIRECTION ( 'NONE',  ( -0.9986295347545742773, 0.05233595624293691656, 0.000000000000000000 ) ) ;
#6487 = DIRECTION ( 'NONE',  ( 0.1736481776669312749, 0.9848077530122079093, 0.000000000000000000 ) ) ;
#6488 = ORIENTED_EDGE ( 'NONE', *, *, #4839, .F. ) ;
#6489 = EDGE_CURVE ( 'NONE', #2498, #1494, #6608, .T. ) ;
#6490 = AXIS2_PLACEMENT_3D ( 'NONE', #6281, #3870, #6817 ) ;
#6491 = DIRECTION ( 'NONE',  ( -0.000000000000000000, -0.000000000000000000, -1.000000000000000000 ) ) ;
#6492 = EDGE_CURVE ( 'NONE', #3986, #2051, #2154, .T. ) ;
#6493 = ORIENTED_EDGE ( 'NONE', *, *, #616, .F. ) ;
#6494 = DIRECTION ( 'NONE',  ( 0.000000000000000000, 0.000000000000000000, 1.000000000000000000 ) ) ;
#6495 = CARTESIAN_POINT ( 'NONE',  ( -2.097265395542184940, 0.2852566719800450623, 1.474999999999999645 ) ) ;
#6496 = ORIENTED_EDGE ( 'NONE', *, *, #5647, .F. ) ;
#6497 = VECTOR ( 'NONE', #3181, 1000.000000000000000 ) ;
#6498 = EDGE_CURVE ( 'NONE', #3441, #5939, #3115, .T. ) ;
#6499 = VERTEX_POINT ( 'NONE', #2020 ) ;
#6500 = EDGE_CURVE ( 'NONE', #2008, #3516, #5462, .T. ) ;
#6501 = AXIS2_PLACEMENT_3D ( 'NONE', #4833, #1084, #5418 ) ;
#6502 = ORIENTED_EDGE ( 'NONE', *, *, #3823, .F. ) ;
#6503 = LINE ( 'NONE', #4853, #1317 ) ;
#6504 = ORIENTED_EDGE ( 'NONE', *, *, #2896, .T. ) ;
#6505 = DIRECTION ( 'NONE',  ( -0.000000000000000000, -0.000000000000000000, -1.000000000000000000 ) ) ;
#6506 = AXIS2_PLACEMENT_3D ( 'NONE', #3187, #434, #5393 ) ;
#6507 = ADVANCED_FACE ( 'NONE', ( #986 ), #1054, .T. ) ;
#6508 = ORIENTED_EDGE ( 'NONE', *, *, #4317, .T. ) ;
#6509 = AXIS2_PLACEMENT_3D ( 'NONE', #6515, #2691, #4345 ) ;
#6510 = VERTEX_POINT ( 'NONE', #503 ) ;
#6511 = CARTESIAN_POINT ( 'NONE',  ( -0.9455000000000007843, 0.2999999999999999889, 1.772499999999999964 ) ) ;
#6512 = LINE ( 'NONE', #2101, #5116 ) ;
#6513 = CARTESIAN_POINT ( 'NONE',  ( -0.8254999999999999005, 0.1523999999999999799, 1.302499999999999769 ) ) ;
#6514 = CARTESIAN_POINT ( 'NONE',  ( -2.097265395542184940, 0.2852566719800450623, -0.1750000000000002387 ) ) ;
#6515 = CARTESIAN_POINT ( 'NONE',  ( -0.9455000000000004512, 0.1523999999999999799, 1.302499999999999769 ) ) ;
#6516 = VECTOR ( 'NONE', #2175, 1000.000000000000000 ) ;
#6517 = CARTESIAN_POINT ( 'NONE',  ( 1.776161133969892392, 0.7161999999999913991, -1.125000000000000222 ) ) ;
#6518 = ORIENTED_EDGE ( 'NONE', *, *, #1343, .T. ) ;
#6519 = ORIENTED_EDGE ( 'NONE', *, *, #6722, .F. ) ;
#6520 = DIRECTION ( 'NONE',  ( -0.000000000000000000, -0.000000000000000000, -1.000000000000000000 ) ) ;
#6521 = DIRECTION ( 'NONE',  ( -1.000000000000000000, 0.000000000000000000, 0.000000000000000000 ) ) ;
#6522 = VERTEX_POINT ( 'NONE', #6527 ) ;
#6523 = CARTESIAN_POINT ( 'NONE',  ( 1.776161133969892392, 0.4240805465065236035, -0.1750000000000002387 ) ) ;
#6524 = ORIENTED_EDGE ( 'NONE', *, *, #3517, .T. ) ;
#6525 = AXIS2_PLACEMENT_3D ( 'NONE', #6440, #6410, #395 ) ;
#6526 = DIRECTION ( 'NONE',  ( -0.000000000000000000, -0.000000000000000000, -1.000000000000000000 ) ) ;
#6527 = CARTESIAN_POINT ( 'NONE',  ( -1.920000000000000373, 0.2540000000000000036, -0.4750000000000001443 ) ) ;
#6528 = AXIS2_PLACEMENT_3D ( 'NONE', #6960, #6421, #5347 ) ;
#6529 = DIRECTION ( 'NONE',  ( 0.1736481776669313581, -0.9848077530122079093, 0.000000000000000000 ) ) ;
#6530 = LINE ( 'NONE', #6612, #4031 ) ;
#6531 = ORIENTED_EDGE ( 'NONE', *, *, #5254, .T. ) ;
#6532 = EDGE_CURVE ( 'NONE', #2311, #6075, #909, .T. ) ;
#6533 = AXIS2_PLACEMENT_3D ( 'NONE', #5356, #1057, #5429 ) ;
#6534 = ORIENTED_EDGE ( 'NONE', *, *, #5863, .T. ) ;
#6535 = ORIENTED_EDGE ( 'NONE', *, *, #4081, .F. ) ;
#6536 = DIRECTION ( 'NONE',  ( -1.000000000000000000, 0.000000000000000000, 0.000000000000000000 ) ) ;
#6537 = EDGE_CURVE ( 'NONE', #4023, #4935, #7073, .T. ) ;
#6538 = LINE ( 'NONE', #4957, #6653 ) ;
#6539 = VERTEX_POINT ( 'NONE', #5354 ) ;
#6540 = DIRECTION ( 'NONE',  ( 0.1736481776669336896, -0.9848077530122073542, 0.000000000000000000 ) ) ;
#6541 = EDGE_CURVE ( 'NONE', #3395, #6934, #1551, .T. ) ;
#6542 = EDGE_LOOP ( 'NONE', ( #7123, #6040, #1626, #741 ) ) ;
#6543 = ORIENTED_EDGE ( 'NONE', *, *, #5779, .F. ) ;
#6544 = CARTESIAN_POINT ( 'NONE',  ( 1.776161133969892392, 0.7161999999999913991, 0.4749999999999997558 ) ) ;
#6545 = CARTESIAN_POINT ( 'NONE',  ( -1.776161133969892392, 0.7161999999999913991, 0.4749999999999997558 ) ) ;
#6546 = EDGE_CURVE ( 'NONE', #6332, #6450, #6397, .T. ) ;
#6547 = EDGE_CURVE ( 'NONE', #2296, #2097, #259, .T. ) ;
#6548 = DIRECTION ( 'NONE',  ( -0.000000000000000000, -0.000000000000000000, -1.000000000000000000 ) ) ;
#6549 = CARTESIAN_POINT ( 'NONE',  ( -2.207681502606056778, 0.3047260107602003942, 0.4749999999999997558 ) ) ;
#6550 = CARTESIAN_POINT ( 'NONE',  ( 2.097265395542184940, 0.2852566719800452844, -1.775000000000000133 ) ) ;
#6551 = PRODUCT_DEFINITION_CONTEXT ( 'detailed design', #2006, 'design' ) ;
#6552 = CARTESIAN_POINT ( 'NONE',  ( 0.7054999999999991278, 0.1523999999999999799, 1.772500000000000631 ) ) ;
#6553 = EDGE_CURVE ( 'NONE', #6210, #6143, #1477, .T. ) ;
#6554 = ORIENTED_EDGE ( 'NONE', *, *, #2388, .F. ) ;
#6555 = ORIENTED_EDGE ( 'NONE', *, *, #6272, .T. ) ;
#6556 = DIRECTION ( 'NONE',  ( 3.925976682163069868E-16, -1.000000000000000000, 0.000000000000000000 ) ) ;
#6557 = CARTESIAN_POINT ( 'NONE',  ( -1.776161133969892392, 0.4240805465065236035, -0.8250000000000001776 ) ) ;
#6558 = CARTESIAN_POINT ( 'NONE',  ( -2.201813623794039998, 0.1927602130810681935, 1.474999999999999645 ) ) ;
#6559 = ORIENTED_EDGE ( 'NONE', *, *, #4163, .F. ) ;
#6560 = CARTESIAN_POINT ( 'NONE',  ( -2.097265395542184940, 0.2852566719800452288, 1.124999999999999778 ) ) ;
#6561 = CARTESIAN_POINT ( 'NONE',  ( 2.192393151670311457, 0.01300689682525807585, -0.1750000000000002387 ) ) ;
#6562 = ORIENTED_EDGE ( 'NONE', *, *, #6097, .T. ) ;
#6563 = LINE ( 'NONE', #1622, #2687 ) ;
#6564 = ORIENTED_EDGE ( 'NONE', *, *, #6553, .T. ) ;
#6565 = DIRECTION ( 'NONE',  ( 0.000000000000000000, 0.000000000000000000, -1.000000000000000000 ) ) ;
#6566 = CARTESIAN_POINT ( 'NONE',  ( 0.7054999999999991278, 0.2999999999999999889, 1.772500000000000631 ) ) ;
#6567 = ORIENTED_EDGE ( 'NONE', *, *, #6008, .F. ) ;
#6568 = CARTESIAN_POINT ( 'NONE',  ( 1.886577241033764230, 0.4435498852866788799, -1.475000000000000089 ) ) ;
#6569 = DIRECTION ( 'NONE',  ( -1.000000000000000000, 0.000000000000000000, 0.000000000000000000 ) ) ;
#6570 = ORIENTED_EDGE ( 'NONE', *, *, #1693, .F. ) ;
#6571 = VECTOR ( 'NONE', #3528, 1000.000000000000000 ) ;
#6572 = ORIENTED_EDGE ( 'NONE', *, *, #6532, .F. ) ;
#6573 = EDGE_LOOP ( 'NONE', ( #3317, #5194, #1538, #1300 ) ) ;
#6574 = CARTESIAN_POINT ( 'NONE',  ( 1.499999999999998890, 0.5362000000000118893, -2.019500000000007400 ) ) ;
#6575 = EDGE_CURVE ( 'NONE', #6366, #2395, #2671, .T. ) ;
#6576 = DIRECTION ( 'NONE',  ( -0.000000000000000000, 1.000000000000000000, -0.000000000000000000 ) ) ;
#6577 = VERTEX_POINT ( 'NONE', #4809 ) ;
#6578 = CARTESIAN_POINT ( 'NONE',  ( -1.776161133969892392, 0.4240805465065236035, -1.125000000000000222 ) ) ;
#6579 =( NAMED_UNIT ( * ) SI_UNIT ( $, .STERADIAN. ) SOLID_ANGLE_UNIT ( ) );
#6580 = EDGE_CURVE ( 'NONE', #3915, #7013, #2048, .T. ) ;
#6581 = ORIENTED_EDGE ( 'NONE', *, *, #657, .T. ) ;
#6582 = VERTEX_POINT ( 'NONE', #7105 ) ;
#6583 = DIRECTION ( 'NONE',  ( 0.000000000000000000, -1.000000000000000000, 0.000000000000000000 ) ) ;
#6584 = CARTESIAN_POINT ( 'NONE',  ( 1.500000000000001110, 0.5362000000000048949, -1.475000000000000089 ) ) ;
#6585 = EDGE_CURVE ( 'NONE', #3058, #3885, #4329, .T. ) ;
#6586 = FACE_OUTER_BOUND ( 'NONE', #6919, .T. ) ;
#6587 = FACE_OUTER_BOUND ( 'NONE', #4589, .T. ) ;
#6588 = EDGE_CURVE ( 'NONE', #2158, #6165, #3256, .T. ) ;
#6589 = VECTOR ( 'NONE', #1972, 1000.000000000000000 ) ;
#6590 = VERTEX_POINT ( 'NONE', #4946 ) ;
#6591 =( GEOMETRIC_REPRESENTATION_CONTEXT ( 3 ) GLOBAL_UNCERTAINTY_ASSIGNED_CONTEXT ( ( #1795 ) ) GLOBAL_UNIT_ASSIGNED_CONTEXT ( ( #7024, #4246, #5414 ) ) REPRESENTATION_CONTEXT ( 'NONE', 'WORKASPACE' ) );
#6592 = FACE_OUTER_BOUND ( 'NONE', #146, .T. ) ;
#6593 = EDGE_CURVE ( 'NONE', #70, #5233, #6061, .T. ) ;
#6594 = CARTESIAN_POINT ( 'NONE',  ( -1.500000000000001110, 0.7161999999999915101, -1.125000000000000222 ) ) ;
#6595 = CARTESIAN_POINT ( 'NONE',  ( 1.776161133969892392, 0.4240805465065236035, -0.8250000000000001776 ) ) ;
#6596 = ORIENTED_EDGE ( 'NONE', *, *, #1969, .F. ) ;
#6597 = DIRECTION ( 'NONE',  ( -1.000000000000000000, 0.000000000000000000, 0.000000000000000000 ) ) ;
#6598 = CARTESIAN_POINT ( 'NONE',  ( -2.440579527876272081, -9.062316430720066274E-18, 1.124999999999999778 ) ) ;
#6599 = ORIENTED_EDGE ( 'NONE', *, *, #2848, .F. ) ;
#6600 = CIRCLE ( 'NONE', #5539, 0.1749999999999998224 ) ;
#6601 = AXIS2_PLACEMENT_3D ( 'NONE', #6089, #5574, #2738 ) ;
#6602 = EDGE_CURVE ( 'NONE', #1064, #3869, #6682, .T. ) ;
#6603 = MANIFOLD_SOLID_BREP ( 'LPattern1[2]', #1383 ) ;
#6604 = CARTESIAN_POINT ( 'NONE',  ( 2.063842636575948575, 0.4748065572667239942, -0.1750000000000002387 ) ) ;
#6605 = CIRCLE ( 'NONE', #6022, 0.2921194534934675735 ) ;
#6606 = AXIS2_PLACEMENT_3D ( 'NONE', #6687, #1491, #542 ) ;
#6607 = CARTESIAN_POINT ( 'NONE',  ( -1.500000000000001110, 0.5362000000000048949, 1.124999999999999778 ) ) ;
#6608 = LINE ( 'NONE', #1583, #3888 ) ;
#6609 = ORIENTED_EDGE ( 'NONE', *, *, #6766, .F. ) ;
#6610 = VECTOR ( 'NONE', #6231, 1000.000000000000000 ) ;
#6611 = CARTESIAN_POINT ( 'NONE',  ( -2.450000000000000178, 0.1797533162558100084, 1.774999999999999689 ) ) ;
#6612 = CARTESIAN_POINT ( 'NONE',  ( 0.000000000000000000, 0.2999999999999999889, 1.772499999999999964 ) ) ;
#6613 = ORIENTED_EDGE ( 'NONE', *, *, #3477, .T. ) ;
#6614 = ORIENTED_EDGE ( 'NONE', *, *, #3864, .F. ) ;
#6615 = CARTESIAN_POINT ( 'NONE',  ( -1.776161133969892392, 0.4240805465065236035, -0.1750000000000002387 ) ) ;
#6616 = MANIFOLD_SOLID_BREP ( 'Boss-Extrude3[2]', #3008 ) ;
#6617 = CIRCLE ( 'NONE', #940, 0.1121194534934809861 ) ;
#6618 = DIRECTION ( 'NONE',  ( -0.000000000000000000, 1.000000000000000000, -0.000000000000000000 ) ) ;
#6619 = FILL_AREA_STYLE ('',( #7086 ) ) ;
#6620 = ORIENTED_EDGE ( 'NONE', *, *, #5100, .F. ) ;
#6621 = ORIENTED_EDGE ( 'NONE', *, *, #1468, .F. ) ;
#6622 = CARTESIAN_POINT ( 'NONE',  ( 0.000000000000000000, 0.1523999999999999799, 0.000000000000000000 ) ) ;
#6623 =( NAMED_UNIT ( * ) SI_UNIT ( $, .STERADIAN. ) SOLID_ANGLE_UNIT ( ) );
#6624 = CARTESIAN_POINT ( 'NONE',  ( 0.000000000000000000, 0.000000000000000000, 0.000000000000000000 ) ) ;
#6625 = CARTESIAN_POINT ( 'NONE',  ( -2.450000000000000178, 0.1797533162558100084, 1.124999999999999778 ) ) ;
#6626 = CARTESIAN_POINT ( 'NONE',  ( 2.450000000000000178, 0.1797533162558100084, 1.774999999999999689 ) ) ;
#6627 = FACE_OUTER_BOUND ( 'NONE', #3527, .T. ) ;
#6628 = CARTESIAN_POINT ( 'NONE',  ( -1.776161133969892392, 0.4240805465065236035, -0.4750000000000001443 ) ) ;
#6629 = UNCERTAINTY_MEASURE_WITH_UNIT (LENGTH_MEASURE( 1.000000000000000082E-05 ), #5338, 'distance_accuracy_value', 'NONE');
#6630 = VECTOR ( 'NONE', #4172, 1000.000000000000114 ) ;
#6631 = EDGE_CURVE ( 'NONE', #3365, #6510, #3974, .T. ) ;
#6632 = PRESENTATION_LAYER_ASSIGNMENT (  '', '', ( #5699 ) ) ;
#6633 = ORIENTED_EDGE ( 'NONE', *, *, #172, .F. ) ;
#6634 = DIRECTION ( 'NONE',  ( -0.000000000000000000, 1.000000000000000000, -0.000000000000000000 ) ) ;
#6635 = CARTESIAN_POINT ( 'NONE',  ( 0.9454999999999995630, 0.2999999999999999889, 2.181091817202221452E-16 ) ) ;
#6636 = CARTESIAN_POINT ( 'NONE',  ( -2.450000000000000178, 0.1797533162558100084, -1.475000000000000089 ) ) ;
#6637 = AXIS2_PLACEMENT_3D ( 'NONE', #80, #6071, #2719 ) ;
#6638 = ADVANCED_FACE ( 'NONE', ( #5057 ), #620, .F. ) ;
#6639 = ORIENTED_EDGE ( 'NONE', *, *, #5789, .F. ) ;
#6640 = CARTESIAN_POINT ( 'NONE',  ( -2.097265395542184940, 0.2852566719800450623, 0.1749999999999998224 ) ) ;
#6641 = LINE ( 'NONE', #3146, #599 ) ;
#6642 = ORIENTED_EDGE ( 'NONE', *, *, #1010, .F. ) ;
#6643 = CARTESIAN_POINT ( 'NONE',  ( -1.776161133969892392, 0.7161999999999915101, -1.475000000000000089 ) ) ;
#6644 = DIRECTION ( 'NONE',  ( 1.000000000000000000, 0.000000000000000000, 0.000000000000000000 ) ) ;
#6645 = CIRCLE ( 'NONE', #29, 0.1121194534934809861 ) ;
#6646 = EDGE_CURVE ( 'NONE', #5362, #5297, #4540, .T. ) ;
#6647 = ORIENTED_EDGE ( 'NONE', *, *, #2773, .F. ) ;
#6648 = DIRECTION ( 'NONE',  ( 1.000000000000000000, 0.000000000000000000, 0.000000000000000000 ) ) ;
#6649 = VERTEX_POINT ( 'NONE', #4404 ) ;
#6650 = CARTESIAN_POINT ( 'NONE',  ( 1.500000000000001110, 0.5362000000000048949, -0.8250000000000001776 ) ) ;
#6651 = DIRECTION ( 'NONE',  ( -3.925976682163069868E-16, 1.000000000000000000, 0.000000000000000000 ) ) ;
#6652 = AXIS2_PLACEMENT_3D ( 'NONE', #3313, #5529, #571 ) ;
#6653 = VECTOR ( 'NONE', #6576, 1000.000000000000000 ) ;
#6654 = DIRECTION ( 'NONE',  ( 1.000000000000000000, -3.925976682163069868E-16, -0.000000000000000000 ) ) ;
#6655 = VERTEX_POINT ( 'NONE', #5538 ) ;
#6656 = LINE ( 'NONE', #959, #4480 ) ;
#6657 = LINE ( 'NONE', #596, #5996 ) ;
#6658 = DIRECTION ( 'NONE',  ( 0.9986295347545742773, -0.05233595624293731902, 0.000000000000000000 ) ) ;
#6659 = VECTOR ( 'NONE', #6261, 1000.000000000000000 ) ;
#6660 = ORIENTED_EDGE ( 'NONE', *, *, #3508, .F. ) ;
#6661 = ORIENTED_EDGE ( 'NONE', *, *, #2260, .F. ) ;
#6662 = FACE_OUTER_BOUND ( 'NONE', #3816, .T. ) ;
#6663 = FACE_OUTER_BOUND ( 'NONE', #1677, .T. ) ;
#6664 = DIRECTION ( 'NONE',  ( -0.000000000000000000, -0.000000000000000000, -1.000000000000000000 ) ) ;
#6665 = DIRECTION ( 'NONE',  ( 1.000000000000000000, 0.000000000000000000, 0.000000000000000000 ) ) ;
#6666 = DIRECTION ( 'NONE',  ( -0.000000000000000000, -0.000000000000000000, -1.000000000000000000 ) ) ;
#6667 = LINE ( 'NONE', #1637, #4642 ) ;
#6668 = LINE ( 'NONE', #2985, #2587 ) ;
#6669 = PLANE ( 'NONE',  #3805 ) ;
#6670 = ORIENTED_EDGE ( 'NONE', *, *, #5459, .T. ) ;
#6671 = FACE_OUTER_BOUND ( 'NONE', #3821, .T. ) ;
#6672 = FACE_OUTER_BOUND ( 'NONE', #997, .T. ) ;
#6673 = DIRECTION ( 'NONE',  ( -0.9986295347545742773, -0.05233595624293691656, 0.000000000000000000 ) ) ;
#6674 = EDGE_CURVE ( 'NONE', #3832, #1124, #3369, .T. ) ;
#6675 = ORIENTED_EDGE ( 'NONE', *, *, #3332, .F. ) ;
#6676 = PLANE ( 'NONE',  #4485 ) ;
#6677 = EDGE_LOOP ( 'NONE', ( #4878, #5886, #6327, #5289 ) ) ;
#6678 = EDGE_CURVE ( 'NONE', #2634, #32, #3026, .T. ) ;
#6679 = DIRECTION ( 'NONE',  ( -1.000000000000000000, 0.000000000000000000, -6.920439398843646079E-16 ) ) ;
#6680 = ORIENTED_EDGE ( 'NONE', *, *, #6695, .T. ) ;
#6681 =( NAMED_UNIT ( * ) PLANE_ANGLE_UNIT ( ) SI_UNIT ( $, .RADIAN. ) );
#6682 = LINE ( 'NONE', #4990, #4167 ) ;
#6683 = ADVANCED_FACE ( 'NONE', ( #6093 ), #582, .T. ) ;
#6684 = ORIENTED_EDGE ( 'NONE', *, *, #2941, .F. ) ;
#6685 = DIRECTION ( 'NONE',  ( 0.000000000000000000, 0.000000000000000000, 1.000000000000000000 ) ) ;
#6686 = ORIENTED_EDGE ( 'NONE', *, *, #5917, .F. ) ;
#6687 = CARTESIAN_POINT ( 'NONE',  ( -2.207681502606056778, 0.3047260107602003942, -0.4750000000000001443 ) ) ;
#6688 = EDGE_CURVE ( 'NONE', #963, #6075, #5447, .T. ) ;
#6689 = EDGE_CURVE ( 'NONE', #56, #3016, #2932, .T. ) ;
#6690 = ORIENTED_EDGE ( 'NONE', *, *, #5738, .F. ) ;
#6691 = EDGE_CURVE ( 'NONE', #2447, #3782, #761, .T. ) ;
#6692 = DIRECTION ( 'NONE',  ( -0.1736481776669313026, -0.9848077530122080203, -0.000000000000000000 ) ) ;
#6693 = LINE ( 'NONE', #6732, #2765 ) ;
#6694 = CARTESIAN_POINT ( 'NONE',  ( 1.459660994505032283, 0.1523999999999999799, -1.979160994505041016 ) ) ;
#6695 = EDGE_CURVE ( 'NONE', #4815, #2877, #3073, .T. ) ;
#6696 = ORIENTED_EDGE ( 'NONE', *, *, #1327, .F. ) ;
#6697 = VECTOR ( 'NONE', #484, 1000.000000000000114 ) ;
#6698 = EDGE_CURVE ( 'NONE', #7117, #4181, #5274, .T. ) ;
#6699 = EDGE_LOOP ( 'NONE', ( #6461, #894, #5316, #1951 ) ) ;
#6700 = DIRECTION ( 'NONE',  ( -0.000000000000000000, -0.000000000000000000, -1.000000000000000000 ) ) ;
#6701 = PLANE ( 'NONE',  #1095 ) ;
#6702 = FACE_OUTER_BOUND ( 'NONE', #6034, .T. ) ;
#6703 = PLANE ( 'NONE',  #1719 ) ;
#6704 = LINE ( 'NONE', #6153, #2892 ) ;
#6705 = DIRECTION ( 'NONE',  ( 1.000000000000000000, 0.000000000000000000, 0.000000000000000000 ) ) ;
#6706 = CARTESIAN_POINT ( 'NONE',  ( -1.776161133969892392, 0.4240805465065236035, -0.1750000000000002387 ) ) ;
#6707 = CARTESIAN_POINT ( 'NONE',  ( 1.776161133969892392, 0.4240805465065236035, 1.774999999999999689 ) ) ;
#6708 = CARTESIAN_POINT ( 'NONE',  ( 1.776161133969892392, 0.7161999999999913991, 0.8249999999999997335 ) ) ;
#6709 = DIRECTION ( 'NONE',  ( 0.1736481776669313581, 0.9848077530122079093, -0.000000000000000000 ) ) ;
#6710 = ORIENTED_EDGE ( 'NONE', *, *, #5613, .T. ) ;
#6711 = STYLED_ITEM ( 'NONE', ( #4697 ), #1893 ) ;
#6712 = EDGE_CURVE ( 'NONE', #6304, #5771, #4005, .T. ) ;
#6713 = MANIFOLD_SOLID_BREP ( 'LPattern1[1]', #2300 ) ;
#6714 = DIRECTION ( 'NONE',  ( -0.05233595624293797127, 0.9986295347545741663, 0.000000000000000000 ) ) ;
#6715 = ORIENTED_EDGE ( 'NONE', *, *, #4765, .T. ) ;
#6716 = CARTESIAN_POINT ( 'NONE',  ( 2.201813623794039998, 0.1927602130810683878, 1.124999999999999778 ) ) ;
#6717 = DIRECTION ( 'NONE',  ( -0.9986295347545742773, 0.05233595624293731902, 0.000000000000000000 ) ) ;
#6718 = VECTOR ( 'NONE', #6940, 1000.000000000000000 ) ;
#6719 = VERTEX_POINT ( 'NONE', #5762 ) ;
#6720 = VECTOR ( 'NONE', #2660, 1000.000000000000000 ) ;
#6721 = ORIENTED_EDGE ( 'NONE', *, *, #1700, .F. ) ;
#6722 = EDGE_CURVE ( 'NONE', #1912, #4252, #6886, .T. ) ;
#6723 = CARTESIAN_POINT ( 'NONE',  ( -2.097265395542184940, 0.2852566719800452288, -1.775000000000000133 ) ) ;
#6724 = EDGE_CURVE ( 'NONE', #6813, #2270, #180, .T. ) ;
#6725 = VECTOR ( 'NONE', #4284, 1000.000000000000000 ) ;
#6726 = AXIS2_PLACEMENT_3D ( 'NONE', #7011, #6651, #37 ) ;
#6727 = ORIENTED_EDGE ( 'NONE', *, *, #2096, .T. ) ;
#6728 = DIRECTION ( 'NONE',  ( 1.000000000000000000, 3.925976682163069868E-16, 0.000000000000000000 ) ) ;
#6729 = EDGE_LOOP ( 'NONE', ( #1550, #6721, #3467, #5637 ) ) ;
#6730 = ORIENTED_EDGE ( 'NONE', *, *, #6859, .T. ) ;
#6731 = EDGE_CURVE ( 'NONE', #153, #2498, #4574, .T. ) ;
#6732 = CARTESIAN_POINT ( 'NONE',  ( 2.440579527876272081, -9.062316430720066274E-18, 1.124999999999999778 ) ) ;
#6733 = EDGE_CURVE ( 'NONE', #4908, #6901, #4036, .T. ) ;
#6734 = ORIENTED_EDGE ( 'NONE', *, *, #4888, .F. ) ;
#6735 = AXIS2_PLACEMENT_3D ( 'NONE', #1265, #185, #3409 ) ;
#6736 = EDGE_LOOP ( 'NONE', ( #6562, #4911, #6104, #3925 ) ) ;
#6737 = VECTOR ( 'NONE', #6833, 1000.000000000000000 ) ;
#6738 = PLANE ( 'NONE',  #7032 ) ;
#6739 = FACE_OUTER_BOUND ( 'NONE', #1607, .T. ) ;
#6740 = DIRECTION ( 'NONE',  ( -0.000000000000000000, -0.000000000000000000, -1.000000000000000000 ) ) ;
#6741 = EDGE_CURVE ( 'NONE', #695, #848, #6280, .T. ) ;
#6742 = CARTESIAN_POINT ( 'NONE',  ( 1.920000000000000373, 0.2540000000000001146, -1.475000000000000089 ) ) ;
#6743 = DIRECTION ( 'NONE',  ( 6.195440985631441512E-16, 0.000000000000000000, -1.000000000000000000 ) ) ;
#6744 = VECTOR ( 'NONE', #3538, 1000.000000000000114 ) ;
#6745 = DIRECTION ( 'NONE',  ( -1.000000000000000000, 0.000000000000000000, 0.000000000000000000 ) ) ;
#6746 = CARTESIAN_POINT ( 'NONE',  ( -1.500000000000001110, 0.5362000000000048949, -1.475000000000000089 ) ) ;
#6747 = CARTESIAN_POINT ( 'NONE',  ( 0.9454999999999991189, 0.2999999999999999889, 1.772500000000000631 ) ) ;
#6748 = ORIENTED_EDGE ( 'NONE', *, *, #6445, .F. ) ;
#6749 = VECTOR ( 'NONE', #4073, 1000.000000000000000 ) ;
#6750 = AXIS2_PLACEMENT_3D ( 'NONE', #3275, #6666, #3777 ) ;
#6751 = CARTESIAN_POINT ( 'NONE',  ( -0.9455000000000004512, 0.1523999999999999799, 1.302499999999999769 ) ) ;
#6752 = PRESENTATION_STYLE_ASSIGNMENT (( #3323 ) ) ;
#6753 = VERTEX_POINT ( 'NONE', #5731 ) ;
#6754 = DIRECTION ( 'NONE',  ( -0.000000000000000000, -0.000000000000000000, -1.000000000000000000 ) ) ;
#6755 = DIRECTION ( 'NONE',  ( 1.000000000000000000, 0.000000000000000000, 0.000000000000000000 ) ) ;
#6756 = DIRECTION ( 'NONE',  ( 0.1736481776669336896, -0.9848077530122073542, 0.000000000000000000 ) ) ;
#6757 = VERTEX_POINT ( 'NONE', #5205 ) ;
#6758 = LINE ( 'NONE', #3944, #6321 ) ;
#6759 = EDGE_LOOP ( 'NONE', ( #3051, #4804, #5262, #1112 ) ) ;
#6760 = CARTESIAN_POINT ( 'NONE',  ( 0.000000000000000000, 0.2999999999999999889, -1.302500000000000213 ) ) ;
#6761 = ORIENTED_EDGE ( 'NONE', *, *, #6990, .F. ) ;
#6762 = ADVANCED_FACE ( 'NONE', ( #5165 ), #6348, .F. ) ;
#6763 = DIRECTION ( 'NONE',  ( 1.000000000000000000, -3.925976682163069868E-16, -0.000000000000000000 ) ) ;
#6764 = VECTOR ( 'NONE', #2601, 1000.000000000000000 ) ;
#6765 = ORIENTED_EDGE ( 'NONE', *, *, #5421, .T. ) ;
#6766 = EDGE_CURVE ( 'NONE', #4935, #5959, #3036, .T. ) ;
#6767 = ORIENTED_EDGE ( 'NONE', *, *, #1700, .T. ) ;
#6768 = VECTOR ( 'NONE', #5307, 1000.000000000000000 ) ;
#6769 = DIRECTION ( 'NONE',  ( 0.1736481776669313581, 0.9848077530122079093, -0.000000000000000000 ) ) ;
#6770 = CARTESIAN_POINT ( 'NONE',  ( 1.776161133969892392, 0.7161999999999913991, -0.1750000000000002387 ) ) ;
#6771 = AXIS2_PLACEMENT_3D ( 'NONE', #994, #3838, #1029 ) ;
#6772 = EDGE_CURVE ( 'NONE', #6296, #5959, #1542, .T. ) ;
#6773 = PLANE ( 'NONE',  #2921 ) ;
#6774 = CARTESIAN_POINT ( 'NONE',  ( 2.440579527876272081, -9.062316430720066274E-18, -0.8250000000000001776 ) ) ;
#6775 = UNCERTAINTY_MEASURE_WITH_UNIT (LENGTH_MEASURE( 1.000000000000000082E-05 ), #3171, 'distance_accuracy_value', 'NONE');
#6776 = CARTESIAN_POINT ( 'NONE',  ( -0.8254999999999999005, 0.1523999999999999799, 1.302499999999999769 ) ) ;
#6777 = AXIS2_PLACEMENT_3D ( 'NONE', #3077, #184, #5735 ) ;
#6778 = EDGE_CURVE ( 'NONE', #3471, #5362, #6011, .T. ) ;
#6779 = ORIENTED_EDGE ( 'NONE', *, *, #4921, .T. ) ;
#6780 = ADVANCED_FACE ( 'NONE', ( #3141 ), #4179, .F. ) ;
#6781 = LINE ( 'NONE', #5195, #4010 ) ;
#6782 = PLANE ( 'NONE',  #4074 ) ;
#6783 = CARTESIAN_POINT ( 'NONE',  ( -1.886577241033764230, 0.4435498852866789354, 1.774999999999999689 ) ) ;
#6784 = CARTESIAN_POINT ( 'NONE',  ( -1.500000000000001110, 0.7161999999999915101, -0.8250000000000001776 ) ) ;
#6785 = ORIENTED_EDGE ( 'NONE', *, *, #6454, .F. ) ;
#6786 = CARTESIAN_POINT ( 'NONE',  ( -2.440579527876272081, -9.062316430720066274E-18, 1.124999999999999778 ) ) ;
#6787 = ORIENTED_EDGE ( 'NONE', *, *, #5697, .F. ) ;
#6788 = DIRECTION ( 'NONE',  ( -3.097720492815726673E-16, 0.000000000000000000, 1.000000000000000000 ) ) ;
#6789 = VERTEX_POINT ( 'NONE', #6418 ) ;
#6790 = DIRECTION ( 'NONE',  ( -0.9986295347545742773, 0.05233595624293691656, 0.000000000000000000 ) ) ;
#6791 = ORIENTED_EDGE ( 'NONE', *, *, #2599, .F. ) ;
#6792 = DIRECTION ( 'NONE',  ( 0.000000000000000000, 0.000000000000000000, -1.000000000000000000 ) ) ;
#6793 = EDGE_LOOP ( 'NONE', ( #5260, #4006, #3770, #1455 ) ) ;
#6794 = CARTESIAN_POINT ( 'NONE',  ( -2.097265395542184940, 0.2852566719800452288, -1.475000000000000089 ) ) ;
#6795 = FACE_OUTER_BOUND ( 'NONE', #1576, .T. ) ;
#6796 = VERTEX_POINT ( 'NONE', #458 ) ;
#6797 = DIRECTION ( 'NONE',  ( -0.000000000000000000, -0.000000000000000000, -1.000000000000000000 ) ) ;
#6798 = EDGE_CURVE ( 'NONE', #1008, #5928, #915, .T. ) ;
#6799 = ORIENTED_EDGE ( 'NONE', *, *, #6778, .T. ) ;
#6800 = LINE ( 'NONE', #1807, #3718 ) ;
#6801 = LINE ( 'NONE', #6260, #7048 ) ;
#6802 = CARTESIAN_POINT ( 'NONE',  ( -2.192393151670311457, 0.01300689682525807585, 0.4749999999999997558 ) ) ;
#6803 = ADVANCED_FACE ( 'NONE', ( #6483 ), #3786, .T. ) ;
#6804 = MANIFOLD_SOLID_BREP ( 'LPattern1[8]', #811 ) ;
#6805 = AXIS2_PLACEMENT_3D ( 'NONE', #2512, #3203, #5407 ) ;
#6806 = ORIENTED_EDGE ( 'NONE', *, *, #4843, .F. ) ;
#6807 = EDGE_CURVE ( 'NONE', #6350, #1242, #6991, .T. ) ;
#6808 = ORIENTED_EDGE ( 'NONE', *, *, #340, .F. ) ;
#6809 = FACE_OUTER_BOUND ( 'NONE', #1671, .T. ) ;
#6810 = AXIS2_PLACEMENT_3D ( 'NONE', #646, #57, #5569 ) ;
#6811 = DIRECTION ( 'NONE',  ( -0.000000000000000000, -0.1045284632676496545, -0.9945218953682738450 ) ) ;
#6812 = CARTESIAN_POINT ( 'NONE',  ( -2.201813623794039998, 0.1927602130810681935, 1.774999999999999689 ) ) ;
#6813 = VERTEX_POINT ( 'NONE', #3642 ) ;
#6814 = ADVANCED_FACE ( 'NONE', ( #5452 ), #3716, .F. ) ;
#6815 = DIRECTION ( 'NONE',  ( 0.05233595624293731902, -0.9986295347545742773, 0.000000000000000000 ) ) ;
#6816 = CARTESIAN_POINT ( 'NONE',  ( 0.7054999999999993499, 0.2999999999999999889, 1.422499999999999876 ) ) ;
#6817 = DIRECTION ( 'NONE',  ( 1.000000000000000000, 0.000000000000000000, 0.000000000000000000 ) ) ;
#6818 = VERTEX_POINT ( 'NONE', #1973 ) ;
#6819 = LINE ( 'NONE', #183, #4528 ) ;
#6820 = ORIENTED_EDGE ( 'NONE', *, *, #1781, .F. ) ;
#6821 = ADVANCED_FACE ( 'NONE', ( #365 ), #5865, .T. ) ;
#6822 = DIRECTION ( 'NONE',  ( 0.000000000000000000, 0.000000000000000000, 1.000000000000000000 ) ) ;
#6823 = ORIENTED_EDGE ( 'NONE', *, *, #3922, .T. ) ;
#6824 = DIRECTION ( 'NONE',  ( 0.000000000000000000, 0.000000000000000000, 1.000000000000000000 ) ) ;
#6825 = CARTESIAN_POINT ( 'NONE',  ( 1.776161133969892392, 0.7161999999999913991, -0.4750000000000001443 ) ) ;
#6826 = ORIENTED_EDGE ( 'NONE', *, *, #208, .F. ) ;
#6827 = DIRECTION ( 'NONE',  ( -0.05233595624293731902, -0.9986295347545742773, 0.000000000000000000 ) ) ;
#6828 = FACE_OUTER_BOUND ( 'NONE', #3961, .T. ) ;
#6829 = AXIS2_PLACEMENT_3D ( 'NONE', #2799, #5001, #44 ) ;
#6830 = CIRCLE ( 'NONE', #579, 0.2921194534934675735 ) ;
#6831 = EDGE_LOOP ( 'NONE', ( #1020, #3224, #655, #2317 ) ) ;
#6832 = ORIENTED_EDGE ( 'NONE', *, *, #4203, .F. ) ;
#6833 = DIRECTION ( 'NONE',  ( -0.000000000000000000, 1.000000000000000000, -0.000000000000000000 ) ) ;
#6834 = AXIS2_PLACEMENT_3D ( 'NONE', #4049, #6292, #5849 ) ;
#6835 = CARTESIAN_POINT ( 'NONE',  ( 0.8255000000000001226, 0.2999999999999999889, 1.302500000000000657 ) ) ;
#6836 = FACE_OUTER_BOUND ( 'NONE', #6212, .T. ) ;
#6837 = CARTESIAN_POINT ( 'NONE',  ( 2.192393151670311457, 0.01300689682525807585, -0.8250000000000001776 ) ) ;
#6838 = PLANE ( 'NONE',  #3625 ) ;
#6839 = AXIS2_PLACEMENT_3D ( 'NONE', #6549, #4207, #316 ) ;
#6840 = EDGE_LOOP ( 'NONE', ( #1464, #214, #912, #5729 ) ) ;
#6841 = VECTOR ( 'NONE', #1741, 1000.000000000000000 ) ;
#6842 = ORIENTED_EDGE ( 'NONE', *, *, #6547, .F. ) ;
#6843 = PLANE ( 'NONE',  #1799 ) ;
#6844 = PLANE ( 'NONE',  #5593 ) ;
#6845 = CARTESIAN_POINT ( 'NONE',  ( 2.192393151670311457, 0.01300689682525807585, -0.1750000000000002387 ) ) ;
#6846 = LINE ( 'NONE', #2925, #1506 ) ;
#6847 = AXIS2_PLACEMENT_3D ( 'NONE', #2697, #7167, #2661 ) ;
#6848 = VERTEX_POINT ( 'NONE', #5344 ) ;
#6849 = EDGE_CURVE ( 'NONE', #848, #827, #3797, .T. ) ;
#6850 = VERTEX_POINT ( 'NONE', #7058 ) ;
#6851 = DIRECTION ( 'NONE',  ( -1.000000000000000000, 0.000000000000000000, 0.000000000000000000 ) ) ;
#6852 = ADVANCED_FACE ( 'NONE', ( #5384 ), #426, .F. ) ;
#6853 = LINE ( 'NONE', #1865, #5655 ) ;
#6854 = DIRECTION ( 'NONE',  ( -1.000000000000000000, 0.000000000000000000, 0.000000000000000000 ) ) ;
#6855 = AXIS2_PLACEMENT_3D ( 'NONE', #6922, #323, #4137 ) ;
#6856 = DIRECTION ( 'NONE',  ( -0.000000000000000000, 0.000000000000000000, -1.000000000000000000 ) ) ;
#6857 = CARTESIAN_POINT ( 'NONE',  ( -1.438270008555864399, 1.303521636355566837, 1.957770008555857144 ) ) ;
#6858 = EDGE_LOOP ( 'NONE', ( #5004, #5555, #6432, #4334 ) ) ;
#6859 = EDGE_CURVE ( 'NONE', #3249, #3202, #5896, .T. ) ;
#6860 = VECTOR ( 'NONE', #3811, 1000.000000000000000 ) ;
#6861 = EDGE_CURVE ( 'NONE', #1633, #6582, #5530, .T. ) ;
#6862 = ORIENTED_EDGE ( 'NONE', *, *, #3165, .F. ) ;
#6863 = CARTESIAN_POINT ( 'NONE',  ( -2.207681502606056778, 0.3047260107602003942, -0.8250000000000001776 ) ) ;
#6864 = VECTOR ( 'NONE', #3958, 1000.000000000000000 ) ;
#6865 = ORIENTED_EDGE ( 'NONE', *, *, #25, .T. ) ;
#6866 = FACE_OUTER_BOUND ( 'NONE', #3909, .T. ) ;
#6867 = EDGE_LOOP ( 'NONE', ( #2822, #5782, #5085, #1414 ) ) ;
#6868 = ORIENTED_EDGE ( 'NONE', *, *, #5566, .T. ) ;
#6869 = CARTESIAN_POINT ( 'NONE',  ( 1.776161133969892392, 0.7161999999999913991, 1.124999999999999778 ) ) ;
#6870 = VECTOR ( 'NONE', #3972, 1000.000000000000000 ) ;
#6871 = DIRECTION ( 'NONE',  ( -0.000000000000000000, -0.000000000000000000, -1.000000000000000000 ) ) ;
#6872 = DIRECTION ( 'NONE',  ( -1.000000000000000000, 0.000000000000000000, 0.000000000000000000 ) ) ;
#6873 = LINE ( 'NONE', #6941, #1771 ) ;
#6874 = SURFACE_STYLE_USAGE ( .BOTH. , #4093 ) ;
#6875 = ORIENTED_EDGE ( 'NONE', *, *, #6575, .F. ) ;
#6876 = AXIS2_PLACEMENT_3D ( 'NONE', #2299, #4501, #2895 ) ;
#6877 = DIRECTION ( 'NONE',  ( -0.000000000000000000, -0.000000000000000000, -1.000000000000000000 ) ) ;
#6878 = DIRECTION ( 'NONE',  ( 0.000000000000000000, 0.000000000000000000, 1.000000000000000000 ) ) ;
#6879 = AXIS2_PLACEMENT_3D ( 'NONE', #4372, #3377, #2345 ) ;
#6880 = CARTESIAN_POINT ( 'NONE',  ( -2.097265395542184940, 0.2852566719800450623, -1.125000000000000222 ) ) ;
#6881 = CARTESIAN_POINT ( 'NONE',  ( 2.207681502606056778, 0.3047260107602003942, 1.474999999999999645 ) ) ;
#6882 = ORIENTED_EDGE ( 'NONE', *, *, #330, .F. ) ;
#6883 = VECTOR ( 'NONE', #1454, 1000.000000000000227 ) ;
#6884 = EDGE_CURVE ( 'NONE', #5990, #3365, #5657, .T. ) ;
#6885 = CARTESIAN_POINT ( 'NONE',  ( 1.920000000000000373, 0.2540000000000001146, 1.124999999999999778 ) ) ;
#6886 = LINE ( 'NONE', #724, #1821 ) ;
#6887 = CARTESIAN_POINT ( 'NONE',  ( -0.9454999999999998961, 0.2999999999999999889, -1.772500000000000409 ) ) ;
#6888 = LINE ( 'NONE', #4621, #4191 ) ;
#6889 = CARTESIAN_POINT ( 'NONE',  ( 2.450000000000000178, 0.1797533162558100084, -0.8250000000000001776 ) ) ;
#6890 = EDGE_LOOP ( 'NONE', ( #429, #4328, #2891, #1798 ) ) ;
#6891 = EDGE_CURVE ( 'NONE', #6450, #5500, #16, .T. ) ;
#6892 = LINE ( 'NONE', #3411, #3975 ) ;
#6893 = EDGE_CURVE ( 'NONE', #1475, #5334, #4901, .T. ) ;
#6894 = ORIENTED_EDGE ( 'NONE', *, *, #1742, .F. ) ;
#6895 = CARTESIAN_POINT ( 'NONE',  ( 0.9454999999999991189, 0.1523999999999999799, 1.772500000000000631 ) ) ;
#6896 = CARTESIAN_POINT ( 'NONE',  ( 1.920000000000000373, 0.2540000000000001146, 1.774999999999999689 ) ) ;
#6897 = VERTEX_POINT ( 'NONE', #6053 ) ;
#6898 = UNCERTAINTY_MEASURE_WITH_UNIT (LENGTH_MEASURE( 1.000000000000000082E-05 ), #2267, 'distance_accuracy_value', 'NONE');
#6899 = ADVANCED_FACE ( 'NONE', ( #5642 ), #2779, .T. ) ;
#6900 = EDGE_CURVE ( 'NONE', #3471, #7040, #572, .T. ) ;
#6901 = VERTEX_POINT ( 'NONE', #6594 ) ;
#6902 = EDGE_CURVE ( 'NONE', #6757, #5350, #1189, .T. ) ;
#6903 = ORIENTED_EDGE ( 'NONE', *, *, #1524, .F. ) ;
#6904 = DIRECTION ( 'NONE',  ( -0.05233595624293731902, -0.9986295347545742773, 0.000000000000000000 ) ) ;
#6905 = CARTESIAN_POINT ( 'NONE',  ( -1.500000000000001110, 0.5362000000000048949, -1.775000000000000133 ) ) ;
#6906 = CARTESIAN_POINT ( 'NONE',  ( 0.9454999999999998961, 0.1523999999999999799, -1.772500000000000187 ) ) ;
#6907 = PLANE ( 'NONE',  #5485 ) ;
#6908 = EDGE_CURVE ( 'NONE', #3885, #6649, #3966, .T. ) ;
#6909 = ORIENTED_EDGE ( 'NONE', *, *, #5746, .F. ) ;
#6910 = EDGE_LOOP ( 'NONE', ( #1094, #1025, #5656, #6480 ) ) ;
#6911 = DIRECTION ( 'NONE',  ( -0.000000000000000000, -0.000000000000000000, -1.000000000000000000 ) ) ;
#6912 = DIRECTION ( 'NONE',  ( -0.000000000000000000, -0.000000000000000000, -1.000000000000000000 ) ) ;
#6913 = CARTESIAN_POINT ( 'NONE',  ( -2.097265395542184940, 0.2852566719800452288, 1.774999999999999689 ) ) ;
#6914 = PLANE ( 'NONE',  #1184 ) ;
#6915 = CIRCLE ( 'NONE', #2032, 0.1121194534934809861 ) ;
#6916 = ORIENTED_EDGE ( 'NONE', *, *, #6948, .T. ) ;
#6917 = LINE ( 'NONE', #1535, #3694 ) ;
#6918 = VECTOR ( 'NONE', #7165, 1000.000000000000000 ) ;
#6919 = EDGE_LOOP ( 'NONE', ( #6039, #735, #684, #1417 ) ) ;
#6920 = CARTESIAN_POINT ( 'NONE',  ( 2.063842636575948575, 0.4748065572667239942, 1.774999999999999689 ) ) ;
#6921 = CARTESIAN_POINT ( 'NONE',  ( 0.8255000000000001226, 0.2999999999999999889, 1.302500000000000657 ) ) ;
#6922 = CARTESIAN_POINT ( 'NONE',  ( 1.776161133969892392, 0.4240805465065236035, 1.774999999999999689 ) ) ;
#6923 = DIRECTION ( 'NONE',  ( -0.000000000000000000, -0.000000000000000000, -1.000000000000000000 ) ) ;
#6924 = DIRECTION ( 'NONE',  ( -1.000000000000000000, -3.925976682163069868E-16, -0.000000000000000000 ) ) ;
#6925 = LINE ( 'NONE', #2455, #3131 ) ;
#6926 = ORIENTED_EDGE ( 'NONE', *, *, #1211, .T. ) ;
#6927 = CARTESIAN_POINT ( 'NONE',  ( -1.776161133969892392, 0.7161999999999915101, 0.4749999999999997558 ) ) ;
#6928 = ORIENTED_EDGE ( 'NONE', *, *, #1646, .T. ) ;
#6929 = DIRECTION ( 'NONE',  ( 1.000000000000000000, 0.000000000000000000, -0.000000000000000000 ) ) ;
#6930 = DIRECTION ( 'NONE',  ( -0.000000000000000000, 0.000000000000000000, -1.000000000000000000 ) ) ;
#6931 = ORIENTED_EDGE ( 'NONE', *, *, #1756, .T. ) ;
#6932 = DIRECTION ( 'NONE',  ( 0.000000000000000000, 0.000000000000000000, 1.000000000000000000 ) ) ;
#6933 = EDGE_CURVE ( 'NONE', #2602, #3162, #1226, .T. ) ;
#6934 = VERTEX_POINT ( 'NONE', #1753 ) ;
#6935 = AXIS2_PLACEMENT_3D ( 'NONE', #2010, #897, #6448 ) ;
#6936 = CARTESIAN_POINT ( 'NONE',  ( 0.000000000000000000, 0.2999999999999999889, -1.302500000000000213 ) ) ;
#6937 = CARTESIAN_POINT ( 'NONE',  ( 2.450000000000000178, 0.1797533162558100084, -0.8250000000000001776 ) ) ;
#6938 = ORIENTED_EDGE ( 'NONE', *, *, #5379, .F. ) ;
#6939 = CIRCLE ( 'NONE', #4600, 0.2921194534934677955 ) ;
#6940 = DIRECTION ( 'NONE',  ( -1.000000000000000000, -3.925976682163069868E-16, -0.000000000000000000 ) ) ;
#6941 = CARTESIAN_POINT ( 'NONE',  ( 0.000000000000000000, 0.1523999999999999799, -1.302500000000000213 ) ) ;
#6942 = EDGE_CURVE ( 'NONE', #4252, #990, #6197, .T. ) ;
#6943 = ORIENTED_EDGE ( 'NONE', *, *, #6546, .F. ) ;
#6944 = VECTOR ( 'NONE', #626, 1000.000000000000000 ) ;
#6945 = AXIS2_PLACEMENT_3D ( 'NONE', #1663, #349, #4753 ) ;
#6946 = FACE_OUTER_BOUND ( 'NONE', #3267, .T. ) ;
#6947 = CARTESIAN_POINT ( 'NONE',  ( -0.7055000000000000160, 0.2999999999999999889, -1.772500000000000409 ) ) ;
#6948 = EDGE_CURVE ( 'NONE', #5247, #6434, #3425, .T. ) ;
#6949 = VECTOR ( 'NONE', #6310, 1000.000000000000114 ) ;
#6950 = CARTESIAN_POINT ( 'NONE',  ( -2.207681502606056778, 0.3047260107602003942, -1.775000000000000133 ) ) ;
#6951 = VERTEX_POINT ( 'NONE', #4428 ) ;
#6952 = FACE_OUTER_BOUND ( 'NONE', #177, .T. ) ;
#6953 = CLOSED_SHELL ( 'NONE', ( #6683, #7036, #3435, #786, #4978, #3769, #3814, #24, #6098, #1316, #2052, #1237, #838, #3381 ) ) ;
#6954 = ORIENTED_EDGE ( 'NONE', *, *, #6293, .F. ) ;
#6955 = ORIENTED_EDGE ( 'NONE', *, *, #4401, .T. ) ;
#6956 = LINE ( 'NONE', #3640, #4883 ) ;
#6957 = DIRECTION ( 'NONE',  ( 0.000000000000000000, 0.000000000000000000, 1.000000000000000000 ) ) ;
#6958 = AXIS2_PLACEMENT_3D ( 'NONE', #6449, #6484, #5866 ) ;
#6959 = EDGE_LOOP ( 'NONE', ( #1262, #4075, #3534, #6614 ) ) ;
#6960 = CARTESIAN_POINT ( 'NONE',  ( 2.207681502606056778, 0.3047260107602003942, -0.8250000000000001776 ) ) ;
#6961 = DIRECTION ( 'NONE',  ( -2.306813132947882026E-16, 0.000000000000000000, 1.000000000000000000 ) ) ;
#6962 = ORIENTED_EDGE ( 'NONE', *, *, #4694, .T. ) ;
#6963 = UNCERTAINTY_MEASURE_WITH_UNIT (LENGTH_MEASURE( 1.000000000000000082E-05 ), #4616, 'distance_accuracy_value', 'NONE');
#6964 = VECTOR ( 'NONE', #5801, 1000.000000000000000 ) ;
#6965 = FACE_OUTER_BOUND ( 'NONE', #4576, .T. ) ;
#6966 = DIRECTION ( 'NONE',  ( 0.000000000000000000, 0.000000000000000000, 1.000000000000000000 ) ) ;
#6967 = CYLINDRICAL_SURFACE ( 'NONE', #1765, 0.2921194534934675735 ) ;
#6968 = DIRECTION ( 'NONE',  ( 0.1736481776669313581, -0.9848077530122079093, 0.000000000000000000 ) ) ;
#6969 = ORIENTED_EDGE ( 'NONE', *, *, #4389, .T. ) ;
#6970 = AXIS2_PLACEMENT_3D ( 'NONE', #6271, #5725, #2294 ) ;
#6971 =( GEOMETRIC_REPRESENTATION_CONTEXT ( 3 ) GLOBAL_UNCERTAINTY_ASSIGNED_CONTEXT ( ( #5217 ) ) GLOBAL_UNIT_ASSIGNED_CONTEXT ( ( #656, #1759, #2787 ) ) REPRESENTATION_CONTEXT ( 'NONE', 'WORKASPACE' ) );
#6972 = ORIENTED_EDGE ( 'NONE', *, *, #2622, .T. ) ;
#6973 = CIRCLE ( 'NONE', #5703, 0.1121194534934809861 ) ;
#6974 = CARTESIAN_POINT ( 'NONE',  ( -2.450000000000000178, 0.1797533162558100084, 1.774999999999999689 ) ) ;
#6975 = ADVANCED_FACE ( 'NONE', ( #6672 ), #1680, .T. ) ;
#6976 = CARTESIAN_POINT ( 'NONE',  ( 2.440579527876272081, -9.062316430720066274E-18, -0.1750000000000002387 ) ) ;
#6977 = VERTEX_POINT ( 'NONE', #5495 ) ;
#6978 = CARTESIAN_POINT ( 'NONE',  ( -0.7055000000000000160, 0.2999999999999999889, -1.422500000000000320 ) ) ;
#6979 = DIRECTION ( 'NONE',  ( 1.000000000000000000, 0.000000000000000000, 0.000000000000000000 ) ) ;
#6980 = EDGE_CURVE ( 'NONE', #3310, #81, #2258, .T. ) ;
#6981 = VECTOR ( 'NONE', #4613, 1000.000000000000000 ) ;
#6982 = DIRECTION ( 'NONE',  ( -0.1736481776669313581, 0.9848077530122079093, 0.000000000000000000 ) ) ;
#6983 = FACE_OUTER_BOUND ( 'NONE', #4716, .T. ) ;
#6984 = EDGE_CURVE ( 'NONE', #1712, #3289, #7134, .T. ) ;
#6985 = CARTESIAN_POINT ( 'NONE',  ( -0.9455000000000007843, 0.1523999999999999799, 1.772499999999999964 ) ) ;
#6986 = LINE ( 'NONE', #2002, #2061 ) ;
#6987 = ADVANCED_FACE ( 'NONE', ( #611 ), #1715, .F. ) ;
#6988 = EDGE_CURVE ( 'NONE', #3009, #5848, #6163, .T. ) ;
#6989 = EDGE_LOOP ( 'NONE', ( #4948, #2754, #6748, #5913 ) ) ;
#6990 = EDGE_CURVE ( 'NONE', #401, #3815, #2852, .T. ) ;
#6991 = LINE ( 'NONE', #938, #4254 ) ;
#6992 = DIRECTION ( 'NONE',  ( 0.9986295347545742773, -0.05233595624293691656, 0.000000000000000000 ) ) ;
#6993 = VERTEX_POINT ( 'NONE', #5231 ) ;
#6994 = CARTESIAN_POINT ( 'NONE',  ( 2.450000000000000178, 0.1797533162558100084, 0.4749999999999997558 ) ) ;
#6995 = CARTESIAN_POINT ( 'NONE',  ( 2.450000000000000178, 0.1797533162558100084, 1.774999999999999689 ) ) ;
#6996 = AXIS2_PLACEMENT_3D ( 'NONE', #5547, #5626, #6211 ) ;
#6997 = AXIS2_PLACEMENT_3D ( 'NONE', #1368, #4974, #5489 ) ;
#6998 = CYLINDRICAL_SURFACE ( 'NONE', #847, 0.2921194534934675735 ) ;
#6999 = ORIENTED_EDGE ( 'NONE', *, *, #338, .T. ) ;
#7000 = CARTESIAN_POINT ( 'NONE',  ( -2.450000000000000178, 0.1797533162558100084, -1.775000000000000133 ) ) ;
#7001 = CARTESIAN_POINT ( 'NONE',  ( 0.000000000000000000, 0.1523999999999999799, 1.422499999999999876 ) ) ;
#7002 = CARTESIAN_POINT ( 'NONE',  ( 2.192393151670311457, 0.01300689682525807585, 0.1749999999999998224 ) ) ;
#7003 = ORIENTED_EDGE ( 'NONE', *, *, #4765, .F. ) ;
#7004 = ORIENTED_EDGE ( 'NONE', *, *, #1555, .F. ) ;
#7005 = COLOUR_RGB ( '',0.7921568627450980005, 0.8196078431372548767, 0.9333333333333333481 ) ;
#7006 = CARTESIAN_POINT ( 'NONE',  ( -0.7055000000000007931, 0.1523999999999999799, 1.772499999999999964 ) ) ;
#7007 = DIRECTION ( 'NONE',  ( -0.9986295347545742773, 0.05233595624293797821, 0.000000000000000000 ) ) ;
#7008 = VERTEX_POINT ( 'NONE', #1891 ) ;
#7009 = ORIENTED_EDGE ( 'NONE', *, *, #5501, .F. ) ;
#7010 = CARTESIAN_POINT ( 'NONE',  ( 1.500000000000001110, 0.7161999999999915101, 0.8249999999999997335 ) ) ;
#7011 = CARTESIAN_POINT ( 'NONE',  ( 1.500000000000001110, 0.5362000000000048949, 1.774999999999999689 ) ) ;
#7012 = ADVANCED_FACE ( 'NONE', ( #6270 ), #204, .F. ) ;
#7013 = VERTEX_POINT ( 'NONE', #6880 ) ;
#7014 = ORIENTED_EDGE ( 'NONE', *, *, #2510, .F. ) ;
#7015 = PLANE ( 'NONE',  #5636 ) ;
#7016 = CARTESIAN_POINT ( 'NONE',  ( 1.500000000000001110, 0.7161999999999915101, 1.124999999999999778 ) ) ;
#7017 = DIRECTION ( 'NONE',  ( -0.000000000000000000, -0.000000000000000000, -1.000000000000000000 ) ) ;
#7018 = CARTESIAN_POINT ( 'NONE',  ( 1.499999999999998890, -5.031254416147130648, -2.019500000000007400 ) ) ;
#7019 = EDGE_CURVE ( 'NONE', #3782, #4495, #6343, .T. ) ;
#7020 = CARTESIAN_POINT ( 'NONE',  ( 1.500000000000001110, 0.7161999999999915101, 0.1749999999999998224 ) ) ;
#7021 = EDGE_CURVE ( 'NONE', #4706, #3394, #3496, .T. ) ;
#7022 = ORIENTED_EDGE ( 'NONE', *, *, #5053, .F. ) ;
#7023 = CARTESIAN_POINT ( 'NONE',  ( 2.192393151670311457, 0.01300689682525807585, -0.1750000000000002387 ) ) ;
#7024 =( LENGTH_UNIT ( ) NAMED_UNIT ( * ) SI_UNIT ( .MILLI., .METRE. ) );
#7025 = CARTESIAN_POINT ( 'NONE',  ( -2.063842636575949019, 0.4748065572667242162, 0.8249999999999997335 ) ) ;
#7026 = EDGE_CURVE ( 'NONE', #2937, #5109, #2924, .T. ) ;
#7027 = EDGE_LOOP ( 'NONE', ( #3086, #1514, #2872, #6931 ) ) ;
#7028 = DIRECTION ( 'NONE',  ( -1.000000000000000000, 0.000000000000000000, 0.000000000000000000 ) ) ;
#7029 = CARTESIAN_POINT ( 'NONE',  ( -0.8254999999999999005, 0.1523999999999999799, -1.302500000000000213 ) ) ;
#7030 = EDGE_LOOP ( 'NONE', ( #4652, #137, #2144, #2313 ) ) ;
#7031 = EDGE_CURVE ( 'NONE', #5839, #6313, #1610, .T. ) ;
#7032 = AXIS2_PLACEMENT_3D ( 'NONE', #1248, #5283, #2915 ) ;
#7033 = FACE_OUTER_BOUND ( 'NONE', #708, .T. ) ;
#7034 = VERTEX_POINT ( 'NONE', #1253 ) ;
#7035 = CARTESIAN_POINT ( 'NONE',  ( 1.886577241033764230, 0.4435498852866788799, 0.8249999999999997335 ) ) ;
#7036 = ADVANCED_FACE ( 'NONE', ( #1395 ), #3563, .F. ) ;
#7037 = EDGE_CURVE ( 'NONE', #545, #3761, #1857, .T. ) ;
#7038 = CARTESIAN_POINT ( 'NONE',  ( 1.776161133969892392, 0.7161999999999913991, -1.475000000000000089 ) ) ;
#7039 = DIRECTION ( 'NONE',  ( 0.000000000000000000, 0.000000000000000000, 1.000000000000000000 ) ) ;
#7040 = VERTEX_POINT ( 'NONE', #4027 ) ;
#7041 = EDGE_LOOP ( 'NONE', ( #3698, #2178, #3360, #4986 ) ) ;
#7042 = CARTESIAN_POINT ( 'NONE',  ( 2.201813623794039998, 0.1927602130810683878, 0.8249999999999997335 ) ) ;
#7043 = ORIENTED_EDGE ( 'NONE', *, *, #6445, .T. ) ;
#7044 = FACE_OUTER_BOUND ( 'NONE', #3164, .T. ) ;
#7045 = ORIENTED_EDGE ( 'NONE', *, *, #3399, .F. ) ;
#7046 = FACE_OUTER_BOUND ( 'NONE', #5872, .T. ) ;
#7047 = LINE ( 'NONE', #4857, #3614 ) ;
#7048 = VECTOR ( 'NONE', #1284, 1000.000000000000000 ) ;
#7049 = LINE ( 'NONE', #4969, #6180 ) ;
#7050 = LINE ( 'NONE', #3206, #3484 ) ;
#7051 = VECTOR ( 'NONE', #865, 1000.000000000000000 ) ;
#7052 = DIRECTION ( 'NONE',  ( -0.000000000000000000, 0.000000000000000000, 1.000000000000000000 ) ) ;
#7053 = DIRECTION ( 'NONE',  ( 2.306813132947881040E-16, 0.000000000000000000, -1.000000000000000000 ) ) ;
#7054 = CARTESIAN_POINT ( 'NONE',  ( 1.920000000000000373, 0.2540000000000001146, -1.775000000000000133 ) ) ;
#7055 = MECHANICAL_DESIGN_GEOMETRIC_PRESENTATION_REPRESENTATION (  '', ( #2060 ), #5780 ) ;
#7056 = AXIS2_PLACEMENT_3D ( 'NONE', #2480, #3635, #1928 ) ;
#7057 = ORIENTED_EDGE ( 'NONE', *, *, #5846, .F. ) ;
#7058 = CARTESIAN_POINT ( 'NONE',  ( 1.776161133969892392, 0.5362000000000048949, 1.474999999999999645 ) ) ;
#7059 = DIRECTION ( 'NONE',  ( -0.000000000000000000, -0.000000000000000000, -1.000000000000000000 ) ) ;
#7060 = ADVANCED_FACE ( 'NONE', ( #173 ), #4062, .F. ) ;
#7061 = MECHANICAL_DESIGN_GEOMETRIC_PRESENTATION_REPRESENTATION (  '', ( #1158 ), #4266 ) ;
#7062 = ORIENTED_EDGE ( 'NONE', *, *, #616, .T. ) ;
#7063 = CARTESIAN_POINT ( 'NONE',  ( -0.9455000000000007843, 0.2999999999999999889, 1.772499999999999964 ) ) ;
#7064 = CLOSED_SHELL ( 'NONE', ( #3328, #2632, #557, #3217 ) ) ;
#7065 = LINE ( 'NONE', #497, #6162 ) ;
#7066 = ORIENTED_EDGE ( 'NONE', *, *, #1874, .T. ) ;
#7067 = CIRCLE ( 'NONE', #5675, 0.2921194534934677955 ) ;
#7068 = ADVANCED_FACE ( 'NONE', ( #5197 ), #6375, .T. ) ;
#7069 = CIRCLE ( 'NONE', #3586, 0.2921194534934677955 ) ;
#7070 = FACE_OUTER_BOUND ( 'NONE', #2255, .T. ) ;
#7071 = ORIENTED_EDGE ( 'NONE', *, *, #3903, .F. ) ;
#7072 = CARTESIAN_POINT ( 'NONE',  ( 0.8255000000000001226, 0.1523999999999999799, -1.302500000000000213 ) ) ;
#7073 = LINE ( 'NONE', #2085, #3486 ) ;
#7074 = EDGE_CURVE ( 'NONE', #5506, #1872, #1290, .T. ) ;
#7075 = CARTESIAN_POINT ( 'NONE',  ( -1.500000000000001110, 0.5362000000000048949, -1.475000000000000089 ) ) ;
#7076 = CARTESIAN_POINT ( 'NONE',  ( 1.776161133969892392, 0.5362000000000048949, -1.125000000000000222 ) ) ;
#7077 = ORIENTED_EDGE ( 'NONE', *, *, #780, .T. ) ;
#7078 = AXIS2_PLACEMENT_3D ( 'NONE', #4394, #459, #6054 ) ;
#7079 = EDGE_CURVE ( 'NONE', #4855, #5880, #4681, .T. ) ;
#7080 = ORIENTED_EDGE ( 'NONE', *, *, #5113, .F. ) ;
#7081 = CARTESIAN_POINT ( 'NONE',  ( -1.500000000000001110, -5.031254416147130648, 2.019499999999993634 ) ) ;
#7082 = EDGE_CURVE ( 'NONE', #2866, #473, #4098, .T. ) ;
#7083 = DIRECTION ( 'NONE',  ( 0.000000000000000000, 0.000000000000000000, 1.000000000000000000 ) ) ;
#7084 = VERTEX_POINT ( 'NONE', #2441 ) ;
#7085 = VECTOR ( 'NONE', #4907, 1000.000000000000114 ) ;
#7086 = FILL_AREA_STYLE_COLOUR ( '', #1141 ) ;
#7087 = EDGE_LOOP ( 'NONE', ( #4499, #1649 ) ) ;
#7088 = ORIENTED_EDGE ( 'NONE', *, *, #3352, .F. ) ;
#7089 = DIRECTION ( 'NONE',  ( 1.000000000000000000, 0.000000000000000000, 0.000000000000000000 ) ) ;
#7090 = CARTESIAN_POINT ( 'NONE',  ( -1.500000000000001110, 0.7161999999999915101, -1.475000000000000089 ) ) ;
#7091 = PLANE ( 'NONE',  #6399 ) ;
#7092 = CARTESIAN_POINT ( 'NONE',  ( -2.207681502606056778, 0.3047260107602003942, -0.8250000000000001776 ) ) ;
#7093 = ORIENTED_EDGE ( 'NONE', *, *, #3176, .T. ) ;
#7094 = PLANE ( 'NONE',  #4186 ) ;
#7095 = DIRECTION ( 'NONE',  ( -0.1736481776669336896, 0.9848077530122073542, 0.000000000000000000 ) ) ;
#7096 = FACE_OUTER_BOUND ( 'NONE', #460, .T. ) ;
#7097 = ORIENTED_EDGE ( 'NONE', *, *, #1737, .F. ) ;
#7098 = FACE_OUTER_BOUND ( 'NONE', #1452, .T. ) ;
#7099 = CIRCLE ( 'NONE', #1528, 0.2921194534934677955 ) ;
#7100 = CARTESIAN_POINT ( 'NONE',  ( -2.063842636575949019, 0.4748065572667242162, 1.774999999999999689 ) ) ;
#7101 = ORIENTED_EDGE ( 'NONE', *, *, #6778, .F. ) ;
#7102 = EDGE_CURVE ( 'NONE', #6437, #5603, #2889, .T. ) ;
#7103 = CARTESIAN_POINT ( 'NONE',  ( 2.450000000000000178, 0.1797533162558100084, 1.124999999999999778 ) ) ;
#7104 = CARTESIAN_POINT ( 'NONE',  ( -1.500000000000001110, -5.031254416147130648, -2.019500000000007400 ) ) ;
#7105 = CARTESIAN_POINT ( 'NONE',  ( -2.450000000000000178, 0.1797533162558100084, 0.1749999999999998224 ) ) ;
#7106 = EDGE_LOOP ( 'NONE', ( #3415, #4709 ) ) ;
#7107 = DIRECTION ( 'NONE',  ( -0.000000000000000000, -0.000000000000000000, -1.000000000000000000 ) ) ;
#7108 = DIRECTION ( 'NONE',  ( -1.000000000000000000, 0.000000000000000000, 0.000000000000000000 ) ) ;
#7109 = VERTEX_POINT ( 'NONE', #2960 ) ;
#7110 = EDGE_CURVE ( 'NONE', #3058, #3046, #2399, .T. ) ;
#7111 = VECTOR ( 'NONE', #128, 1000.000000000000000 ) ;
#7112 = ADVANCED_FACE ( 'NONE', ( #2329 ), #1332, .T. ) ;
#7113 = ORIENTED_EDGE ( 'NONE', *, *, #3922, .F. ) ;
#7114 = ORIENTED_EDGE ( 'NONE', *, *, #3254, .F. ) ;
#7115 = DIRECTION ( 'NONE',  ( 0.000000000000000000, 0.000000000000000000, -1.000000000000000000 ) ) ;
#7116 = CARTESIAN_POINT ( 'NONE',  ( -1.500000000000001110, -5.031254416147130648, 2.019499999999993634 ) ) ;
#7117 = VERTEX_POINT ( 'NONE', #450 ) ;
#7118 = EDGE_CURVE ( 'NONE', #6522, #1161, #933, .T. ) ;
#7119 = DIRECTION ( 'NONE',  ( 0.000000000000000000, 0.000000000000000000, 1.000000000000000000 ) ) ;
#7120 = DIRECTION ( 'NONE',  ( 1.000000000000000000, 0.000000000000000000, 0.000000000000000000 ) ) ;
#7121 = EDGE_CURVE ( 'NONE', #7040, #5297, #7067, .T. ) ;
#7122 = ORIENTED_EDGE ( 'NONE', *, *, #566, .T. ) ;
#7123 = ORIENTED_EDGE ( 'NONE', *, *, #2941, .T. ) ;
#7124 = CARTESIAN_POINT ( 'NONE',  ( 1.920000000000000373, 0.2540000000000001146, 1.124999999999999778 ) ) ;
#7125 = DIRECTION ( 'NONE',  ( -2.306813132947882026E-16, 0.000000000000000000, -1.000000000000000000 ) ) ;
#7126 = DIRECTION ( 'NONE',  ( -0.9986295347545742773, 0.05233595624293731902, 0.000000000000000000 ) ) ;
#7127 = LINE ( 'NONE', #2069, #2326 ) ;
#7128 = ADVANCED_FACE ( 'NONE', ( #6411 ), #4171, .F. ) ;
#7129 = DIRECTION ( 'NONE',  ( 1.000000000000000000, 0.000000000000000000, 0.000000000000000000 ) ) ;
#7130 = ORIENTED_EDGE ( 'NONE', *, *, #6893, .T. ) ;
#7131 = ORIENTED_EDGE ( 'NONE', *, *, #5523, .F. ) ;
#7132 = CARTESIAN_POINT ( 'NONE',  ( -2.192393151670311457, 0.01300689682525807585, -0.1750000000000002387 ) ) ;
#7133 = PLANE ( 'NONE',  #1990 ) ;
#7134 = LINE ( 'NONE', #5571, #4032 ) ;
#7135 = FACE_OUTER_BOUND ( 'NONE', #2955, .T. ) ;
#7136 = EDGE_LOOP ( 'NONE', ( #5591, #3438, #2332, #106, #1257, #7150, #169, #3298, #2571, #381, #498, #5431 ) ) ;
#7137 = CYLINDRICAL_SURFACE ( 'NONE', #4369, 0.2921194534934677955 ) ;
#7138 = CARTESIAN_POINT ( 'NONE',  ( -1.500000000000001110, 0.7161999999999871802, -2.019500000000007400 ) ) ;
#7139 = ORIENTED_EDGE ( 'NONE', *, *, #3963, .T. ) ;
#7140 = CARTESIAN_POINT ( 'NONE',  ( -1.500000000000001110, 0.5362000000000118893, -2.019500000000007400 ) ) ;
#7141 = ORIENTED_EDGE ( 'NONE', *, *, #2501, .F. ) ;
#7142 = DIRECTION ( 'NONE',  ( 1.000000000000000000, 3.925976682163069868E-16, 0.000000000000000000 ) ) ;
#7143 = ORIENTED_EDGE ( 'NONE', *, *, #3597, .F. ) ;
#7144 = FACE_OUTER_BOUND ( 'NONE', #4164, .T. ) ;
#7145 = EDGE_LOOP ( 'NONE', ( #834, #4688, #1710, #5576 ) ) ;
#7146 = EDGE_CURVE ( 'NONE', #615, #390, #700, .T. ) ;
#7147 = CIRCLE ( 'NONE', #2152, 0.2921194534934675735 ) ;
#7148 = DIRECTION ( 'NONE',  ( 1.000000000000000000, -3.925976682163069868E-16, -0.000000000000000000 ) ) ;
#7149 = DIRECTION ( 'NONE',  ( -1.000000000000000000, 0.000000000000000000, 0.000000000000000000 ) ) ;
#7150 = ORIENTED_EDGE ( 'NONE', *, *, #4746, .F. ) ;
#7151 = EDGE_CURVE ( 'NONE', #532, #1872, #3205, .T. ) ;
#7152 = DIRECTION ( 'NONE',  ( -0.000000000000000000, -0.000000000000000000, -1.000000000000000000 ) ) ;
#7153 = DIRECTION ( 'NONE',  ( 0.1736481776669312749, 0.9848077530122079093, 0.000000000000000000 ) ) ;
#7154 = EDGE_CURVE ( 'NONE', #5839, #221, #2102, .T. ) ;
#7155 = ORIENTED_EDGE ( 'NONE', *, *, #6492, .T. ) ;
#7156 = DIRECTION ( 'NONE',  ( 1.000000000000000000, 0.000000000000000000, 0.000000000000000000 ) ) ;
#7157 = CARTESIAN_POINT ( 'NONE',  ( 0.000000000000000000, 1.100000000000000089, -1.979160994505041016 ) ) ;
#7158 = DIRECTION ( 'NONE',  ( -0.000000000000000000, -0.000000000000000000, -1.000000000000000000 ) ) ;
#7159 = CARTESIAN_POINT ( 'NONE',  ( -2.201813623794039998, 0.1927602130810681935, -0.8250000000000001776 ) ) ;
#7160 = LINE ( 'NONE', #6994, #3059 ) ;
#7161 = ADVANCED_FACE ( 'NONE', ( #5859 ), #5972, .F. ) ;
#7162 = AXIS2_PLACEMENT_3D ( 'NONE', #4791, #884, #412 ) ;
#7163 = VERTEX_POINT ( 'NONE', #968 ) ;
#7164 =( GEOMETRIC_REPRESENTATION_CONTEXT ( 3 ) GLOBAL_UNCERTAINTY_ASSIGNED_CONTEXT ( ( #6963 ) ) GLOBAL_UNIT_ASSIGNED_CONTEXT ( ( #4616, #2967, #5241 ) ) REPRESENTATION_CONTEXT ( 'NONE', 'WORKASPACE' ) );
#7165 = DIRECTION ( 'NONE',  ( 1.000000000000000000, 0.000000000000000000, 0.000000000000000000 ) ) ;
#7166 = DIRECTION ( 'NONE',  ( -1.000000000000000000, 3.925976682163069868E-16, 0.000000000000000000 ) ) ;
#7167 = DIRECTION ( 'NONE',  ( -0.000000000000000000, -0.000000000000000000, -1.000000000000000000 ) ) ;
#7168 = ORIENTED_EDGE ( 'NONE', *, *, #3344, .T. ) ;
#7169 = DIRECTION ( 'NONE',  ( -0.000000000000000000, -0.000000000000000000, -1.000000000000000000 ) ) ;
#7170 = DIRECTION ( 'NONE',  ( -0.000000000000000000, 1.000000000000000000, -0.000000000000000000 ) ) ;
#7171 = ORIENTED_EDGE ( 'NONE', *, *, #2981, .T. ) ;
#7172 = VECTOR ( 'NONE', #5225, 1000.000000000000000 ) ;
#7173 = VECTOR ( 'NONE', #5036, 1000.000000000000000 ) ;
#7174 = FACE_OUTER_BOUND ( 'NONE', #6542, .T. ) ;
#7175 = VECTOR ( 'NONE', #1876, 1000.000000000000000 ) ;
#7176 = ORIENTED_EDGE ( 'NONE', *, *, #2981, .F. ) ;
#7177 = CARTESIAN_POINT ( 'NONE',  ( -1.776161133969892392, 0.4240805465065236035, 0.4749999999999997558 ) ) ;
#7178 = ORIENTED_EDGE ( 'NONE', *, *, #3828, .T. ) ;
#7179 = VERTEX_POINT ( 'NONE', #889 ) ;
#7180 = FACE_OUTER_BOUND ( 'NONE', #4211, .T. ) ;
#7181 = AXIS2_PLACEMENT_3D ( 'NONE', #6116, #2780, #6673 ) ;
#7182 = ORIENTED_EDGE ( 'NONE', *, *, #3871, .T. ) ;
#7183 = ORIENTED_EDGE ( 'NONE', *, *, #1473, .F. ) ;
#7184 = CARTESIAN_POINT ( 'NONE',  ( -1.920000000000000373, 0.2540000000000000036, -0.1750000000000002387 ) ) ;
ENDSEC;
END-ISO-10303-21;
